ad_id,creative_id,ad_name,adgroup_name,adgroup_id,campaign_id,campaign_name,spend_14d,creator,tiktok_link,tiktok_item_id,refreshed_date
1865913631586402,0,"Just a backyard, burgers, and the people you love🤍🍔✨ Nothing fancy…just good food on the grill, kids wanting to hang out with us, music playing in the background, and slowing down together out on the lanai.  These are the kinds of nights I know we’ll remember forever. We’ve completely transformed our outdoor space with pieces from Wayfair and it’s officially become the heart of our summer hosting season 🇺🇸☀️ #WayfairPartner #Wayfair #BackyardVibes #OutdoorFurniture #FloridaLiving",GTM_AmericanSummer_vsa,1851726852802577,1845522176114754,Evergreen VSA Broad Web,10715.28,,,,2026-08-10
1867461870522449,0,"Comment GRILL and I’ll send you the direct link 🍔🔥 Summer evenings at home just hit different ☀️ We’ve been spending so much more time out here lately, and this Wayfair grill has officially become the centerpiece of our backyard setup. Between the adjustable heat control, oversized cooking space, and prep area, it makes outdoor hosting feel effortless! And paired with our Wayfair sectional and outdoor setup? This little porch area has become everyone’s favorite place to gather this summer 🤍 #WayfairElevate",GTM_AmericanSummer_vsa,1851726852802577,1845522176114754,Evergreen VSA Broad Web,2104.22,,,,2026-08-10
1865911708600465,0,Setting up for the best summer yet! Of course @Wayfair has everything we need and then some #wayfairfinds #wayfairsummer #americansummer #wayfairpartner,GTM_AmericanSummer_vsa,1851726852802577,1845522176114754,Evergreen VSA Broad Web,496.99,,,,2026-08-10
1865911703718993,0,Early kick off to summer ☀️ #summer #cookout #grilling #grillingseason #wayfair @Wayfair,GTM_AmericanSummer_vsa,1851726852802577,1845522176114754,Evergreen VSA Broad Web,285.23,,,,2026-08-10
1865911698702450,0,"There’s something about summer that doesn’t need to be perfect. It’s the last-minute plans the table that comes together anyway drinks in hand, music in the background just being outside a little longer than you planned Wayfair has quietly become part of these moments for me #wayfair #summerathome #backyardvibes #americanasummer",GTM_AmericanSummer_vsa,1851726852802577,1845522176114754,Evergreen VSA Broad Web,193.33,,,,2026-08-10
1865911698692258,0,#ad Create a patio space you won’t want a vacation from with @Wayfair! Shop everything on my LTK! #wishyouwerehere #wayfair #wayfairpartner #outdoor,GTM_AmericanSummer_vsa,1851726852802577,1845522176114754,Evergreen VSA Broad Web,189.56,,,,2026-08-10
1867710990250513,0,"#ad I’m East Coast dreaming this summer! My classic white folding Adirondack chairs from @Wayfair are a staple in my garden, backyard and front garden! They look great in front of my pink hydrangea wall! I adorned them white blue striped and solid colored pillows. I love switching up the pillows every season and adding throw blankets as the weather gets chillier! #wayfairpartner #wayfair #wayfairpicks #fathersday    Comment SHOP below to receive a DM with the link to this post on my LTK ⬇ https://liketk.it",GTM_AmericanSummer_vsa,1851726852802577,1845522176114754,Evergreen VSA Broad Web,135.8,,,,2026-08-10
1867461870519361,357768,#ad Americana Edit ❤️🤍💙 Grab everything in my LTK so you can spend less time searching and more time summering 😉 https://liketk.it/6cyqt @Wayfair  #wishyouwerehere #outdoor #wayfair #wayfairpartner _ltk_rachel_snyder_americansummer_vsa,GTM_AmericanSummer_vsa,1851726852802577,1845522176114754,Evergreen VSA Broad Web,27.12,,,,2026-08-10
1866548929015842,0,"#ad Gift ideas for every type of dad... (that the whole family benefits from too😉) #wayfairpartner  From the dad who loves hosting outside, to the road trip dad, coffee-loving dad, music-loving dad and everything in between @Wayfair has something for every kind of dad! #Wayfair #Itkit liketkit @LTK  Click the link in my bio to shop or Shop here : https://liketk.it/6ecJE_ltk_apieceofmyglamhome_fathersday_",GTM_FathersDay,1851727769933970,1845522176114754,Evergreen VSA Broad Web,3555.51,,,,2026-08-10
1867180661781777,4072901,Comment DAD and I’ll send you the links 👏  These may not be the FIRST outdoor upgrades people think about… but they’ve easily become two of the most-used pieces in our backyard setup this summer 🔥 #WayfairElevate #WayfairCreator #ad #FathersDay #thetidytrendy @Wayfair _wcp_elevate_thetidytrendy_fathersday_vsa,GTM_FathersDay,1851727769933970,1845522176114754,Evergreen VSA Broad Web,843.28,val.abama,https://www.tiktok.com/@val.abama/video/7645062048925142285?lang=en,7645062048925142285,2026-08-10
1866910210020738,4072901,Father’s Day is coming up and I love these shelves for the handyman dad! Perfect for different types of tools and garage accessories 🧰🔧✨ #fathersdaygift #garageorganization #tools #fathersday #wayfairfinds @Wayfair _pcp_valabama_fathersday_vsa,GTM_FathersDay,1851727769933970,1845522176114754,Evergreen VSA Broad Web,207.01,val.abama,https://www.tiktok.com/@val.abama/video/7645062048925142285?lang=en,7645062048925142285,2026-08-10
1870794052069585,0,#WayfairPartner The best way to shop for your dorm!!!! @Wayfair #dormshopping #backtoschool #collegeprep #shopping_clp_grwmhudson_bts_vsa,GTM_Parents_BTS_VSA,1851727732826433,1845522176114754,Evergreen VSA Broad Web,1233.42,,,,2026-08-10
1870794052055265,5325801,#WayfairPartner Creating a space that feels more like me with @Wayfair _clp_tulio_sasaya_bts_vsa,GTM_Parents_BTS_VSA,1851727732826433,1845522176114754,Evergreen VSA Broad Web,794.14,tulio_sasaya,https://www.tiktok.com/@tulio_sasaya/video/7659817001283570957,7659817001283570957,2026-08-10
1872894420908386,2057701,"#WayfairPartner No one prepares you for the specific things you need once you live alone, but @Wayfair has been helping me make this place actually feel functional._CLP__giannalove_bts_vsa_LF",GTM_Parents_BTS_VSA_CLP_LF,1871338595218818,1871338571302274,Evergreen VSA Broad Web LF,220.0,_giannalove,https://www.tiktok.com/@_giannalove/video/7662870053968186655?lang=en,7662870053968186655,2026-08-10
1871341361317058,7361600,#WayfairPartner The best way to shop for your dorm!!!! @Wayfair #dormshopping #backtoschool #collegeprep #shopping_clp_grwmhudson_bts_vsa_FF,GTM_Parents_BTS_VSA_FF,1871339706138978,1871339683323985,Evergreen VSA Broad Web FF,2004.16,grwmhudson,https://www.tiktok.com/@grwmhudson/video/7659882203941244173?lang=en,7659882203941244173,2026-08-10
1871342761737441,5325801,#WayfairPartner Creating a space that feels more like me with @Wayfair _clp_tulio_sasaya_bts_vsa_FF,GTM_Parents_BTS_VSA_FF,1871339706138978,1871339683323985,Evergreen VSA Broad Web FF,965.93,tulio_sasaya,https://www.tiktok.com/@tulio_sasaya/video/7659817001283570957,7659817001283570957,2026-08-10
1871338655525905,7361600,#WayfairPartner The best way to shop for your dorm!!!! @Wayfair #dormshopping #backtoschool #collegeprep #shopping_clp_grwmhudson_bts_vsa_LF,GTM_Parents_BTS_VSA_LF,1871338595218818,1871338571302274,Evergreen VSA Broad Web LF,3550.84,grwmhudson,https://www.tiktok.com/@grwmhudson/video/7659882203941244173?lang=en,7659882203941244173,2026-08-10
1871342171231426,5325801,#WayfairPartner Creating a space that feels more like me with @Wayfair _clp_tulio_sasaya_bts_vsa_LF,GTM_Parents_BTS_VSA_LF,1871338595218818,1871338571302274,Evergreen VSA Broad Web LF,2348.96,tulio_sasaya,https://www.tiktok.com/@tulio_sasaya/video/7659817001283570957,7659817001283570957,2026-08-10
1861113534882001,,was in desperate need of better shoe storage for the entryway and this one fits so many pairs! Obsessed! #springcleaning #shoes #organization #decorating @Wayfair,GTM_SpringCleaning_Broad,1851726852802593,1845522176114754,Evergreen VSA Broad Web,4591.93,,,,2026-08-10
1862481008015505,3940401,"It’ll get messy like all spaces do, but at least I can close it and not look at it  @Wayfair  #artsandcrafts #organization #momsoftiktok #sahm",GTM_SpringCleaning_Broad,1851726852802593,1845522176114754,Evergreen VSA Broad Web,1919.44,jillaaybean,https://www.tiktok.com/@jillaaybean/video/7615433894774639885?lang=en,7615433894774639885,2026-08-10
1862657239703665,7852201,I searched a long time for a garbage can that I didn’t mind being out in the open! It just works best that way for our family. This one truly did not disappoint! I’ve had it for a few months now and love it! @Wayfair  Side note: It matches the Beautiful By Drew appliances perfectly! 🤩 Click the link in my bio and tap on LTK to shop!  #aesthetickitchen #wayfairfinds #garbagecan,GTM_SpringCleaning_Broad,1851726852802593,1845522176114754,Evergreen VSA Broad Web,1795.24,ourhoustonsmithhome,https://www.tiktok.com/@ourhoustonsmithhome/video/7616759076654976269?lang=en,7616759076654976269,2026-08-10
1862481004855458,2434801,I’m SO embarrassed to show you guys how bad our recycling bin situation was before. I found the best upgrade on Wayfair! #wayfairfinds #diyproject,GTM_SpringCleaning_Broad,1851726852802593,1845522176114754,Evergreen VSA Broad Web,1683.77,marinamomof2,https://www.tiktok.com/@marinamomof2/video/7615983298514341134?lang=en,7615983298514341134,2026-08-10
1860480231616546,,"✨Functional + aesthetic = Wayfair pantry goals 🫙 Thanks to @Wayfair I was able to refresh my pantry with these durable glass jars.  It’s Spring time, out with the old & in with the new ✨☺️💕 #wayfair #wayfaircreator #WayfairElevate #ad #homedecor",GTM_SpringCleaning_Broad,1851726852802593,1845522176114754,Evergreen VSA Broad Web,704.59,,,,2026-08-10
1862657239710961,7355801,"This spring, small minimal changes mean the most! Buying a shoe storage means I’m solving the problem of not having enough space while making sure everything still looks clean. Wayfair has so many options to make those small changes that make a huge difference this spring!  #wayfair #spring #shoestorage",GTM_SpringCleaning_Broad,1851726852802593,1845522176114754,Evergreen VSA Broad Web,561.35,teci.xo,https://www.tiktok.com/@teci.xo/video/7621151218794106125,7621151218794106125,2026-08-10
1861113055702193,,Spring cleaning starts with a CLEAN ENTRYWAY✨✔️ @Wayfair  #springcleaning #shoestorage #entryway #wayfair #wayfairfinds,GTM_SpringCleaning_Broad,1851726852802593,1845522176114754,Evergreen VSA Broad Web,342.17,,,,2026-08-10
1864450409701474,9535001,It’s Tulip Season 🌷🌷🌷🌷 #springtefresh #springdecor #wayfair #wayfairfinds #wayfairfurniture  @Wayfair,GTM_SpringCleaning_Broad,1851726852802593,1845522176114754,Evergreen VSA Broad Web,261.76,3m.i.ly,https://www.tiktok.com/@3m.i.ly_c/video/7615107748430155039,7615107748430155039,2026-08-10
1862657270143041,1177301,Perfect small space clothing rack for your wardrobe essentials 👗👚👖👠; 🔗d in my bio under “Wayfair Faves” @Wayfair #WayfairElevate #WayfairCreator #ad #Wayfair #lachiccouture,GTM_SpringCleaning_Broad,1851726852802593,1845522176114754,Evergreen VSA Broad Web,238.73,chilldesignsbyjess,https://www.tiktok.com/@chilldesignsbyjess/video/7606333092768304415,7606333092768304415,2026-08-10
1860480231620818,,"I’m absolutely loving my new bamboo shoe bench. It complements the colors of my home. It’s incredibly sturdy and spacious, providing more than enough storage. Also it’s incredibly easy to build. Click link in bio to shop this shoe bench ! @Wayfair #wayfair #wayfaircreator #homedecor #shoeorganizer #apartmenttour",GTM_SpringCleaning_Broad,1851726852802593,1845522176114754,Evergreen VSA Broad Web,141.81,,,,2026-08-10
1862481004511282,9669901,got some fun new skincare in so was time to move things around 🙆🏽‍♀️ favorite shelf from @Wayfair btw  @Sofie Pavitt Face  @Summer Fridays  @laneige_us  @Dossier Perfume  @Kiehl's Since 1851  @Good Molecules,GTM_SpringCleaning_Broad,1851726852802593,1845522176114754,Evergreen VSA Broad Web,98.93,juna_not_juno,https://www.tiktok.com/@juna_not_juno/video/7614605169065577758?lang=en,7614605169065577758,2026-08-10
1859288875718673,,Replying to @Dotty   #homefinds #wayfair @Wayfair #homedecor,Spark_Art_Broad,1845522960254209,1845522176114754,Evergreen VSA Broad Web,6898.85,,,,2026-08-10
1857671687208977,,For our little Louis 🥹 I found our dream wallpaper for a price we could manage at @Wayfair and I haven’t stopped crying since!!! So excited to take you all with us as we decorate Louis’s nursery! 🩵🥹 #nursery #wallpaper #babyboy #firsttimemom,Spark_Art_Broad,1845522960254209,1845522176114754,Evergreen VSA Broad Web,5639.59,,,,2026-08-10
1854213361391617,,"The piece that was missing! I was on the hunt for something like this for a while and as soon as I saw it, it was an immediate add to cart moment! Cold walls < Winter warmth 🥰 #w#wayfaircreatorw#wayfairpartnerw#wayfairelevatew#wayfairb#bedroominspo",Spark_Art_Broad,1845522960254209,1845522176114754,Evergreen VSA Broad Web,3678.5,,,,2026-08-10
1854940279997554,,Still obsessed with this space! This wallpaper is one of my favs! 🍑🍐  Wallpaper is from @wayfair  . . . #diyhomeprojects #wayfaircreator #wayfairfinds #diyhomeimprovement #homeupdates,Spark_Art_Broad,1845522960254209,1845522176114754,Evergreen VSA Broad Web,3670.25,,,,2026-08-10
1849148003709953,6453101,"Love my new photo frames from Wayfair! They're gorgeous, budget-friendly, and come in multiple sizes and designs - available as a set of 6. You can find the link on my LTK - link under my bio.  @Wayfair #wayfair #wayfairfinds #wayfairhome",Spark_Art_Broad,1845522960254209,1845522176114754,Evergreen VSA Broad Web,3588.39,veerusso,https://www.tiktok.com/@veerusso/video/7636836265928822023?lang=en,7636836265928822023,2026-08-10
1864634682215714,4440801,Latest addition to the Living Room and I am in love🤍 🔗 in LTK  @Wayfair  #wallart #livingroom #apartmentdecor #interordesign #homedecor,Spark_Art_Broad,1845522960254209,1845522176114754,Evergreen VSA Broad Web,3048.9,nnekaezeanya,https://www.tiktok.com/@nnekaezeanya/video/7636822993385032981?lang=en,7636822993385032981,2026-08-10
1867711654156306,2394901,This @Wayfair wallpaper for the win! ✨ So much easier to install than I thought! 👏🏼 It’s Toile Roll by Birch Lane  in brown! 🤎 and it’s linked on my LTK! I love how it came together and now ready for my next home project!  #wayfairhome  #wayfair #wallpapers #diyprojects  _search_birchlane_toile_nonpasted_wallpaper_broad,Spark_Art_Broad,1845522960254209,1845522176114754,Evergreen VSA Broad Web,2161.06,lifestyledbybecca,https://www.tiktok.com/@lifestyledbybecca/video/7638769931399548190,7638769931399548190,2026-08-10
1854134856808497,,"Wallpaper and sink: @Wayfair  #WayfairElevate, #WayfairCreator, #ad, #Wayfair #bathroomremodel",Spark_Art_Broad,1845522960254209,1845522176114754,Evergreen VSA Broad Web,2010.83,,,,2026-08-10
1854941249760290,,One of my favs from @Wayfair! Love how this project turned out!  #wayfair #wayfairfinds #wayfaircreator #wayfairpartner,Spark_Art_Broad,1845522960254209,1845522176114754,Evergreen VSA Broad Web,1198.58,,,,2026-08-10
1864633042494529,6453101,Let’s install our new gallery wall in our living room! The frames are linked in my Shop My! 🫶🏻 What do you think!? Also if you know anywhere for the chair let me know!!  @Wayfair #interiordesign #interiordecor #homedecor #gallerywall #vlog,Spark_Art_Broad,1845522960254209,1845522176114754,Evergreen VSA Broad Web,1126.1,veerusso,https://www.tiktok.com/@veerusso/video/7636836265928822023?lang=en,7636836265928822023,2026-08-10
1854213062388161,,me 🤝🏻 fun wallpaper & moody bedrooms PS taking any and all throw pillow cover suggestions for the bed 🫶🏻🫶🏻🫶🏻 @Wayfair #wayfairfinds,Spark_Art_Broad,1845522960254209,1845522176114754,Evergreen VSA Broad Web,971.7,,,,2026-08-10
1867642095178753,0,This piece of Wayfair art made my room! Affiliate link in my bio. @Wayfair  #wayfair #wayfaircreator #jlkhome #modernhome #neutralhome _wcp_amberlewis_loloi_sutter_wall_art_broad,Spark_Art_Broad,1845522960254209,1845522176114754,Evergreen VSA Broad Web,514.43,,,,2026-08-10
1859835061322162,6453101,"These Wayfair photo frames were top sellers since I shared them and almost sold out. A few sizes are still out of stock, but most are available now and they’re currently on sale. They come in a budget-friendly set of six with multiple sizes. I have mine in gold, size 8”×10”. Everything is linked on my LTK - link under my bio.  @Wayfair #wayfair #wayfairfinds #neutralhome #budgetfriendlyfinds",Spark_Art_Broad,1845522960254209,1845522176114754,Evergreen VSA Broad Web,462.18,veerusso,https://www.tiktok.com/@veerusso/video/7636836265928822023?lang=en,7636836265928822023,2026-08-10
1857671682654353,2394901,i am BEYOND obsessed with this piece from @Wayfair for UNDER $85!!! it is so perfect and really elevates the room #western #roomdecor #coastalcowgirl #wallart #wayfair,Spark_Art_Broad,1845522960254209,1845522176114754,Evergreen VSA Broad Web,142.21,lifestyledbybecca,https://www.tiktok.com/@lifestyledbybecca/video/7638769931399548190,7638769931399548190,2026-08-10
1845524347095153,,Click link in bio to shop Wayfair Bathroom Cabinet! #wayfair #wayfaircreator @Wayfair #homedecor #bathroomorganization #apartmentdecor,Spark_Bathroom_Broad,1845522878358657,1845522176114754,Evergreen VSA Broad Web,15035.18,,,,2026-08-10
1858033422395442,,Spa bathroom 🙌 everything in this video is linked in bio from @Wayfair  #spabathroom #bathroom #Home #bathroomremodel #wayfair,Spark_Bathroom_Broad,1845522878358657,1845522176114754,Evergreen VSA Broad Web,14655.32,,,,2026-08-10
1856217761162289,,my new favorite @wayfair find 🤎  started 2026 by decluttering - organized all my skincare in this distressed wooden wall-mounted cabinet 🫶🏼  🤎 what do you guys think?!  DIRECT LINK: https://liketk.it/5Mnjp Linked lots of other home organization and decluttering finds.  #wayfair   #wayfairfinds #homedecor #organization #skintok,Spark_Bathroom_Broad,1845522878358657,1845522176114754,Evergreen VSA Broad Web,12038.99,,,,2026-08-10
1868256347371842,0,"Love my bathroom so much, especially this lacy shower curtain @Wayfair #pinterestaesthetic #latinacontentcreator #bathroomdecor #wayfair #wayfaircreator _wcp_mariannaelisaaa_girlbathroom_broad",Spark_Bathroom_Broad,1845522878358657,1845522176114754,Evergreen VSA Broad Web,8144.69,,,,2026-08-10
1860745135917298,,Love mornings 🤍,Spark_Bathroom_Broad,1845522878358657,1845522176114754,Evergreen VSA Broad Web,6098.26,,,,2026-08-10
1866362386068738,6687301,needed this more than i thought 😍🥹 #wayfaircreator #bathroomstorage #storagecabinet #wayfairelevate #wayfair @Wayfair,Spark_Bathroom_Broad,1845522878358657,1845522176114754,Evergreen VSA Broad Web,4120.46,tannesias,https://www.tiktok.com/@tannesias/video/7623227415803858206,7623227415803858206,2026-08-10
1868267734248497,0,"I still walk by and stop to admire the transformation. Small changes = big difference! Vanity is from Wayfair, link is in bio!  #Wayfair #WayfairCreator #HotSummerSale @Wayfair _wcp_julianariordan_bathrefresh_broad",Spark_Bathroom_Broad,1845522878358657,1845522176114754,Evergreen VSA Broad Web,2566.64,,,,2026-08-10
1859576234817569,,literally so in love every time i showeeerrrrrr eek!  shop tiles linked in my bio from @Wayfair #wayfaircreator #ad #wayfair #wayfairelevate #showertok,Spark_Bathroom_Broad,1845522878358657,1845522176114754,Evergreen VSA Broad Web,0.02,,,,2026-08-10
1857301426327794,8177001,So impressed with this bed from Wayfair! Linked in my bio on my LTK 🤍 #homedecor #homeinspo #affordablefurniture #bedroom #anaupholsteredwingback @Wayfair,Spark_Bed_Broad,1845522569316737,1845522176114754,Evergreen VSA Broad Web,20255.64,poppys_home,https://www.tiktok.com/@poppys_home/video/7605362084355886350?lang=en,7605362084355886350,2026-08-10
1860745725081650,9638401,"This upholstered wingback bed from @Wayfair is such a beautiful neutral piece 🤍 The linen texture gives it that elevated European look I love, and it instantly makes the whole bedroom feel more high-end. Sharing it because it’s currently on clearance! Linked on my LTK. #Wayfair #WayfairCreator #WayfairFinds #BedroomInspo #NeutralHome",Spark_Bed_Broad,1845522569316737,1845522176114754,Evergreen VSA Broad Web,16523.65,parkerstyle_,https://www.tiktok.com/@parkerstyle_/video/7617194622258859295?lang=en,7617194622258859295,2026-08-10
1863748363142370,5229001,& the queen is only $300! One of my favorite wayfair finds! 🫶🏻 #homedecor #homeinspo #bedroom #furniture #affordabledecor,Spark_Bed_Broad,1845522569316737,1845522176114754,Evergreen VSA Broad Web,12094.75,thekarlatravels,https://www.tiktok.com/@thekarlatravels/video/7574524143408844045?lang=en,7574524143408844045,2026-08-10
1857301029147937,2252001,Replying to @SOUTHERNBOUJIEECHIC Find the 🔗 to this bed at the 🔝 or use this: https://creatorlink.shop/4qj83Hj @Wayfair  #wayfair #wayfairfurniture #bedding #beds,Spark_Bed_Broad,1845522569316737,1845522176114754,Evergreen VSA Broad Web,11889.12,sadethestrategist,https://www.tiktok.com/@sadethestrategist/video/7605980812692983070,7605980812692983070,2026-08-10
1854214793094786,3447501,So glad I got this bed 🤍 @Wayfair  #fyp #explore #trending #content,Spark_Bed_Broad,1845522569316737,1845522176114754,Evergreen VSA Broad Web,10476.26,jazz.k9,https://www.tiktok.com/@jazz.k9/video/7592644541472083213,7592644541472083213,2026-08-10
1848538156800001,5100101,"Simple. Soft. Perfect 🔥😍 @Wayfair ,Your dream girl bed! 🎀. Click the 🔗 in my bio to purchase! 🤭  #fireplacebed #bedroomideas #bedroomdecor #decor #blackgirlluxury #headboard #bedroomfurniture #homefurniture #homedecor #luxuryhome #luxuryliving #asthetic #wayfair #wayfaircreator #bedroominspo",Spark_Bed_Broad,1845522569316737,1845522176114754,Evergreen VSA Broad Web,10156.74,allison.bounds,https://www.tiktok.com/@allison.bounds/video/7516565926473370923?lang=en,7516565926473370923,2026-08-10
1845524273187890,7621701,Still my favorite Wayfair purchase and top seller month after month!  Links are in my LTK!! #upholsteredbed #neutralbedroom #organicmodern #bedroomstyle #wayfairfinds #neutralhome,Spark_Bed_Broad,1845522569316737,1845522176114754,Evergreen VSA Broad Web,9672.01,theforagedabode,https://www.tiktok.com/@theforagedabode/video/7521912299137813774?lang=en,7521912299137813774,2026-08-10
1856761576853889,9638401,Staying true to my neutral loving self 😍 @Wayfair #neutralbedroom #neutralbedroominspo #wayfairfinds,Spark_Bed_Broad,1845522569316737,1845522176114754,Evergreen VSA Broad Web,8584.37,parkerstyle_,https://www.tiktok.com/@parkerstyle_/video/7617194622258859295?lang=en,7617194622258859295,2026-08-10
1849161685261425,5229001,Color- textured ivory canvas is back in stock and on sale! Hurry before it sells out again ✨ @Wayfair  🔗 in bio in Linktree  #wayfair #bedframe #cozybedroom #bed #dupe,Spark_Bed_Broad,1845522569316737,1845522176114754,Evergreen VSA Broad Web,8302.97,thekarlatravels,https://www.tiktok.com/@thekarlatravels/video/7574524143408844045?lang=en,7574524143408844045,2026-08-10
1849161685262401,5229001,Over a year later and I’m still obsessed with this bed frame from @Wayfair ! Link is in my bio for exact one.  Color in video is textured ivory canvas  #creatorsearchinsights #labordaysale #wayfair #bedframe #bedroominspo,Spark_Bed_Broad,1845522569316737,1845522176114754,Evergreen VSA Broad Web,7242.58,thekarlatravels,https://www.tiktok.com/@thekarlatravels/video/7574524143408844045?lang=en,7574524143408844045,2026-08-10
1854945212089489,,"@Wayfair for the win on furnture picks, now what should we do with that wall? 🤔 #dreamhouse #furnituredesign #furniturefinds #wayfairfurniture #wayfair #interiordesign #realestate",Spark_Bed_Broad,1845522569316737,1845522176114754,Evergreen VSA Broad Web,6813.14,,,,2026-08-10
1848538153991169,5121301,This bed and cozy vibe ✨🛏️ the perfect comfy corner tbh 🤍 @Wayfair  #Wayfair #HomeDecor #BedroomInspo #CozyVibes #fyp,Spark_Bed_Broad,1845522569316737,1845522176114754,Evergreen VSA Broad Web,6401.37,eliziaamore,https://www.tiktok.com/@eliziaamore/video/7564518583988931853,7564518583988931853,2026-08-10
1856762681618513,,Decided to switch out our bed last year and it made such a huge difference 😍✨ love this upholstered bed from @Wayfair #wayfairfinds #wayfair #bedroom #masterbedroomdecor #fyp,Spark_Bed_Broad,1845522569316737,1845522176114754,Evergreen VSA Broad Web,3987.84,,,,2026-08-10
1849161685261409,5229001,High end looking bed frame at an affordable price from @Wayfair  Comes in king and queen sizes- Color in video is textured ivory canvas  🔗IN BIO IN LINKTREE #wayfair #bedframe #bedroominspo #cozyhome #cozybedroom,Spark_Bed_Broad,1845522569316737,1845522176114754,Evergreen VSA Broad Web,3932.71,thekarlatravels,https://www.tiktok.com/@thekarlatravels/video/7574524143408844045?lang=en,7574524143408844045,2026-08-10
1856214892978386,,the bedframe of our dreams from @Wayfair 🤎  #wayfairfinds #wayfairfurniture #chocolatebedframe #brownbedframe #interiordecor,Spark_Bed_Broad,1845522569316737,1845522176114754,Evergreen VSA Broad Web,3931.59,,,,2026-08-10
1859836706580545,0,storage beds >>> #storage #storagehacks #storagebed #nycapartment #smallspacesolutions,Spark_Bed_Broad,1845522569316737,1845522176114754,Evergreen VSA Broad Web,3835.09,,,,2026-08-10
1868272282307714,0,"When you need extra storage space in your bedroom, this Wayfair bed frame makes it work ✨ Clean design, minimal look, and smart use of under-bed space for everyday essentials. A simple upgrade that keeps the room feeling open and organized. Comment “bed” and I’ll send you the link.  #WayfairElevate #WayfairCreator #ad @Wayfair _wcp_itsjoycecreates_loftbed_broad",Spark_Bed_Broad,1845522569316737,1845522176114754,Evergreen VSA Broad Web,2800.64,,,,2026-08-10
1852346772296769,6656501,#ad This beautiful upholstered Bed and Floating Shelf from @Wayfair completely transformed my room 😍🤩🛏️ #wayfair #wayfairfinds #wayfairbed #wayfairelevate #wayfaircreator #wayfairfurniture #upholsteredbed,Spark_Bed_Broad,1845522569316737,1845522176114754,Evergreen VSA Broad Web,1825.85,melinatesi,https://www.tiktok.com/@melinatesi/video/7583119602113088782?lang=en,7583119602113088782,2026-08-10
1868272504437986,0,Love this wingback bed frame from @Wayfair 🤍 So impressed by the price and quality! The queen is under $320!! #HotSummerSale #Wayfair #wayfaircreator #bedroomdecor #bedroomideas _wcp_poppys_home_bedunder5000_broad,Spark_Bed_Broad,1845522569316737,1845522176114754,Evergreen VSA Broad Web,1709.47,,,,2026-08-10
1860746503740578,1207601,linked in bio ☁️  my dream boucle bed from @Wayfair | #wayfairelevate #ad #wayfaircreator #wayfair #cozybedroom,Spark_Bed_Broad,1845522569316737,1845522176114754,Evergreen VSA Broad Web,1444.44,storyofzena,https://www.tiktok.com/@storyofzena/video/7610519859587239181,7610519859587239181,2026-08-10
1845524253209618,0,"I thought I just needed a cute bed.  Turns out I needed some secret storage.  Now I can hide my chaos like a pro.  This storage bed is so stylish on the outside and secretly genius on the inside.  I have been able to store so much inside and now I can keep a lot of my closets clutter free from things I still need to keep, but don't use often.  Tag someone who needs this bed!  @Wayfair  #organizedhome #storagebed #homedecor #adulting",Spark_Bed_Broad,1845522569316737,1845522176114754,Evergreen VSA Broad Web,744.98,,,,2026-08-10
1856209748504834,,"Office by day, guest bedroom by night✨ @Wayfair #WayfairCreator #Wayfair",Spark_Bed_Broad,1845522569316737,1845522176114754,Evergreen VSA Broad Web,683.0,,,,2026-08-10
1857302528610385,,The most comfortable mattress I’ve ever had from @Wayfair  #wayfair #wayfaircreator #mattress #homefinds #ugc,Spark_Bed_Broad,1845522569316737,1845522176114754,Evergreen VSA Broad Web,632.98,,,,2026-08-10
1854852547244082,,I absolutely loveeee this bed frame from @Wayfair. I can’t wait to show you how we finish decorating the bedroom and the rest of our place 🤍 #Wayfair #WayfairCreator #wayfairfinds,Spark_Bed_Broad,1845522569316737,1845522176114754,Evergreen VSA Broad Web,539.92,,,,2026-08-10
1863748363142386,,This bed frame is so good you guys 😍 https://liketk.it/5Typt @Wayfair #wayfair #bedroom #bedroominspo,Spark_Bed_Broad,1845522569316737,1845522176114754,Evergreen VSA Broad Web,462.27,,,,2026-08-10
1860746251583762,,This @Wayfair “Elison Platform Bed with Fabric Upholstered Headboard and Wooden Slats” Is super modern and beautiful! 🤍 ways to shop this video 🛍️ ▫️copy this link in browser - https://creatorlink.shop/3Ps7HRX ▫️head to comments for link or comment “LINK” to receive link via DM  🤍 #wayfaircreator #wayfair #fyp #bed #ad,Spark_Bed_Broad,1845522569316737,1845522176114754,Evergreen VSA Broad Web,450.98,,,,2026-08-10
1863749882558497,3354201,Absolutely obsessed with this headboards from Wayfair! Finally started on our Master Bedroom and I’m so excited to share with you everything we find for it!!  Shop the link in my bio! #WayfairCreator #Wayfair @Wayfair,Spark_Bed_Broad,1845522569316737,1845522176114754,Evergreen VSA Broad Web,401.53,haily.logan,https://www.tiktok.com/@hailey.logan.thomas/video/7629448199933103373?lang=en,7629448199933103373,2026-08-10
1851790672085106,,California King LED Storage Bed Frame✨ So relaxing to control the vibes with more than 5 different colors and 4 huge drawers for storage and two charging ports. storefront link in bio @Wayfair #Wayfair #Wayfaircreator,Spark_Bed_Broad,1845522569316737,1845522176114754,Evergreen VSA Broad Web,14.24,,,,2026-08-10
1871341365154065,5100101,"Simple. Soft. Perfect 🔥😍 @Wayfair ,Your dream girl bed! 🎀. Click the 🔗 in my bio to purchase! 🤭  #fireplacebed #bedroomideas #bedroomdecor #decor #blackgirlluxury #headboard #bedroomfurniture #homefurniture #homedecor #luxuryhome #luxuryliving #asthetic #wayfair #wayfaircreator #bedroominspo _search_brayden_ashray_bed_broad_FF",Spark_Bed_Broad_FF,1871339709357409,1871339683323985,Evergreen VSA Broad Web FF,2675.95,allison.bounds,https://www.tiktok.com/@allison.bounds/video/7516565926473370923?lang=en,7516565926473370923,2026-08-10
1871342772736018,9638401,"This upholstered wingback bed from @Wayfair is such a beautiful neutral piece 🤍 The linen texture gives it that elevated European look I love, and it instantly makes the whole bedroom feel more high-end. Sharing it because it’s currently on clearance! Linked on my LTK. #Wayfair #WayfairCreator #WayfairFinds #BedroomInspo #NeutralHome_search_joss_hanson_bed_broad_FF",Spark_Bed_Broad_FF,1871339709357409,1871339683323985,Evergreen VSA Broad Web FF,1982.85,parkerstyle_,https://www.tiktok.com/@parkerstyle_/video/7617194622258859295?lang=en,7617194622258859295,2026-08-10
1871342774648913,3447501,So glad I got this bed 🤍 @Wayfair  #fyp #explore #trending #content _search_latituderun_wauseon_storagebed_broad_FF,Spark_Bed_Broad_FF,1871339709357409,1871339683323985,Evergreen VSA Broad Web FF,1583.71,jazz.k9,https://www.tiktok.com/@jazz.k9/video/7592644541472083213,7592644541472083213,2026-08-10
1871342784336946,5229001,Over a year later and I’m still obsessed with this bed frame from @Wayfair ! Link is in my bio for exact one.  Color in video is textured ivory canvas  #creatorsearchinsights #labordaysale #wayfair #bedframe #bedroominspo _search_wadelogan_birzer_bed_broad_FF,Spark_Bed_Broad_FF,1871339709357409,1871339683323985,Evergreen VSA Broad Web FF,1525.84,thekarlatravels,https://www.tiktok.com/@thekarlatravels/video/7574524143408844045?lang=en,7574524143408844045,2026-08-10
1871342784354434,2252001,Replying to @SOUTHERNBOUJIEECHIC Find the 🔗 to this bed at the 🔝 or use this: https://creatorlink.shop/4qj83Hj @Wayfair  #wayfair #wayfairfurniture #bedding #beds _search_wroughtstudio_ishia_bed_broad_FF,Spark_Bed_Broad_FF,1871339709357409,1871339683323985,Evergreen VSA Broad Web FF,1478.8,sadethestrategist,https://www.tiktok.com/@sadethestrategist/video/7605980812692983070,7605980812692983070,2026-08-10
1871342772736002,9638401,Staying true to my neutral loving self 😍 @Wayfair #neutralbedroom #neutralbedroominspo #wayfairfinds _search_joss_hanson_bed_broad_FF,Spark_Bed_Broad_FF,1871339709357409,1871339683323985,Evergreen VSA Broad Web FF,1448.21,parkerstyle_,https://www.tiktok.com/@parkerstyle_/video/7617194622258859295?lang=en,7617194622258859295,2026-08-10
1871342784337938,5229001,& the queen is only $300! One of my favorite wayfair finds! 🫶🏻 #homedecor #homeinspo #bedroom #furniture #affordabledecor _search_wadelogan_birzer_bed_broad_FF,Spark_Bed_Broad_FF,1871339709357409,1871339683323985,Evergreen VSA Broad Web FF,1059.19,thekarlatravels,https://www.tiktok.com/@thekarlatravels/video/7574524143408844045?lang=en,7574524143408844045,2026-08-10
1871450127111201,9615601,Still have shelves and pictures to hang to finalize everything but the boys are ecstatic about their “treehouse”😍 @Wayfair for the win! #momtok #momsover30 #roomrefresh #littleboys _search_mrsmeganbranch_beds_broad_FF,Spark_Bed_Broad_FF,1871339709357409,1871339683323985,Evergreen VSA Broad Web FF,899.78,mrsmeganbranch,https://www.tiktok.com/@mrsmeganbranch/video/7659444638444522765?lang=en,7659444638444522765,2026-08-10
1871342784336930,5229001,Color- textured ivory canvas is back in stock and on sale! Hurry before it sells out again ✨ @Wayfair  🔗 in bio in Linktree  #wayfair #bedframe #cozybedroom #bed #dupe _search_wadelogan_birzer_bed_broad_FF,Spark_Bed_Broad_FF,1871339709357409,1871339683323985,Evergreen VSA Broad Web FF,807.54,thekarlatravels,https://www.tiktok.com/@thekarlatravels/video/7574524143408844045?lang=en,7574524143408844045,2026-08-10
1871342784337922,5229001,Decided to switch out our bed last year and it made such a huge difference 😍✨ love this upholstered bed from @Wayfair #wayfairfinds #wayfair #bedroom #masterbedroomdecor #fyp  _search_wadelogan_birzer_bed_broad_FF,Spark_Bed_Broad_FF,1871339709357409,1871339683323985,Evergreen VSA Broad Web FF,640.38,thekarlatravels,https://www.tiktok.com/@thekarlatravels/video/7574524143408844045?lang=en,7574524143408844045,2026-08-10
1871341377112226,6656501,#ad This beautiful upholstered Bed and Floating Shelf from @Wayfair completely transformed my room 😍🤩🛏️ #wayfair #wayfairfinds #wayfairbed #wayfairelevate #wayfaircreator #wayfairfurniture #upholsteredbed _search_willaarlo_metter_bed_broad_FF,Spark_Bed_Broad_FF,1871339709357409,1871339683323985,Evergreen VSA Broad Web FF,602.78,melinatesi,https://www.tiktok.com/@melinatesi/video/7583119602113088782?lang=en,7583119602113088782,2026-08-10
1871342784336914,5229001,High end looking bed frame at an affordable price from @Wayfair  Comes in king and queen sizes- Color in video is textured ivory canvas  🔗IN BIO IN LINKTREE #wayfair #bedframe #bedroominspo #cozyhome #cozybedroom _search_wadelogan_birzer_bed_broad_FF,Spark_Bed_Broad_FF,1871339709357409,1871339683323985,Evergreen VSA Broad Web FF,600.82,thekarlatravels,https://www.tiktok.com/@thekarlatravels/video/7574524143408844045?lang=en,7574524143408844045,2026-08-10
1871341373191313,5121301,This bed and cozy vibe ✨🛏️ the perfect comfy corner tbh 🤍 @Wayfair  #Wayfair #HomeDecor #BedroomInspo #CozyVibes #fyp _search_mercuryrow_solon_bed_broad_FF,Spark_Bed_Broad_FF,1871339709357409,1871339683323985,Evergreen VSA Broad Web FF,422.65,eliziaamore,https://www.tiktok.com/@eliziaamore/video/7564518583988931853,7564518583988931853,2026-08-10
1871342784337954,5229001,This bed frame is so good you guys 😍 https://liketk.it/5Typt @Wayfair #wayfair #bedroom #bedroominspo _search_wadelogan_birzer_bed_broad_FF,Spark_Bed_Broad_FF,1871339709357409,1871339683323985,Evergreen VSA Broad Web FF,286.91,thekarlatravels,https://www.tiktok.com/@thekarlatravels/video/7574524143408844045?lang=en,7574524143408844045,2026-08-10
1871342786932914,1207601,linked in bio ☁️  my dream boucle bed from @Wayfair | #wayfairelevate #ad #wayfaircreator #wayfair #cozybedroom _wcp_elevate_latituderun_haden_boucle_bed_broad_FF,Spark_Bed_Broad_FF,1871339709357409,1871339683323985,Evergreen VSA Broad Web FF,249.45,storyofzena,https://www.tiktok.com/@storyofzena/video/7610519859587239181,7610519859587239181,2026-08-10
1871342772579489,,"The perfect Murphy bed for guests! My spare room is super small and doubles as a home office, so I didn’t want to lose any space. I found this one on @Wayfair and I’m obsessed, functional, cozy, and exactly what the room needed 🤎#murphybed #guestbedroom #functionaldesign #wayfairfinds #homefurniture @Wayfair Canada _search_latituderun_westfield_murphy_bedchest_broad_FF",Spark_Bed_Broad_FF,1871339709357409,1871339683323985,Evergreen VSA Broad Web FF,35.64,,,,2026-08-10
1871342772579505,,"Office by day, guest bedroom by night✨ @Wayfair #WayfairCreator #Wayfair_search_latituderun_westfield_murphy_bedchest_broad_FF",Spark_Bed_Broad_FF,1871339709357409,1871339683323985,Evergreen VSA Broad Web FF,11.72,,,,2026-08-10
1871342766800962,,California King LED Storage Bed Frame✨ So relaxing to control the vibes with more than 5 different colors and 4 huge drawers for storage and two charging ports. storefront link in bio @Wayfair #Wayfair #Wayfaircreator _search_ivybronx_led_bed_broad_FF,Spark_Bed_Broad_FF,1871339709357409,1871339683323985,Evergreen VSA Broad Web FF,5.76,,,,2026-08-10
1871341594617938,5100101,"Simple. Soft. Perfect 🔥😍 @Wayfair ,Your dream girl bed! 🎀. Click the 🔗 in my bio to purchase! 🤭  #fireplacebed #bedroomideas #bedroomdecor #decor #blackgirlluxury #headboard #bedroomfurniture #homefurniture #homedecor #luxuryhome #luxuryliving #asthetic #wayfair #wayfaircreator #bedroominspo _search_brayden_ashray_bed_broad_LF",Spark_Bed_Broad_LF,1871338707353857,1871338571302274,Evergreen VSA Broad Web LF,6107.38,allison.bounds,https://www.tiktok.com/@allison.bounds/video/7516565926473370923?lang=en,7516565926473370923,2026-08-10
1871342188593169,3447501,So glad I got this bed 🤍 @Wayfair  #fyp #explore #trending #content _search_latituderun_wauseon_storagebed_broad_LF,Spark_Bed_Broad_LF,1871338707353857,1871338571302274,Evergreen VSA Broad Web LF,4571.04,jazz.k9,https://www.tiktok.com/@jazz.k9/video/7592644541472083213,7592644541472083213,2026-08-10
1871342183870626,9638401,"This upholstered wingback bed from @Wayfair is such a beautiful neutral piece 🤍 The linen texture gives it that elevated European look I love, and it instantly makes the whole bedroom feel more high-end. Sharing it because it’s currently on clearance! Linked on my LTK. #Wayfair #WayfairCreator #WayfairFinds #BedroomInspo #NeutralHome_search_joss_hanson_bed_broad_LF",Spark_Bed_Broad_LF,1871338707353857,1871338571302274,Evergreen VSA Broad Web LF,4236.21,parkerstyle_,https://www.tiktok.com/@parkerstyle_/video/7617194622258859295?lang=en,7617194622258859295,2026-08-10
1871342199202978,2252001,Replying to @SOUTHERNBOUJIEECHIC Find the 🔗 to this bed at the 🔝 or use this: https://creatorlink.shop/4qj83Hj @Wayfair  #wayfair #wayfairfurniture #bedding #beds _search_wroughtstudio_ishia_bed_broad_LF,Spark_Bed_Broad_LF,1871338707353857,1871338571302274,Evergreen VSA Broad Web LF,3206.61,sadethestrategist,https://www.tiktok.com/@sadethestrategist/video/7605980812692983070,7605980812692983070,2026-08-10
1871342183870610,9638401,Staying true to my neutral loving self 😍 @Wayfair #neutralbedroom #neutralbedroominspo #wayfairfinds _search_joss_hanson_bed_broad_LF,Spark_Bed_Broad_LF,1871338707353857,1871338571302274,Evergreen VSA Broad Web LF,2943.57,parkerstyle_,https://www.tiktok.com/@parkerstyle_/video/7617194622258859295?lang=en,7617194622258859295,2026-08-10
1871342198497729,5229001,& the queen is only $300! One of my favorite wayfair finds! 🫶🏻 #homedecor #homeinspo #bedroom #furniture #affordabledecor _search_wadelogan_birzer_bed_broad_LF,Spark_Bed_Broad_LF,1871338707353857,1871338571302274,Evergreen VSA Broad Web LF,2734.67,thekarlatravels,https://www.tiktok.com/@thekarlatravels/video/7574524143408844045?lang=en,7574524143408844045,2026-08-10
1871342198496593,5229001,Color- textured ivory canvas is back in stock and on sale! Hurry before it sells out again ✨ @Wayfair  🔗 in bio in Linktree  #wayfair #bedframe #cozybedroom #bed #dupe _search_wadelogan_birzer_bed_broad_LF,Spark_Bed_Broad_LF,1871338707353857,1871338571302274,Evergreen VSA Broad Web LF,1998.71,thekarlatravels,https://www.tiktok.com/@thekarlatravels/video/7574524143408844045?lang=en,7574524143408844045,2026-08-10
1871342198496609,5229001,Over a year later and I’m still obsessed with this bed frame from @Wayfair ! Link is in my bio for exact one.  Color in video is textured ivory canvas  #creatorsearchinsights #labordaysale #wayfair #bedframe #bedroominspo _search_wadelogan_birzer_bed_broad_LF,Spark_Bed_Broad_LF,1871338707353857,1871338571302274,Evergreen VSA Broad Web LF,1961.59,thekarlatravels,https://www.tiktok.com/@thekarlatravels/video/7574524143408844045?lang=en,7574524143408844045,2026-08-10
1871342198496625,5229001,Decided to switch out our bed last year and it made such a huge difference 😍✨ love this upholstered bed from @Wayfair #wayfairfinds #wayfair #bedroom #masterbedroomdecor #fyp  _search_wadelogan_birzer_bed_broad_LF,Spark_Bed_Broad_LF,1871338707353857,1871338571302274,Evergreen VSA Broad Web LF,1597.57,thekarlatravels,https://www.tiktok.com/@thekarlatravels/video/7574524143408844045?lang=en,7574524143408844045,2026-08-10
1871342198496577,5229001,High end looking bed frame at an affordable price from @Wayfair  Comes in king and queen sizes- Color in video is textured ivory canvas  🔗IN BIO IN LINKTREE #wayfair #bedframe #bedroominspo #cozyhome #cozybedroom _search_wadelogan_birzer_bed_broad_LF,Spark_Bed_Broad_LF,1871338707353857,1871338571302274,Evergreen VSA Broad Web LF,1450.29,thekarlatravels,https://www.tiktok.com/@thekarlatravels/video/7574524143408844045?lang=en,7574524143408844045,2026-08-10
1871450141141154,9615601,Still have shelves and pictures to hang to finalize everything but the boys are ecstatic about their “treehouse”😍 @Wayfair for the win! #momtok #momsover30 #roomrefresh #littleboys _search_mrsmeganbranch_beds_broad_LF,Spark_Bed_Broad_LF,1871338707353857,1871338571302274,Evergreen VSA Broad Web LF,1234.87,mrsmeganbranch,https://www.tiktok.com/@mrsmeganbranch/video/7659444638444522765?lang=en,7659444638444522765,2026-08-10
1871341604058337,5121301,This bed and cozy vibe ✨🛏️ the perfect comfy corner tbh 🤍 @Wayfair  #Wayfair #HomeDecor #BedroomInspo #CozyVibes #fyp _search_mercuryrow_solon_bed_broad_LF,Spark_Bed_Broad_LF,1871338707353857,1871338571302274,Evergreen VSA Broad Web LF,1096.46,eliziaamore,https://www.tiktok.com/@eliziaamore/video/7564518583988931853,7564518583988931853,2026-08-10
1871338723896466,6656501,#ad This beautiful upholstered Bed and Floating Shelf from @Wayfair completely transformed my room 😍🤩🛏️ #wayfair #wayfairfinds #wayfairbed #wayfairelevate #wayfaircreator #wayfairfurniture #upholsteredbed _search_willaarlo_metter_bed_broad_LF,Spark_Bed_Broad_LF,1871338707353857,1871338571302274,Evergreen VSA Broad Web LF,1034.91,melinatesi,https://www.tiktok.com/@melinatesi/video/7583119602113088782?lang=en,7583119602113088782,2026-08-10
1871342209038482,1207601,linked in bio ☁️  my dream boucle bed from @Wayfair | #wayfairelevate #ad #wayfaircreator #wayfair #cozybedroom _wcp_elevate_latituderun_haden_boucle_bed_broad_LF,Spark_Bed_Broad_LF,1871338707353857,1871338571302274,Evergreen VSA Broad Web LF,916.92,storyofzena,https://www.tiktok.com/@storyofzena/video/7610519859587239181,7610519859587239181,2026-08-10
1871342198497745,5229001,This bed frame is so good you guys 😍 https://liketk.it/5Typt @Wayfair #wayfair #bedroom #bedroominspo _search_wadelogan_birzer_bed_broad_LF,Spark_Bed_Broad_LF,1871338707353857,1871338571302274,Evergreen VSA Broad Web LF,664.35,thekarlatravels,https://www.tiktok.com/@thekarlatravels/video/7574524143408844045?lang=en,7574524143408844045,2026-08-10
1871342194677778,,"The perfect Murphy bed for guests! My spare room is super small and doubles as a home office, so I didn’t want to lose any space. I found this one on @Wayfair and I’m obsessed, functional, cozy, and exactly what the room needed 🤎#murphybed #guestbedroom #functionaldesign #wayfairfinds #homefurniture @Wayfair Canada _search_latituderun_westfield_murphy_bedchest_broad_LF",Spark_Bed_Broad_LF,1871338707353857,1871338571302274,Evergreen VSA Broad Web LF,79.2,,,,2026-08-10
1871342181405970,,California King LED Storage Bed Frame✨ So relaxing to control the vibes with more than 5 different colors and 4 huge drawers for storage and two charging ports. storefront link in bio @Wayfair #Wayfair #Wayfaircreator _search_ivybronx_led_bed_broad_LF,Spark_Bed_Broad_LF,1871338707353857,1871338571302274,Evergreen VSA Broad Web LF,15.88,,,,2026-08-10
1871342194677794,,"Office by day, guest bedroom by night✨ @Wayfair #WayfairCreator #Wayfair_search_latituderun_westfield_murphy_bedchest_broad_LF",Spark_Bed_Broad_LF,1871338707353857,1871338571302274,Evergreen VSA Broad Web LF,2.92,,,,2026-08-10
1863822361380001,105432,"Bedding that doesn’t just look good but actually feels good too!! 🙌🏼 #ad | This waffle textured duvet feels luxurious and the bamboo sheets keeps it cool and breathable!! Both from @Bedsure, and part of the @Wayfair sale! 🎉 🔗Comment “WAY DAY” to receive the details! Make sure you’re following along to ensure that you receive the link in your inbox💌 #wayfaircreator #wayday #bedsure #bedding",Spark_Bedding_Broad,1851727769933954,1845522176114754,Evergreen VSA Broad Web,4764.54,,,,2026-08-10
1863822361384065,0,"#ad A simple bedding refresh can completely change how your space feels.  I added the coziest spring texture while keeping everything in those soft, neutral tones I love.  This bright white waffle weave duvet cover paired with a cozy beige sherpa throw instantly made the bed feel more layered, warm, and elevated.  It’s really those small texture changes that make a room feel intentional without trying too hard.   Way Day, Wayfair’s biggest sale of the year, is the perfect time to refresh the pieces that mak",Spark_Bedding_Broad,1851727769933954,1845522176114754,Evergreen VSA Broad Web,1839.41,,,,2026-08-10
1863822350675970,194099,"In partnership with @Wayfair & @Bedsure , a much-needed bedding refresh for spring 🌷🦋 and the perfect time for you to do the same with the current Way Day Sale!!  As we move into the new season (& with pregnancy), I’ve been so ready to swap out our sheets for something cooler, and lighter. Already, it’s been so much better and more comfortable!! #Ad #Bedsure #wayfaircreator #wayday #bedding",Spark_Bedding_Broad,1851727769933954,1845522176114754,Evergreen VSA Broad Web,1585.87,,,,2026-08-10
1856220663963746,8458201,Girly things 💕 #wayfair #wayfairfinds #wardrobe #girlythings #girly,Spark_BedroomFurniture_Broad,1845522581635297,1845522176114754,Evergreen VSA Broad Web,52913.02,foreignxlauryn ,https://www.tiktok.com/@foreignxlauryn/video/7575976693735640375?lang=en,7575976693735640375,2026-08-10
1847893646882882,,✨The sweetest little touch for my daughter’s room 💕 This pink nightstand is giving princess dreams and keeps all her bedtime favorites close by 👑🌸 Click the link in my bio to purchase! 💖 @Wayfair  #Wayfair #WayfairCreator #wayfairelevate #ad #wayfairfinds,Spark_BedroomFurniture_Broad,1845522581635297,1845522176114754,Evergreen VSA Broad Web,15335.56,,,,2026-08-10
1859921873956913,,I’m still deciding what all i want to do with this room . However the nightstands are from @Wayfair 🥰 #wayfairfurniture #nightstand #apartmentdecor,Spark_BedroomFurniture_Broad,1845522581635297,1845522176114754,Evergreen VSA Broad Web,4763.23,,,,2026-08-10
1851143842988209,7108901,WAYFAIR NIGHTSTANDS what I ordered v what I got #homeowner #wayfairfinds,Spark_BedroomFurniture_Broad,1845522581635297,1845522176114754,Evergreen VSA Broad Web,2936.73,cysstyles,https://www.tiktok.com/@cysstyles/video/7529241133092736286?lang=en,7529241133092736286,2026-08-10
1866363697185906,1885301,"SO obsessed with our new nightstands, now just need to figure out how to style them🤪❣️  @Wayfair #homedecor #nighstands #marriagehumor #fyppppp #lifestylecontent",Spark_BedroomFurniture_Broad,1845522581635297,1845522176114754,Evergreen VSA Broad Web,1197.06,rynelsonn,https://www.tiktok.com/@rynelsonn/video/7638822019995323679,7638822019995323679,2026-08-10
1856766682406017,,big fan of cozy nights after a work day :) #cozyroutine #Ad #WayfairElevate #WayfairCreator #Wayfair @Wayfair goodies linked on my page :),Spark_BedroomFurniture_Broad,1845522581635297,1845522176114754,Evergreen VSA Broad Web,1048.06,,,,2026-08-10
1854419959211138,,"Upholstered Bench from Wayfair. Elevate your space with this cozy bench, the perfect landing spot for shoes and bags. Shop link In my bio. Also here’s the link below.  https://creatorsold.io/wayfair/thagal_ru/elevate-your-space-with-this-cozy-bench #wayfair #wayfaircreator @Wayfair",Spark_BedroomFurniture_Broad,1845522581635297,1845522176114754,Evergreen VSA Broad Web,1024.87,,,,2026-08-10
1856766682400865,4709601,Same nightstand. Two different personalities. Which one is your vibe? Nightstands: @Wayfair  his vs hers nightstand | bedroom styling ideas and inspo | modern traditional bedroom | nightstand decor inspiration | lived in home aesthetic,Spark_BedroomFurniture_Broad,1845522581635297,1845522176114754,Evergreen VSA Broad Web,67.37,effortlessinteriors,https://www.tiktok.com/@effortlessinteriors/video/7604947760621686029?lang=en,7604947760621686029,2026-08-10
1864560300574834,2368701,linked in my bio 𖦹 #wayfairfinds #wayfairfind #homedecor #homedecorfinds #homedecorfind,Spark_BedroomFurniture_Broad_2,1851727743997009,1845522176114754,Evergreen VSA Broad Web,6687.42,livbrink,https://www.tiktok.com/@livbrink/video/7622766239965777165,7622766239965777165,2026-08-10
1863814434826417,7101301,I’ll supervise🤭 home is coming together little by little 🫶🏻 @Wayfair  #furniturefinds #nightstand #wayfair #husbandwife,Spark_BedroomFurniture_Broad_2,1851727743997009,1845522176114754,Evergreen VSA Broad Web,4786.91,steph_sandoval23,https://www.tiktok.com/@steph_sandoval23/video/7624043344863284510,7624043344863284510,2026-08-10
1863814430830753,5194801,Only took a year to really put in some effort with decorating! The wardrobe armoire is from @Wayfair #chicagoapartment #entrywaydecor #apartmentdecor #apartment,Spark_BedroomFurniture_Broad_2,1851727743997009,1845522176114754,Evergreen VSA Broad Web,3186.47,julesinthechity,https://www.tiktok.com/@julesinchicity/video/7625871258093194509?lang=en,7625871258093194509,2026-08-10
1863814431042594,7872101,Gorgeous 20.9” Tufted Square Footstool Ottoman’s 🤎🤎 Link in Bio  From @Wayfair  #fyp #wayfair #ottoman #homedecor #decor,Spark_BedroomFurniture_Broad_2,1851727743997009,1845522176114754,Evergreen VSA Broad Web,2777.72,elvira__perez,https://www.tiktok.com/@elvira__perez/video/7599719096632069406,7599719096632069406,2026-08-10
1867641573228849,8241001,Putting the first tiny little sweater in the closet 🥹 she will definitely be well dressed thanks to her grandmas!  #pregnanttiktok #nursery #girlnursery #nurserycloset #closetorganization _search_wroughtstudio_jeremyiah_closet_broad,Spark_BedroomFurniture_Broad_2,1851727743997009,1845522176114754,Evergreen VSA Broad Web,2588.29,ndethomasi,https://www.tiktok.com/@ndethomasi/video/7646025820355562782?lang=en,7646025820355562782,2026-08-10
1864553348029601,4655301,"These Wayfair shelves completely transformed this wall — the warm wood tones + neutral styling make it feel so elevated and intentional. Simple, timeless, and the easiest upgrade that makes your home feel expensive without the price tag. Linked on my LTK.                     #Wayfair #WayfairCreator #WayfairAtHome #WayfairStyle #LTKHome",Spark_BedroomFurniture_Broad_2,1851727743997009,1845522176114754,Evergreen VSA Broad Web,2255.58,parkerstyle_,https://www.tiktok.com/@parkerstyle_/video/7622660322297384222,7622660322297384222,2026-08-10
1863814438870482,1834901,"Finally got some nightstands 😅 love how these turned out, @Wayfair never disappoints! 😍 #home #interiordesign #homedecor #aesthetic #beautiful",Spark_BedroomFurniture_Broad_2,1851727743997009,1845522176114754,Evergreen VSA Broad Web,570.66,cleaningwithmelissa,https://www.tiktok.com/@cleaningwithmelissa_/video/7627629075703631124?lang=en,7627629075703631124,2026-08-10
1871342797287666,8458201,Girly things 💕 #wayfair #wayfairfinds #wardrobe #girlythings #girly_ce_larkmanor_baroncourt_armoire_broad_FF,Spark_BedroomFurniture_Broad_FF,1871339728423089,1871339683323985,Evergreen VSA Broad Web FF,2728.37,foreignxlauryn ,https://www.tiktok.com/@foreignxlauryn/video/7575976693735640375?lang=en,7575976693735640375,2026-08-10
1871450340906177,9425301,Master bedroom makeover part 2 - new nightstands from @Wayfair  • • #wayfair #wayfairfinds #nightstands #bedroommakeover #housemakeover _search_jenn_dunning_nightstand_broad_FF,Spark_BedroomFurniture_Broad_FF,1871339728423089,1871339683323985,Evergreen VSA Broad Web FF,691.38,jenn_dunning,https://www.tiktok.com/@jenn_dunning/video/7661754539590028574,7661754539590028574,2026-08-10
1872627936633041,1641601,these modern neutral night stands are so good!  🔗 in my bio in linktree  #bedroomdecor #neutralhome #modernfurniture #affordablehomedecor #wayfair  @Wayfair _Search_itsbrittneeaspen_nightstand_broad_FF,Spark_BedroomFurniture_Broad_FF,1871339728423089,1871339683323985,Evergreen VSA Broad Web FF,541.45,itsbrittneeaspen,https://www.tiktok.com/@itsbrittneeaspen/video/7644993910648933662?lang=en,7644993910648933662,2026-08-10
1871342749193362,4709601,Same nightstand. Two different personalities. Which one is your vibe? Nightstands: @Wayfair  his vs hers nightstand | bedroom styling ideas and inspo | modern traditional bedroom | nightstand decor inspiration | lived in home aesthetic_search_everlyquinn_hazel_nightstand_set_broad_FF,Spark_BedroomFurniture_Broad_FF,1871339728423089,1871339683323985,Evergreen VSA Broad Web FF,518.51,effortlessinteriors,https://www.tiktok.com/@effortlessinteriors/video/7604947760621686029?lang=en,7604947760621686029,2026-08-10
1871342800912498,7108901,WAYFAIR NIGHTSTANDS what I ordered v what I got #homeowner #wayfairfinds _search_latituderun_modern_drawer_nightstand_broad_FF,Spark_BedroomFurniture_Broad_FF,1871339728423089,1871339683323985,Evergreen VSA Broad Web FF,430.04,cysstyles,https://www.tiktok.com/@cysstyles/video/7529241133092736286?lang=en,7529241133092736286,2026-08-10
1871450342316193,5076201,Bedroom makeover starts here let’s unbox my New Night stands with me!  @Wayfair  #apartmentliving #homeinspo #nightstand #bedroomdecor #bedroominspo _search_tracybanura_nightstand_broad_FF,Spark_BedroomFurniture_Broad_FF,1871339728423089,1871339683323985,Evergreen VSA Broad Web FF,413.19,tracybanura,https://www.tiktok.com/@tracybanura/video/7662791894723742989,7662791894723742989,2026-08-10
1871342809538610,,✨The sweetest little touch for my daughter’s room 💕 This pink nightstand is giving princess dreams and keeps all her bedtime favorites close by 👑🌸 Click the link in my bio to purchase! 💖 @Wayfair  #Wayfair #WayfairCreator #wayfairelevate #ad #wayfairfinds _wcp_elevate_wadelogan_ashten_nightstand_broad_FF,Spark_BedroomFurniture_Broad_FF,1871339728423089,1871339683323985,Evergreen VSA Broad Web FF,8.87,,,,2026-08-10
1871342809538642,,We are slowing upgrading our house. living room needed a night stand/endtable/ charging LED table all in one. We decided to get it from @Wayfair and it was our best choice ever!!! So durable and heavy duty omg!!! 😳 #wayfairfinds #ad #WayfairElevate #WayfairCreator #Wayfair _wcp_elevate_wadelogan_ashten_nightstand_broad_FF,Spark_BedroomFurniture_Broad_FF,1871339728423089,1871339683323985,Evergreen VSA Broad Web FF,8.69,,,,2026-08-10
1871342809538626,,"💗 How cute is this pink nightstand?! It has built-in wireless charging, USB ports, and even LED lights that turn on when you walk up to it 😍✨ Perfect for my daughter’s room or anyone who loves a cozy glow! 🌸 🔗 Click the link in my bio to grab yours! @Wayfair   🌙💗 #wayfair #wayfaircreator #wayfairelevate #ad _wcp_elevate_wadelogan_ashten_nightstand_broad_FF",Spark_BedroomFurniture_Broad_FF,1871339728423089,1871339683323985,Evergreen VSA Broad Web FF,6.44,,,,2026-08-10
1871342210605170,8458201,Girly things 💕 #wayfair #wayfairfinds #wardrobe #girlythings #girly_ce_larkmanor_baroncourt_armoire_broad_LF,Spark_BedroomFurniture_Broad_LF,1871339875265665,1871338571302274,Evergreen VSA Broad Web LF,5324.77,foreignxlauryn ,https://www.tiktok.com/@foreignxlauryn/video/7575976693735640375?lang=en,7575976693735640375,2026-08-10
1872627400544401,1641601,these modern neutral night stands are so good!  🔗 in my bio in linktree  #bedroomdecor #neutralhome #modernfurniture #affordablehomedecor #wayfair  @Wayfair _Search_itsbrittneeaspen_nightstand_broad_LF,Spark_BedroomFurniture_Broad_LF,1871339875265665,1871338571302274,Evergreen VSA Broad Web LF,1379.86,itsbrittneeaspen,https://www.tiktok.com/@itsbrittneeaspen/video/7644993910648933662?lang=en,7644993910648933662,2026-08-10
1871450342323425,5076201,Bedroom makeover starts here let’s unbox my New Night stands with me!  @Wayfair  #apartmentliving #homeinspo #nightstand #bedroomdecor #bedroominspo _search_tracybanura_nightstand_broad_LF,Spark_BedroomFurniture_Broad_LF,1871339875265665,1871338571302274,Evergreen VSA Broad Web LF,1366.35,tracybanura,https://www.tiktok.com/@tracybanura/video/7662791894723742989,7662791894723742989,2026-08-10
1871450340908337,9425301,Master bedroom makeover part 2 - new nightstands from @Wayfair  • • #wayfair #wayfairfinds #nightstands #bedroommakeover #housemakeover _search_jenn_dunning_nightstand_broad_LF,Spark_BedroomFurniture_Broad_LF,1871339875265665,1871338571302274,Evergreen VSA Broad Web LF,1319.83,jenn_dunning,https://www.tiktok.com/@jenn_dunning/video/7661754539590028574,7661754539590028574,2026-08-10
1871342216290465,4709601,Same nightstand. Two different personalities. Which one is your vibe? Nightstands: @Wayfair  his vs hers nightstand | bedroom styling ideas and inspo | modern traditional bedroom | nightstand decor inspiration | lived in home aesthetic_search_everlyquinn_hazel_nightstand_set_broad_LF,Spark_BedroomFurniture_Broad_LF,1871339875265665,1871338571302274,Evergreen VSA Broad Web LF,835.56,effortlessinteriors,https://www.tiktok.com/@effortlessinteriors/video/7604947760621686029?lang=en,7604947760621686029,2026-08-10
1871342219695138,7108901,WAYFAIR NIGHTSTANDS what I ordered v what I got #homeowner #wayfairfinds _search_latituderun_modern_drawer_nightstand_broad_LF,Spark_BedroomFurniture_Broad_LF,1871339875265665,1871338571302274,Evergreen VSA Broad Web LF,703.28,cysstyles,https://www.tiktok.com/@cysstyles/video/7529241133092736286?lang=en,7529241133092736286,2026-08-10
1871342224242850,,✨The sweetest little touch for my daughter’s room 💕 This pink nightstand is giving princess dreams and keeps all her bedtime favorites close by 👑🌸 Click the link in my bio to purchase! 💖 @Wayfair  #Wayfair #WayfairCreator #wayfairelevate #ad #wayfairfinds _wcp_elevate_wadelogan_ashten_nightstand_broad_LF,Spark_BedroomFurniture_Broad_LF,1871339875265665,1871338571302274,Evergreen VSA Broad Web LF,25.23,,,,2026-08-10
1871342224242866,7108901,"💗 How cute is this pink nightstand?! It has built-in wireless charging, USB ports, and even LED lights that turn on when you walk up to it 😍✨ Perfect for my daughter’s room or anyone who loves a cozy glow! 🌸 🔗 Click the link in my bio to grab yours! @Wayfair   🌙💗 #wayfair #wayfaircreator #wayfairelevate #ad _wcp_elevate_wadelogan_ashten_nightstand_broad_LF",Spark_BedroomFurniture_Broad_LF,1871339875265665,1871338571302274,Evergreen VSA Broad Web LF,23.19,cysstyles,https://www.tiktok.com/@cysstyles/video/7529241133092736286?lang=en,7529241133092736286,2026-08-10
1871342224242882,,We are slowing upgrading our house. living room needed a night stand/endtable/ charging LED table all in one. We decided to get it from @Wayfair and it was our best choice ever!!! So durable and heavy duty omg!!! 😳 #wayfairfinds #ad #WayfairElevate #WayfairCreator #Wayfair _wcp_elevate_wadelogan_ashten_nightstand_broad_LF,Spark_BedroomFurniture_Broad_LF,1871339875265665,1871338571302274,Evergreen VSA Broad Web LF,22.58,,,,2026-08-10
1864564925893697,1414001,"I’m too short for this 😂😭  But I finally finished my collection and I couldn’t be happier to have all the OG covers of my Roman Empire series 😍 #zodiacacademy #bookishhumor #booktokfyp #twistedsisters #darkromantasy  Zodiac Academy, Ruthless Boys of the Zodiac, Darkmore Penitentiary, The Twisted Sisters, Dark academia, book recs, best books to read",Spark_Bookshelves_Broad,1845522455733249,1845522176114754,Evergreen VSA Broad Web,8462.13,readingwithryann,https://www.tiktok.com/@readingwithryann/video/7617158756610215199,7617158756610215199,2026-08-10
1855594747210849,,"excessive books saga was stressing me out more than I realized 🫠 🔗 in my bio for this bookshelf + the magnets for the tonies on top 🫶🏽 This rotating bookshelf from @Wayfair gave each of my girls their own space, lets them grab books independently, and keeps all our Tonies in one spot. One piece, everything organized… and it actually gets used. #wayfair #wayfairfinds #wayfaircreator #rotatingbookshelf #kidsbookshelf",Spark_Bookshelves_Broad,1845522455733249,1845522176114754,Evergreen VSA Broad Web,6582.77,,,,2026-08-10
1858663183629569,,"The bookcase that gave my cameras and lenses a home! Found this gorgeous fan shaped corner bookshelf at @wayfair and I could not resist to add it to my content room.@Wayfair  The wood finish, the tier paces and the cabinets are just what I needed for display my camera gear and also keep certain miscellaneous items hidden. This is the perfect bookcase shelf for that small awkward space in your home or apartment. Link in Bio!✨ #bookcasestyling #wayfaircreator #wayfair #apartmentdecorating #aesthetichomedecor",Spark_Bookshelves_Broad,1845522455733249,1845522176114754,Evergreen VSA Broad Web,4311.76,,,,2026-08-10
1868271858430993,0,Obsessed 🤩 This spindle gorgeous bookcase is exactly what I was looking for. I was not happy with the previous one I had. But this one is much more my vibe and looks so beautiful next to my gallery wall. I love that it’s wood and the stain is perfect! ✨🦢🤎 🔗 under my bio in my @Wayfair storefront  #wayfairfinds #wayfair #wayfairfurniture #wayfaircreator #señoralife _wcp_birchlane_isabel_spindle_bookshelf_broad,Spark_Bookshelves_Broad,1845522455733249,1845522176114754,Evergreen VSA Broad Web,4200.26,,,,2026-08-10
1846343657774097,,Moved in 6months ago and already feels so cozy! #nyc #nycapartment #nycapartmenttour #brooklynapartment,Spark_Bookshelves_Broad,1845522455733249,1845522176114754,Evergreen VSA Broad Web,3008.68,,,,2026-08-10
1863751070990450,7315601,maturing is getting rid of the white shelves #shelfdecor #roomdecor #handbags #wayfair #officedecor,Spark_Bookshelves_Broad,1845522455733249,1845522176114754,Evergreen VSA Broad Web,2848.44,emilydao_,https://www.tiktok.com/@emilydao_/video/7626211653440277774?lang=en,7626211653440277774,2026-08-10
1867642337281346,0,All my daughter wanted to do was pull out the stuffed animals! 🤣 It holds so many!  #ad #Wayfair #WayfairCreator @Wayfair  Link:  https://creatorlink.shop/4okx8SY_wcp_latituderun_kids_toy_organizer_bookshelf_broad,Spark_Bookshelves_Broad,1845522455733249,1845522176114754,Evergreen VSA Broad Web,2289.02,,,,2026-08-10
1867639302208785,9176001,The most gorgeous cabinet & it was so affordable * Linked on my ShopMy! #cabinetstorage #wayfairfinds #archedcabinet #homedecor #livingroomideas @Wayfair _search_winstonporter_cardentey_arched_cabinet_broad,Spark_Bookshelves_Broad,1845522455733249,1845522176114754,Evergreen VSA Broad Web,349.69,atheeennnaaa22,https://www.tiktok.com/@atheeennnaaa22/video/7577392867174403342,7577392867174403342,2026-08-10
1864564925004929,3703601,"Wayfair 6 Story Bookcase - I’ve been wanting something that adds storage but still feels beautiful, and this is exactly that. The arched detail and gold hardware give it that custom, designer look, and I love the mix of open shelving and cabinets to style what you want and tuck the rest away. @Wayfair #Wayfair #ad #WayfairElevate #WayfairCreator #bookcase",Spark_Bookshelves_Broad,1845522455733249,1845522176114754,Evergreen VSA Broad Web,38.98,so_cal_mom,https://www.tiktok.com/@so_cal_mom/video/7618100081832512798?lang=en,7618100081832512798,2026-08-10
1857666541272081,7952501,I’m in loveee 🤍😌✨ @Wayfair #wayfairfinds #accentchair #cozyhome #livingroomdecor #fyp,Spark_Chairs_Broad,1845522371045474,1845522176114754,Evergreen VSA Broad Web,43846.43,jaslynstrong,https://www.tiktok.com/@jaslynstrong/video/7608246258607639822,7608246258607639822,2026-08-10
1857493267655986,7952501,The house was all quiet when the sale packages started to arrive…as the tale goes.   @Wayfair  🔗 in my LTK.  #homefinds #livingroom  #classichome #wayfairfinds #cozyhome,Spark_Chairs_Broad,1845522371045474,1845522176114754,Evergreen VSA Broad Web,25509.3,jaslynstrong,https://www.tiktok.com/@jaslynstrong/video/7608246258607639822,7608246258607639822,2026-08-10
1863815672723489,8147501,"The most asked about chairs in our home! I adore these chairs and love the traditional, tailored look. The color is “beige” and they are the most gorgeous creamy white in person! Linked in my ShopMy🤍 @Wayfair #upholsteredchair #livingroom #interiordesign #traditionalhome #homedecorating",Spark_Chairs_Broad,1845522371045474,1845522176114754,Evergreen VSA Broad Web,16592.21,london_diehl,https://www.tiktok.com/@london_diehl/video/7629404120784309518,7629404120784309518,2026-08-10
1856768477919249,7379501,SO beyond happy with these beautiful chairs!!!! Up next: dining table 😍🤎 #homefinds #cozyhome #cozyhomeaesthetic #cozyhomefinds #homeessentials @Wayfair,Spark_Chairs_Broad,1845522371045474,1845522176114754,Evergreen VSA Broad Web,12990.13,kristenrstevens,https://www.tiktok.com/@kristenrstevens/video/7604566514037017886?lang=en,7604566514037017886,2026-08-10
1854220030856209,4863901,This modern accent chair from @Wayfair gave my living room the comfort + style it was missing Minimal and cozy. #wayfairfinds #wayfair #homedecor #livingroominspo #accentchair,Spark_Chairs_Broad,1845522371045474,1845522176114754,Evergreen VSA Broad Web,9013.12,anamarie_xoxo,https://www.tiktok.com/@anamarie_xoxo/video/7577472540575075639?lang=en,7577472540575075639,2026-08-10
1854218277944370,,My accent chairs are from @Wayfair and comes in multiple colors - I have them in Ivory Boucle. #wayfair #wayfairfinds,Spark_Chairs_Broad,1845522371045474,1845522176114754,Evergreen VSA Broad Web,7793.24,,,,2026-08-10
1860553351261297,2257701,Slowly upgrading our space. 💚 _ #cozyhomedecor #wayfairfinds #neutralhome #gifttheexplorer #homedecorinspo,Spark_Chairs_Broad,1845522371045474,1845522176114754,Evergreen VSA Broad Web,7348.95,got_giftss,https://www.tiktok.com/@got_giftss/video/7615041491102092575,7615041491102092575,2026-08-10
1854854300468226,,Obsessed with my new brown teddy accent chair. Getting another one to put both infront of my living room window. They are sold on Amazon and Wayfair. I’ll have these linked on my Amazon storefront and on my LTK in my bio. #fyp #foryoupage #accentchair #accentchairs #bouclechair #chairs #amazonhome #amazonchair #amazonfurniture #livingroom #livingroomdecor #livingroomdecor #organicmodern #modernorganic #teddychair #brownaesthetic,Spark_Chairs_Broad,1845522371045474,1845522176114754,Evergreen VSA Broad Web,4739.49,,,,2026-08-10
1864297167719490,8118500,who doesn’t love a swivel chair? 🤤 @Wayfair  #homedecor #wayfair #brown #midcenturymodern #interiordecor,Spark_Chairs_Broad,1845522371045474,1845522176114754,Evergreen VSA Broad Web,3883.84,,,,2026-08-10
1856768175747266,,Nothing says cozy like a chair that fits your entire family 🤪 @Wayfair,Spark_Chairs_Broad,1845522371045474,1845522176114754,Evergreen VSA Broad Web,2931.08,,,,2026-08-10
1866457281616082,9468001,Upholstered Slipcovered Barrel Armchair Set from @Wayfair for a Cottage Style feel in my office  #cottagecore #armchair #loungechair #homedecor #wayfairfinds,Spark_Chairs_Broad,1845522371045474,1845522176114754,Evergreen VSA Broad Web,2870.79,sheelaziari,https://www.tiktok.com/@sheelaziari/video/7621954621866609934?q=wayfair%20finds&t=1774889305099,7621954621866609934,2026-08-10
1860747164085378,,Obsessed 😍 and it’s 55% off right now!! @Wayfair  It’s linked in my bio💝 #wayfairfinds #diningtable #diningchairs #homedecor,Spark_Chairs_Broad,1845522371045474,1845522176114754,Evergreen VSA Broad Web,958.1,,,,2026-08-10
1863818336723105,9760401,"So comfortable and classic 🤎These are the light brown color, and they are also available in a creamy beige. The fabric is sooo soft and I love the slim profile that easily tucks under the table! Comment ""shop"" or click the link in my bio! @Wayfair  #diningroom #diningchairs #homedecor #interiorinspo #wayfair",Spark_Chairs_Broad,1845522371045474,1845522176114754,Evergreen VSA Broad Web,407.99,dananicolestyles,https://www.tiktok.com/@dananicolestyles/video/7628295472976842015?lang=en,7628295472976842015,2026-08-10
1866456082315361,4732701,"Eddie built my rustic desk, and I wanted an office chair that would “soften” up the room, yet be cozy and comfortable too.  My desk is an L shape, and my chair has  a 360-degree swivel, which makes it perfect!   A quick 10 minute assembly time and you’re back to work!  This chair can be found in my @Wayfair Storefront, OR here’s my link:  ⬇️ https://creatorlink.shop/41RnPPO #wayfair #wayfaircreator #wayfairelevate #springglowup #ad",Spark_Chairs_Broad,1845522371045474,1845522176114754,Evergreen VSA Broad Web,154.3,tinatealhome,https://www.tiktok.com/@tinatealhome/video/7625702598149999903?lang=en,7625702598149999903,2026-08-10
1859391718325410,,"#advertising This barrel accent chair makes my space feel finished without trying too hard. Clean lines, cozy curves, and compact enough to work in real homes.  I love pieces like this because they’re versatile: accent chair today, conversation piece tomorrow, and still practical years from now.  If you’re furnishing a new home (or slowly upgrading one room at a time), investing in timeless silhouettes like this saves money long-term and keeps your space feeling elevated without chasing trends. Proof that good design doesn’t have to be loud — it just has to work. Barrel Accent Chair is from @Wayfair and the link is in my bio!  #WayfairElevate #WayfairCreator #ad #Wayfair",Spark_Chairs_Broad,1845522371045474,1845522176114754,Evergreen VSA Broad Web,0.0,,,,2026-08-10
1871450359384289,8027601,Never leaving my Nancy Meyers striped swivel chairs. The perfect addition to our living room 💛  #nancymeyers #nancymeyersinteriors #nancymeyersaesthetic #homedecor #livingroom @Wayfair _search_sydsullivan_chairs_broad_FF,Spark_Chairs_Broad_FF,1871339735707778,1871339683323985,Evergreen VSA Broad Web FF,4096.93,sydsullivan,https://www.tiktok.com/@sydsullivan/video/7649470711681043726,7649470711681043726,2026-08-10
1871450288863649,7061101,Morning light ✨  #homedecor #homeaesthetic #livingroomdecor #livingroomdecorideas #neutralhomedecor _search_thewhitebrickhome_chairs_broad_FF,Spark_Chairs_Broad_FF,1871339735707778,1871339683323985,Evergreen VSA Broad Web FF,1466.84,thewhitebrickhome,https://www.tiktok.com/@thewhitebrickhome/video/7649757750582414623?lang=en,7649757750582414623,2026-08-10
1871342854407314,5317501,"New space, new chairs ✨ Ordered the Mamanbai Upholstered Barrel Accent Chairs from Wayfair — they came fast, were easy to assemble, and look perfect in my space 😍 #wayfairfinds #moderndecor #homeinspo #accentchairs_wroughtstudio_mamanbai_chair_broad_FF",Spark_Chairs_Broad_FF,1871339735707778,1871339683323985,Evergreen VSA Broad Web FF,1427.01,shanice_lachelle,https://www.tiktok.com/@shanice_lachelle/video/7560466383910227213,7560466383910227213,2026-08-10
1871341404778546,8147501,"The most asked about chairs in our home! I adore these chairs and love the traditional, tailored look. The color is “beige” and they are the most gorgeous creamy white in person! Linked in my ShopMy🤍 @Wayfair #upholsteredchair #livingroom #interiordesign #traditionalhome #homedecorating _search_latituderun_327_skirted_swivelchair_broad_FF",Spark_Chairs_Broad_FF,1871339735707778,1871339683323985,Evergreen VSA Broad Web FF,1390.96,london_diehl,https://www.tiktok.com/@london_diehl/video/7629404120784309518,7629404120784309518,2026-08-10
1871342838735073,2257701,Slowly upgrading our space. 💚 _ #cozyhomedecor #wayfairfinds #neutralhome #gifttheexplorer #homedecorinspo _search_ivybronx_gabbanelli_swivel_chair_broad_FF,Spark_Chairs_Broad_FF,1871339735707778,1871339683323985,Evergreen VSA Broad Web FF,1101.66,got_giftss,https://www.tiktok.com/@got_giftss/video/7615041491102092575,7615041491102092575,2026-08-10
1871341398162657,7379501,SO beyond happy with these beautiful chairs!!!! Up next: dining table 😍🤎 #homefinds #cozyhome #cozyhomeaesthetic #cozyhomefinds #homeessentials @Wayfair _search_everlyquinn_17in_dining_chair_broad_FF,Spark_Chairs_Broad_FF,1871339735707778,1871339683323985,Evergreen VSA Broad Web FF,949.33,kristenrstevens,https://www.tiktok.com/@kristenrstevens/video/7604566514037017886?lang=en,7604566514037017886,2026-08-10
1871342822530082,4863901,This modern accent chair from @Wayfair gave my living room the comfort + style it was missing Minimal and cozy. #wayfairfinds #wayfair #homedecor #livingroominspo #accentchair _ce_ivybronx_33wide_velvet_upholstered_chair_broad_FF,Spark_Chairs_Broad_FF,1871339735707778,1871339683323985,Evergreen VSA Broad Web FF,802.61,anamarie_xoxo,https://www.tiktok.com/@anamarie_xoxo/video/7577472540575075639?lang=en,7577472540575075639,2026-08-10
1871342823045154,9468001,Upholstered Slipcovered Barrel Armchair Set from @Wayfair for a Cottage Style feel in my office  #cottagecore #armchair #loungechair #homedecor #wayfairfinds _ce_redbarrel_slipcovered_swivel_barrelchair_broad_FF,Spark_Chairs_Broad_FF,1871339735707778,1871339683323985,Evergreen VSA Broad Web FF,479.32,sheelaziari,https://www.tiktok.com/@sheelaziari/video/7621954621866609934?q=wayfair%20finds&t=1774889305099,7621954621866609934,2026-08-10
1871342816429089,,My accent chairs are from @Wayfair and comes in multiple colors - I have them in Ivory Boucle. #wayfair #wayfairfinds _ce_georgeoliver_boucle_swivelchair_brioad_FF,Spark_Chairs_Broad_FF,1871339735707778,1871339683323985,Evergreen VSA Broad Web FF,23.34,,,,2026-08-10
1871342843934930,,Quiet luxury in chair form ✨ This 360° swivel chair from @Wayfair is the kind of piece that elevates the entire room. 🤍 #fypage #homedecor #wayfair #bedroominspo _search_latituderun_360swivel_diningchair_broad_FF,Spark_Chairs_Broad_FF,1871339735707778,1871339683323985,Evergreen VSA Broad Web FF,17.14,,,,2026-08-10
1871342852834322,,love these wayfair accent chairs 😍 @Wayfair #wayfair #accentchairs #wayfaircreator #wayfairelevate #sponsered _wcp_mercer41_khiryn_chair_broad_FF,Spark_Chairs_Broad_FF,1871339735707778,1871339683323985,Evergreen VSA Broad Web FF,11.91,,,,2026-08-10
1871342830222466,,Nothing says cozy like a chair that fits your entire family 🤪 @Wayfair _search_braydenstudio_xxl_round_barrelchair_broad_FF,Spark_Chairs_Broad_FF,1871339735707778,1871339683323985,Evergreen VSA Broad Web FF,8.37,,,,2026-08-10
1871342834919586,9760401,"So comfortable and classic 🤎These are the light brown color, and they are also available in a creamy beige. The fabric is sooo soft and I love the slim profile that easily tucks under the table! Comment ""shop"" or click the link in my bio! @Wayfair  #diningroom #diningchairs #homedecor #interiorinspo #wayfair_search_everlyquinn_185_upholstered_armchair_broad_FF",Spark_Chairs_Broad_FF,1871339735707778,1871339683323985,Evergreen VSA Broad Web FF,5.97,dananicolestyles,https://www.tiktok.com/@dananicolestyles/video/7628295472976842015?lang=en,7628295472976842015,2026-08-10
1871342837430674,4732701,"Eddie built my rustic desk, and I wanted an office chair that would “soften” up the room, yet be cozy and comfortable too.  My desk is an L shape, and my chair has  a 360-degree swivel, which makes it perfect!   A quick 10 minute assembly time and you’re back to work!  This chair can be found in my @Wayfair Storefront, OR here’s my link:  ⬇️ https://creatorlink.shop/41RnPPO #wayfair #wayfaircreator #wayfairelevate #springglowup #ad_wcp_elevate_mercer41_woven_swivel_chair_broad_FF",Spark_Chairs_Broad_FF,1871339735707778,1871339683323985,Evergreen VSA Broad Web FF,5.81,tinatealhome,https://www.tiktok.com/@tinatealhome/video/7625702598149999903?lang=en,7625702598149999903,2026-08-10
1871342852834338,4732701,wayfair furniture for my pink living room 🥰 now i’m waiting for my plant to come 🥹 @Wayfair #ad #wayfair #wayfairelevate #wayfaircreator #accentchair _wcp_mercer41_khiryn_chair_broad_FF,Spark_Chairs_Broad_FF,1871339735707778,1871339683323985,Evergreen VSA Broad Web FF,2.68,tinatealhome,https://www.tiktok.com/@tinatealhome/video/7625702598149999903?lang=en,7625702598149999903,2026-08-10
1871342855247154,,Me & @Wayfair Go Together Like No Other! #wayfair These Chairs Create The Perfect Space! _wroughtstudio_lendia_accent_chair_broad_FF,Spark_Chairs_Broad_FF,1871339735707778,1871339683323985,Evergreen VSA Broad Web FF,0.73,,,,2026-08-10
1871450359391329,8027601,Never leaving my Nancy Meyers striped swivel chairs. The perfect addition to our living room 💛  #nancymeyers #nancymeyersinteriors #nancymeyersaesthetic #homedecor #livingroom @Wayfair _search_sydsullivan_chairs_broad_LF,Spark_Chairs_Broad_LF,1871339883085057,1871338571302274,Evergreen VSA Broad Web LF,7301.34,sydsullivan,https://www.tiktok.com/@sydsullivan/video/7649470711681043726,7649470711681043726,2026-08-10
1871450353099777,7061101,Morning light ✨  #homedecor #homeaesthetic #livingroomdecor #livingroomdecorideas #neutralhomedecor _search_thewhitebrickhome_chairs_broad_LF,Spark_Chairs_Broad_LF,1871339883085057,1871338571302274,Evergreen VSA Broad Web LF,3602.65,thewhitebrickhome,https://www.tiktok.com/@thewhitebrickhome/video/7649757750582414623?lang=en,7649757750582414623,2026-08-10
1871342276291921,5317501,"New space, new chairs ✨ Ordered the Mamanbai Upholstered Barrel Accent Chairs from Wayfair — they came fast, were easy to assemble, and look perfect in my space 😍 #wayfairfinds #moderndecor #homeinspo #accentchairs_wroughtstudio_mamanbai_chair_broad_LF",Spark_Chairs_Broad_LF,1871339883085057,1871338571302274,Evergreen VSA Broad Web LF,3517.47,shanice_lachelle,https://www.tiktok.com/@shanice_lachelle/video/7560466383910227213,7560466383910227213,2026-08-10
1871341633964161,8147501,"The most asked about chairs in our home! I adore these chairs and love the traditional, tailored look. The color is “beige” and they are the most gorgeous creamy white in person! Linked in my ShopMy🤍 @Wayfair #upholsteredchair #livingroom #interiordesign #traditionalhome #homedecorating _search_latituderun_327_skirted_swivelchair_broad_LF",Spark_Chairs_Broad_LF,1871339883085057,1871338571302274,Evergreen VSA Broad Web LF,2534.93,london_diehl,https://www.tiktok.com/@london_diehl/video/7629404120784309518,7629404120784309518,2026-08-10
1871342254225522,2257701,Slowly upgrading our space. 💚 _ #cozyhomedecor #wayfairfinds #neutralhome #gifttheexplorer #homedecorinspo _search_ivybronx_gabbanelli_swivel_chair_broad_LF,Spark_Chairs_Broad_LF,1871339883085057,1871338571302274,Evergreen VSA Broad Web LF,2142.07,got_giftss,https://www.tiktok.com/@got_giftss/video/7615041491102092575,7615041491102092575,2026-08-10
1871340113283154,7379501,SO beyond happy with these beautiful chairs!!!! Up next: dining table 😍🤎 #homefinds #cozyhome #cozyhomeaesthetic #cozyhomefinds #homeessentials @Wayfair _search_everlyquinn_17in_dining_chair_broad_LF,Spark_Chairs_Broad_LF,1871339883085057,1871338571302274,Evergreen VSA Broad Web LF,2018.86,kristenrstevens,https://www.tiktok.com/@kristenrstevens/video/7604566514037017886?lang=en,7604566514037017886,2026-08-10
1871342235309265,4863901,This modern accent chair from @Wayfair gave my living room the comfort + style it was missing Minimal and cozy. #wayfairfinds #wayfair #homedecor #livingroominspo #accentchair _ce_ivybronx_33wide_velvet_upholstered_chair_broad_LF,Spark_Chairs_Broad_LF,1871339883085057,1871338571302274,Evergreen VSA Broad Web LF,1931.7,anamarie_xoxo,https://www.tiktok.com/@anamarie_xoxo/video/7577472540575075639?lang=en,7577472540575075639,2026-08-10
1871342242135330,9468001,Upholstered Slipcovered Barrel Armchair Set from @Wayfair for a Cottage Style feel in my office  #cottagecore #armchair #loungechair #homedecor #wayfairfinds _ce_redbarrel_slipcovered_swivel_barrelchair_broad_LF,Spark_Chairs_Broad_LF,1871339883085057,1871338571302274,Evergreen VSA Broad Web LF,963.73,sheelaziari,https://www.tiktok.com/@sheelaziari/video/7621954621866609934?q=wayfair%20finds&t=1774889305099,7621954621866609934,2026-08-10
1871342228547746,,My accent chairs are from @Wayfair and comes in multiple colors - I have them in Ivory Boucle. #wayfair #wayfairfinds _ce_georgeoliver_boucle_swivelchair_brioad_LF,Spark_Chairs_Broad_LF,1871339883085057,1871338571302274,Evergreen VSA Broad Web LF,52.71,,,,2026-08-10
1871342208830482,,Quiet luxury in chair form ✨ This 360° swivel chair from @Wayfair is the kind of piece that elevates the entire room. 🤍 #fypage #homedecor #wayfair #bedroominspo _search_latituderun_360swivel_diningchair_broad_LF,Spark_Chairs_Broad_LF,1871339883085057,1871338571302274,Evergreen VSA Broad Web LF,31.82,,,,2026-08-10
1871342250758481,9760401,"So comfortable and classic 🤎These are the light brown color, and they are also available in a creamy beige. The fabric is sooo soft and I love the slim profile that easily tucks under the table! Comment ""shop"" or click the link in my bio! @Wayfair  #diningroom #diningchairs #homedecor #interiorinspo #wayfair_search_everlyquinn_185_upholstered_armchair_broad_LF",Spark_Chairs_Broad_LF,1871339883085057,1871338571302274,Evergreen VSA Broad Web LF,12.12,dananicolestyles,https://www.tiktok.com/@dananicolestyles/video/7628295472976842015?lang=en,7628295472976842015,2026-08-10
1871342241773666,,Nothing says cozy like a chair that fits your entire family 🤪 @Wayfair _search_braydenstudio_xxl_round_barrelchair_broad_LF,Spark_Chairs_Broad_LF,1871339883085057,1871338571302274,Evergreen VSA Broad Web LF,9.91,,,,2026-08-10
1871342269712865,,love these wayfair accent chairs 😍 @Wayfair #wayfair #accentchairs #wayfaircreator #wayfairelevate #sponsered _wcp_mercer41_khiryn_chair_broad_LF,Spark_Chairs_Broad_LF,1871339883085057,1871338571302274,Evergreen VSA Broad Web LF,8.89,,,,2026-08-10
1871342270547089,,Me & @Wayfair Go Together Like No Other! #wayfair These Chairs Create The Perfect Space! _wroughtstudio_lendia_accent_chair_broad_LF,Spark_Chairs_Broad_LF,1871339883085057,1871338571302274,Evergreen VSA Broad Web LF,5.51,,,,2026-08-10
1871342691440738,4732701,"Eddie built my rustic desk, and I wanted an office chair that would “soften” up the room, yet be cozy and comfortable too.  My desk is an L shape, and my chair has  a 360-degree swivel, which makes it perfect!   A quick 10 minute assembly time and you’re back to work!  This chair can be found in my @Wayfair Storefront, OR here’s my link:  ⬇️ https://creatorlink.shop/41RnPPO #wayfair #wayfaircreator #wayfairelevate #springglowup #ad_wcp_elevate_mercer41_woven_swivel_chair_broad_LF",Spark_Chairs_Broad_LF,1871339883085057,1871338571302274,Evergreen VSA Broad Web LF,5.48,tinatealhome,https://www.tiktok.com/@tinatealhome/video/7625702598149999903?lang=en,7625702598149999903,2026-08-10
1871342269712881,,wayfair furniture for my pink living room 🥰 now i’m waiting for my plant to come 🥹 @Wayfair #ad #wayfair #wayfairelevate #wayfaircreator #accentchair _wcp_mercer41_khiryn_chair_broad_LF,Spark_Chairs_Broad_LF,1871339883085057,1871338571302274,Evergreen VSA Broad Web LF,2.23,,,,2026-08-10
1857668568989714,,My cozy reading chair🤍   🔗’d in bio💓@Wayfair #wayfair #wayfairfinds #readingchair #oversizedchair #wayfaircreator,Spark_Chaise_Broad,1845522335696993,1845522176114754,Evergreen VSA Broad Web,17883.83,,,,2026-08-10
1845524117229586,,#viral #fluffy #chaise #comecleanwithme #cleantok #clean #fyp #howto,Spark_Chaise_Broad,1845522335696993,1845522176114754,Evergreen VSA Broad Web,15983.9,,,,2026-08-10
1846346186827889,,Why do you read so much? Books>people 😘  #creatorsearchinsights #bookcommunity #booktokerfyp #bookishthings #booknook,Spark_Chaise_Broad,1845522335696993,1845522176114754,Evergreen VSA Broad Web,5529.01,,,,2026-08-10
1855510930191457,,#ad This is your sign to update your space with @Wayfair 😜 #WayfairElevate #WayfairCreator #Wayfair,Spark_Chaise_Broad,1845522335696993,1845522176114754,Evergreen VSA Broad Web,5305.95,,,,2026-08-10
1864562820354257,9454501,The comfiest chair to add to your home🤍 Comment “home” and I’ll send you a direct link to shop the chair!  #homedecor #livingroomdecor #wayfairfinds #homeowner @Wayfair,Spark_Chaise_Broad,1845522335696993,1845522176114754,Evergreen VSA Broad Web,3145.2,lexydelicataa,https://www.tiktok.com/@lexydelicataa/video/7626440354534853909,7626440354534853909,2026-08-10
1846620610999569,,"write with me 🥰  What are you reading this weekend? As always, my chair is from @Wayfair and 🔗 in my bio & showcase along with everything else 🥰 #booktok #indieauthorsoftiktok #indieauthor #booktokerfyp #booktokers #bookbesties #authorfriends #writingabook #debutnovel",Spark_Chaise_Broad,1845522335696993,1845522176114754,Evergreen VSA Broad Web,2875.39,,,,2026-08-10
1851693506391137,,Where is your favorite place to read? Mine is my giant reading chair from @Wayfair where I also love to edit my debut dark fantasy romance novel 🥰😍 #wayfair #wayfaircreator #wayfairelevate,Spark_Chaise_Broad,1845522335696993,1845522176114754,Evergreen VSA Broad Web,1650.91,,,,2026-08-10
1856770559770705,,Where ill be sitting and reading all winter #livingroomdesign #chaiselounge #readingchair #interiordesign #cozyathome #readingnook #homedesign #homefind #wayfair,Spark_Chaise_Broad,1845522335696993,1845522176114754,Evergreen VSA Broad Web,1552.87,,,,2026-08-10
1845524121528322,,I looooove 🧡 @Wayfair chaise lounge chair with the stool. The color and fit is everything to me!  #wayfair #WayfairCreator #homedecor #readingnook #chaiselounge #colorfuldecor #wayfairpartner,Spark_Chaise_Broad,1845522335696993,1845522176114754,Evergreen VSA Broad Web,1175.7,,,,2026-08-10
1856770559770689,,Like how did it make it look like a completely new space?! #livingroomdesign #chaiselounge #readingchair #interiordesign #cozyathome #readingnook #homedesign #homefind #wayfair,Spark_Chaise_Broad,1845522335696993,1845522176114754,Evergreen VSA Broad Web,214.78,,,,2026-08-10
1851230994560354,,Literally the prettiest couch I have even seen and it’s MINE!  Link to the exact couch is in my bio! @Wayfair #wayfaircreator #wayfair,Spark_Couches_Broad,1845521829995602,1845522176114754,Evergreen VSA Broad Web,55170.85,,,,2026-08-10
1851968262919378,5285901,the coziest couch☁️✨   🔗 in bio @Wayfair #wayfair #cloudcouch #modularsofa #wayfairfinds #cozyhome,Spark_Couches_Broad,1845521829995602,1845522176114754,Evergreen VSA Broad Web,53315.85,kailaniparedes,https://www.tiktok.com/@kailaniparedes/video/7581348114137713950?lang=en,7581348114137713950,2026-08-10
1849868959296674,1903401,I’ve been waiting for it to come back in stock to get y’all the link !Comment  for the link! 😍#wayfairpartner #wayfair #wayfairfinds #affordablehomefinds #wayfairelevate #wayfaircreator #Ad @Wayfair,Spark_Couches_Broad,1845521829995602,1845522176114754,Evergreen VSA Broad Web,53263.6,sa.miyahh,https://www.tiktok.com/@sa.miyahh/video/7521792120672341279?is_from_webapp=1&sender_device=pc,7521792120672341279,2026-08-10
1854221496449058,3162001,Replying to @Laila.Elisex  here’s the sink test! 🤝  #fyp #couch #wayfaircreator #wayfair #momsoftiktok @Wayfair,Spark_Couches_Broad,1845521829995602,1845522176114754,Evergreen VSA Broad Web,47519.31,taylorkhinojosa,https://www.tiktok.com/@taylorkhinojosa/video/7592029449768553783,7592029449768553783,2026-08-10
1847148177628178,1013301,my literal dream couch 🥰☁️✨  couch 🔗 is in my b i o !!! #wayfair #cloudcouch #sectional #momof3 #wayfaircreator  @Wayfair,Spark_Couches_Broad,1845521829995602,1845522176114754,Evergreen VSA Broad Web,46508.82,taylorkhinojosa,https://www.tiktok.com/@taylorkhinojosa/video/7555967682990984503?lang=en,7555967682990984503,2026-08-10
1860555394543777,9460401,Girl to girl… GET THE COUCH. #wayfair #wayfaircouch #cloudcouch #girl #homedecor @Wayfair,Spark_Couches_Broad,1845521829995602,1845522176114754,Evergreen VSA Broad Web,39167.47,taylorkhinojosa,https://www.tiktok.com/@taylorkhinojosa/video/7632389131947003150?lang=en,7632389131947003150,2026-08-10
1866465439035633,3198301,The most comfortable couch☁️ So easy to put together & the cushion covers are washable! @Wayfair #couchtok #cloudcouch #furniture #homeinspo #apartmentdecor,Spark_Couches_Broad,1845521829995602,1845522176114754,Evergreen VSA Broad Web,28589.1,laurenicole_,https://www.tiktok.com/@laurenicole_/video/7644036236897701134?lang=en,7644036236897701134,2026-08-10
1864472487983506,4922201,8 months later and we STILL love this couch!! 🤩☁️ 🔗 for this couch is in my b i o  #wayfair #wayfaircreator #sectional #wayfairfinds @Wayfair,Spark_Couches_Broad,1845521829995602,1845522176114754,Evergreen VSA Broad Web,26454.24,citycactuscountry,https://www.tiktok.com/@citycactuscountry/video/7526366402874314015?region=us_ttp,7526366402874314015,2026-08-10
1856120117911586,,A year later and we still love our @Wayfair Sectional! #wayfairfinds #apartmentfinds #wayfaircouch #fyp,Spark_Couches_Broad,1845521829995602,1845522176114754,Evergreen VSA Broad Web,23931.52,,,,2026-08-10
1856846773221378,8506401,Cozy vibes with wayfair products✨ 3 months of no regrets ✨ @Wayfair  #cozyhome #wayfairfinds #wayfairaffiliate #paratii #aesthetichomedecor,Spark_Couches_Broad,1845521829995602,1845522176114754,Evergreen VSA Broad Web,22228.37,jennmontoya_,https://www.tiktok.com/@jennmontoya_/video/7603472499367628046,7603472499367628046,2026-08-10
1859841369126225,5285901,Best purchase we have ever made for our home ☁️ @Wayfair #cloudcouch #wayfair #couch #kidfriendly #petfriendly #momtok #furniture #cloudcouchdupe #wayfairfinds #momsoftiktok #relatablemomcontent #dreamcouch,Spark_Couches_Broad,1845521829995602,1845522176114754,Evergreen VSA Broad Web,21297.66,kailaniparedes,https://www.tiktok.com/@kailaniparedes/video/7581348114137713950?lang=en,7581348114137713950,2026-08-10
1851967797544098,5285901,Replying to @mellymellsx   #apartmenttour #apartmentdecor #homefinds @Wayfair #wayfairfinds,Spark_Couches_Broad,1845521829995602,1845522176114754,Evergreen VSA Broad Web,13318.67,kailaniparedes,https://www.tiktok.com/@kailaniparedes/video/7581348114137713950?lang=en,7581348114137713950,2026-08-10
1866466516051234,5312801,"😍 This couch instantly upgraded my space  🤍 I love the neutral color and modern vibe — exactly what I was looking for @Wayfair 🖇️ Mahwah 98"" Chenille Square Arm Sofa L-Shape Convertible Sectional Couches Sofas with Storage Chaise By Latitude Run #wayfair #wayfaircreator #home #livingroom #couch",Spark_Couches_Broad,1845521829995602,1845522176114754,Evergreen VSA Broad Web,10499.77,sarabrinka,https://www.tiktok.com/@sarabrinka/video/7638474174532570398?lang=en,7638474174532570398,2026-08-10
1863751839242290,6594501,best wayfair purchase ever  #couch #homeinspo #wayfair #affordable #sofa,Spark_Couches_Broad,1845521829995602,1845522176114754,Evergreen VSA Broad Web,9024.07,ariellerobyn,https://www.tiktok.com/@ariellerobyn/video/7627174477389942030?lang=en,7627174477389942030,2026-08-10
1864472206721250,9373801,this is Barbie’s dream house 🤭 @Wayfair couch made it to the new house #pinkcouchgirl #pinkcouch #girlworld #homeinspiration #homedecor,Spark_Couches_Broad,1845521829995602,1845522176114754,Evergreen VSA Broad Web,7418.43,styledbymckenz,https://www.tiktok.com/@styledbymckenz/video/7634741626459426062?lang=en,7634741626459426062,2026-08-10
1868267139688673,,"The Tolzmann sectional from Wayfair, very affordable #wayfairfinds #wayfair #wayfaircreator #homedecor #fyp _wcp_hokkudesigns_tolzmann_couch_broad",Spark_Couches_Broad,1845521829995602,1845522176114754,Evergreen VSA Broad Web,1309.26,,,,2026-08-10
1863753288479778,1422001,"Luxe 108"" Corduroy Sectional  Wayfair guys! I’m in love  #wayfair #couch #fypシ゚viral🖤tiktok☆♡🦋myvideo #fypシ゚viral #sectional #corduroysectional #imnotgoinganywhere #fypシ",Spark_Couches_Broad,1845521829995602,1845522176114754,Evergreen VSA Broad Web,470.54,vibingwithdesire,https://www.tiktok.com/@vibingwithdesire/video/7442775210123742506?lang=en,7442775210123742506,2026-08-10
1857496233131009,6148601,Still obsessed with my couch after almost 2 and a half years. Fav purchase by far. Still adding finishing touches to my space! #homedecorideas #vintagedecor #homedecoronabudget #sectionalsofa #pinterestaesthetic,Spark_Couches_Broad,1845521829995602,1845522176114754,Evergreen VSA Broad Web,48.29,catherinejgroves,https://www.tiktok.com/@catherinejgroves/video/7568916407413427511?lang=en,7568916407413427511,2026-08-10
1856121606084625,2972501,Yup I’m obsessed with my new couch lol #wayfair #wayfairfinds,Spark_Couches_Broad_2,1848415167854594,1845522176114754,Evergreen VSA Broad Web,42299.49,crystyle_nyc,https://www.tiktok.com/@crystyle_nyc/video/7483937181543714090,7483937181543714090,2026-08-10
1860755150534690,9547401,"@Wayfair I am in LOVE!!!! I cannot believe how easy it was to put this together. If I can do it, anyone can do it🤣  #wayfairfinds #couch #furniture #apartmentdecor #newhome",Spark_Couches_Broad_2,1848415167854594,1845522176114754,Evergreen VSA Broad Web,25129.87,rebekah_moon22,https://www.tiktok.com/@rebekah_moon22/video/7636574442096708877?lang=en,7636574442096708877,2026-08-10
1850242684527634,6754901,Sensational 🥰 couch linked in biooo @Wayfair #wayfair #wayfairelevate #wayfaircreator #livingroom #cloudcouch,Spark_Couches_Broad_2,1848415167854594,1845522176114754,Evergreen VSA Broad Web,25056.03,@tamaramariexoxo,https://www.tiktok.com/@tamaramariexoxo/video/7573841650011606302?is_from_webapp=1&sender_device=pc,7573841650011606302,2026-08-10
1852256682475602,5125401,I will never stop talking about my @Wayfair couch. I spent a lot of time and research to pick this out because I wanted to create a living room I actually wanted to be in. So glad I went with this purchase. #wayfair #ad #wayfaircreator #creatorsearchinsight #TikTokCreatorSearchInsightsIncentive,Spark_Couches_Broad_2,1848415167854594,1845522176114754,Evergreen VSA Broad Web,22780.46,donniemami,https://www.tiktok.com/@donniemami/video/7586452558936427790,7586452558936427790,2026-08-10
1850961936313489,,I love this couch so much! #wayfair #couch #homefinds #wayfaircouch @Wayfair,Spark_Couches_Broad_2,1848415167854594,1845522176114754,Evergreen VSA Broad Web,17000.37,,,,2026-08-10
1848419023800545,5136701,Replying to @Braids @Wayfair dayum sectional,Spark_Couches_Broad_2,1848415167854594,1845522176114754,Evergreen VSA Broad Web,15419.54,nikki.influence,https://www.tiktok.com/@nikki.influence/video/7487674664429341983,7487674664429341983,2026-08-10
1864471752955089,9547401,"Replying to @Mangwi Emilda, RN for reference I am 5’8 tall. It’s the Tolzman sectional sofa on wayfair @Wayfair #sectional #dreamcouch #mostcomfortablecouch #fyp #wayfairfinds",Spark_Couches_Broad_2,1848415167854594,1845522176114754,Evergreen VSA Broad Web,12462.78,rebekah_moon22,https://www.tiktok.com/@rebekah_moon22/video/7636574442096708877?lang=en,7636574442096708877,2026-08-10
1853223869078545,9547401,I put my @Wayfair Tolzmann couch together 😝  #wayfair #newapartment #newcouch,Spark_Couches_Broad_2,1848415167854594,1845522176114754,Evergreen VSA Broad Web,9821.17,rebekah_moon22,https://www.tiktok.com/@rebekah_moon22/video/7636574442096708877?lang=en,7636574442096708877,2026-08-10
1851146350840993,9547401,"Still in love with our @Wayfair couch!✨ 🔗 on my LTK Only thing I’m not a fan of are the pillows that came with the couch, a bit on the stutter side Tor my liking so I purchased 18x18 inserts and o chocolate brown boucle shams to match our boucle brown throw :) Last month my daughter got blood on it, i was shaking in my boots. But hydrogen proxide and dabbing method took it right off!!! I did spray it with a protector however, i followed the instructions and the water never did the bubbling effect it should’ve, so not sure that works lol. Also got a few questions on storage, there is no storage components to this couch. You can remove the pillow cushions but not sure about the rest (Wayfair says not removable per the description). Anyways, I’d still recommend this couch if you’re looking for a boneless, comfortable sectional for your space!!🤍✨#creatorsearchinsights #wayfaircouch #couchreview #aesthetichome #homedecorideas",Spark_Couches_Broad_2,1848415167854594,1845522176114754,Evergreen VSA Broad Web,4491.49,rebekah_moon22,https://www.tiktok.com/@rebekah_moon22/video/7636574442096708877?lang=en,7636574442096708877,2026-08-10
1864471752955105,9547401,Loving our new sofa from @Wayfair 💚 thank you to my husband for being the best!! #wayfair #newfurniture #wayfairfinds #nesting #sectional,Spark_Couches_Broad_2,1848415167854594,1845522176114754,Evergreen VSA Broad Web,3268.31,rebekah_moon22,https://www.tiktok.com/@rebekah_moon22/video/7636574442096708877?lang=en,7636574442096708877,2026-08-10
1851678719148050,,favorite apartment item!! 🤍 couch from @Wayfair #wayfaircreator #wayfaircouch  link: https://creatoriq.cc/4nrh54a,Spark_Couches_Broad_2,1848415167854594,1845522176114754,Evergreen VSA Broad Web,1838.17,,,,2026-08-10
1851232293246034,3107301,Easying into winter with a book and a candle in my new cozy corner. So grateful. #eveningrituals #cozycorner #booktok #fyp #winterdiaries @Wayfair,Spark_Couches_Broad_2,1848415167854594,1845522176114754,Evergreen VSA Broad Web,266.55,claraacara,https://www.tiktok.com/@claraacara/video/7574053598494018847?lang=en,7574053598494018847,2026-08-10
1871450364094545,1691001,Movie night went hard with the ottoman bed 🙂‍↕️🙂‍↕️ #wayfair #sectional #wayfairsectional @Wayfair _search_bri_yarbs_couches_broad_FF,Spark_Couches_Broad_2_FF,1871339758766146,1871339683323985,Evergreen VSA Broad Web FF,7512.85,bri_yarbs,https://www.tiktok.com/@bri_yarbs/video/7638624531493539085?lang=en,7638624531493539085,2026-08-10
1871342915817569,2972501,Yup I’m obsessed with my new couch lol #wayfair #wayfairfinds _search_latituderun_nyerere_sofa_broad_FF,Spark_Couches_Broad_2_FF,1871339758766146,1871339683323985,Evergreen VSA Broad Web FF,1039.72,crystyle_nyc,https://www.tiktok.com/@crystyle_nyc/video/7483937181543714090,7483937181543714090,2026-08-10
1871342915817553,2972501,Unbox my new couch with me! ✨ #wayfair #wayfaircouch #whitecouch #livingroomdecor #couch #foryou #fyp #viral _search_latituderun_nyerere_sofa_broad_FF,Spark_Couches_Broad_2_FF,1871339758766146,1871339683323985,Evergreen VSA Broad Web FF,819.25,crystyle_nyc,https://www.tiktok.com/@crystyle_nyc/video/7483937181543714090,7483937181543714090,2026-08-10
1871342912781826,5136701,Replying to @Braids @Wayfair dayum sectional _mercer41_fairford_sectional_briad_FF,Spark_Couches_Broad_2_FF,1871339758766146,1871339683323985,Evergreen VSA Broad Web FF,463.26,nikki.influence,https://www.tiktok.com/@nikki.influence/video/7487674664429341983,7487674664429341983,2026-08-10
1871342915817585,2972501,thank you wayfair!!!! wooooooot i’m so excited #wayfair #sectional #couch #couchhunt #aesthetic #couch #wayfaircouch #greencouch #greencouches #homeaesthetic #apartment _search_latituderun_nyerere_sofa_broad_FF,Spark_Couches_Broad_2_FF,1871339758766146,1871339683323985,Evergreen VSA Broad Web FF,327.1,crystyle_nyc,https://www.tiktok.com/@crystyle_nyc/video/7483937181543714090,7483937181543714090,2026-08-10
1871342921882866,3107301,Easying into winter with a book and a candle in my new cozy corner. So grateful. #eveningrituals #cozycorner #booktok #fyp #winterdiaries @Wayfair _search_serta_durango_sleepersofa_broad_FF,Spark_Couches_Broad_2_FF,1871339758766146,1871339683323985,Evergreen VSA Broad Web FF,203.03,claraacara,https://www.tiktok.com/@claraacara/video/7574053598494018847?lang=en,7574053598494018847,2026-08-10
1871342916822129,,Just want to bundle up on my couch through this chilly weather #couch #nyc @Wayfair _search_latituderun_flaubert_gwendoly_sofa_broad_FF,Spark_Couches_Broad_2_FF,1871339758766146,1871339683323985,Evergreen VSA Broad Web FF,10.24,,,,2026-08-10
1871342916823169,,@Wayfair obsessed with the final look ✨ #wayfair #wayfairfurniture #wayfaircouch #sofa #wayfairfinds _search_latituderun_flaubert_gwendoly_sofa_broad_FF,Spark_Couches_Broad_2_FF,1871339758766146,1871339683323985,Evergreen VSA Broad Web FF,7.63,,,,2026-08-10
1871342924657026,,Replying to @Krystal N Khloé  6 month update! 💓  #wayfair #pinkcouch #pinkaesthetic _search_viralpinkcouch_broad_FF,Spark_Couches_Broad_2_FF,1871339758766146,1871339683323985,Evergreen VSA Broad Web FF,6.91,,,,2026-08-10
1871342924654786,,I will tag the girl who influenced this purchase 💗🌸💝🎀 I am absolutely in love with my pink couch! Check it out on @Wayfair #fyp #wayfair #wayfairfinds #pink #couch #pinkcouch #diy #homeimprovement #dayinmylife #dayinthelife #happyathome #creatorsearchinsights  _search_viralpinkcouch_broad_FF,Spark_Couches_Broad_2_FF,1871339758766146,1871339683323985,Evergreen VSA Broad Web FF,6.9,,,,2026-08-10
1871450379905090,1691001,Movie night went hard with the ottoman bed 🙂‍↕️🙂‍↕️ #wayfair #sectional #wayfairsectional @Wayfair _search_bri_yarbs_couches_broad_LF,Spark_Couches_Broad_2_LF,1871339910950129,1871338571302274,Evergreen VSA Broad Web LF,14731.01,bri_yarbs,https://www.tiktok.com/@bri_yarbs/video/7638624531493539085?lang=en,7638624531493539085,2026-08-10
1871342385521729,2972501,Yup I’m obsessed with my new couch lol #wayfair #wayfairfinds _search_latituderun_nyerere_sofa_broad_LF,Spark_Couches_Broad_2_LF,1871339910950129,1871338571302274,Evergreen VSA Broad Web LF,2954.9,crystyle_nyc,https://www.tiktok.com/@crystyle_nyc/video/7483937181543714090,7483937181543714090,2026-08-10
1871342385520689,2972501,Unbox my new couch with me! ✨ #wayfair #wayfaircouch #whitecouch #livingroomdecor #couch #foryou #fyp #viral _search_latituderun_nyerere_sofa_broad_LF,Spark_Couches_Broad_2_LF,1871339910950129,1871338571302274,Evergreen VSA Broad Web LF,2377.81,crystyle_nyc,https://www.tiktok.com/@crystyle_nyc/video/7483937181543714090,7483937181543714090,2026-08-10
1871342335364338,5136701,Replying to @Braids @Wayfair dayum sectional _mercer41_fairford_sectional_briad_LF,Spark_Couches_Broad_2_LF,1871339910950129,1871338571302274,Evergreen VSA Broad Web LF,1635.73,nikki.influence,https://www.tiktok.com/@nikki.influence/video/7487674664429341983,7487674664429341983,2026-08-10
1871342385521745,2972501,thank you wayfair!!!! wooooooot i’m so excited #wayfair #sectional #couch #couchhunt #aesthetic #couch #wayfaircouch #greencouch #greencouches #homeaesthetic #apartment _search_latituderun_nyerere_sofa_broad_LF,Spark_Couches_Broad_2_LF,1871339910950129,1871338571302274,Evergreen VSA Broad Web LF,1056.04,crystyle_nyc,https://www.tiktok.com/@crystyle_nyc/video/7483937181543714090,7483937181543714090,2026-08-10
1871342397740113,3107301,Easying into winter with a book and a candle in my new cozy corner. So grateful. #eveningrituals #cozycorner #booktok #fyp #winterdiaries @Wayfair _search_serta_durango_sleepersofa_broad_LF,Spark_Couches_Broad_2_LF,1871339910950129,1871338571302274,Evergreen VSA Broad Web LF,610.04,claraacara,https://www.tiktok.com/@claraacara/video/7574053598494018847?lang=en,7574053598494018847,2026-08-10
1871342382829825,,Just want to bundle up on my couch through this chilly weather #couch #nyc @Wayfair _search_latituderun_flaubert_gwendoly_sofa_broad_LF,Spark_Couches_Broad_2_LF,1871339910950129,1871338571302274,Evergreen VSA Broad Web LF,32.01,,,,2026-08-10
1871342382830657,,@Wayfair obsessed with the final look ✨ #wayfair #wayfairfurniture #wayfaircouch #sofa #wayfairfinds _search_latituderun_flaubert_gwendoly_sofa_broad_LF,Spark_Couches_Broad_2_LF,1871339910950129,1871338571302274,Evergreen VSA Broad Web LF,10.81,,,,2026-08-10
1871342413979842,,I will tag the girl who influenced this purchase 💗🌸💝🎀 I am absolutely in love with my pink couch! Check it out on @Wayfair #fyp #wayfair #wayfairfinds #pink #couch #pinkcouch #diy #homeimprovement #dayinmylife #dayinthelife #happyathome #creatorsearchinsights  _search_viralpinkcouch_broad_LF,Spark_Couches_Broad_2_LF,1871339910950129,1871338571302274,Evergreen VSA Broad Web LF,9.74,,,,2026-08-10
1871342413979858,,Replying to @Krystal N Khloé  6 month update! 💓  #wayfair #pinkcouch #pinkaesthetic _search_viralpinkcouch_broad_LF,Spark_Couches_Broad_2_LF,1871339910950129,1871338571302274,Evergreen VSA Broad Web LF,6.69,,,,2026-08-10
1871342888124706,5285901,Final reveal of my living room plus dining area NYCHA  remodel @Wendy Ortiz _search_latituderun_nyerere_couch_broad_FF,Spark_Couches_Broad_FF,1871339749665202,1871339683323985,Evergreen VSA Broad Web FF,5311.12,kailaniparedes,https://www.tiktok.com/@kailaniparedes/video/7581348114137713950?lang=en,7581348114137713950,2026-08-10
1871342888123554,5285901,the coziest couch☁️✨   🔗 in bio @Wayfair #wayfair #cloudcouch #modularsofa #wayfairfinds #cozyhome _search_latituderun_nyerere_couch_broad_FF,Spark_Couches_Broad_FF,1871339749665202,1871339683323985,Evergreen VSA Broad Web FF,4201.53,kailaniparedes,https://www.tiktok.com/@kailaniparedes/video/7581348114137713950?lang=en,7581348114137713950,2026-08-10
1871342862475442,1013301,my literal dream couch 🥰☁️✨  couch 🔗 is in my b i o !!! #wayfair #cloudcouch #sectional #momof3 #wayfaircreator  @Wayfair _latituderun_cloud_couch_broad_FF,Spark_Couches_Broad_FF,1871339749665202,1871339683323985,Evergreen VSA Broad Web FF,3801.72,taylorkhinojosa,https://www.tiktok.com/@taylorkhinojosa/video/7555967682990984503?lang=en,7555967682990984503,2026-08-10
1871342893327474,4922201,Girl to girl… GET THE COUCH. #wayfair #wayfaircouch #cloudcouch #girl #homedecor @Wayfair _search_latituderun_u_shape_cloudcouch_broad_FF,Spark_Couches_Broad_FF,1871339749665202,1871339683323985,Evergreen VSA Broad Web FF,3781.9,citycactuscountry,https://www.tiktok.com/@citycactuscountry/video/7526366402874314015?region=us_ttp,7526366402874314015,2026-08-10
1871342892421121,1422001,"Luxe 108"" Corduroy Sectional  Wayfair guys! I’m in love  #wayfair #couch #fypシ゚viral🖤tiktok☆♡🦋myvideo #fypシ゚viral #sectional #corduroysectional #imnotgoinganywhere #fypシ _search_luxe108_corduroy_sectional_broad_FF",Spark_Couches_Broad_FF,1871339749665202,1871339683323985,Evergreen VSA Broad Web FF,3497.85,vibingwithdesire,https://www.tiktok.com/@vibingwithdesire/video/7442775210123742506?lang=en,7442775210123742506,2026-08-10
1871342901985346,6148601,Still obsessed with my couch after almost 2 and a half years. Fav purchase by far. Still adding finishing touches to my space! #homedecorideas #vintagedecor #homedecoronabudget #sectionalsofa #pinterestaesthetic _search_wadelogan_antiqua_sectional_broad_FF,Spark_Couches_Broad_FF,1871339749665202,1871339683323985,Evergreen VSA Broad Web FF,2895.65,catherinejgroves,https://www.tiktok.com/@catherinejgroves/video/7568916407413427511?lang=en,7568916407413427511,2026-08-10
1871342893327490,4922201,8 months later and we STILL love this couch!! 🤩☁️ 🔗 for this couch is in my b i o  #wayfair #wayfaircreator #sectional #wayfairfinds @Wayfair _search_latituderun_u_shape_cloudcouch_broad_FF,Spark_Couches_Broad_FF,1871339749665202,1871339683323985,Evergreen VSA Broad Web FF,2485.14,citycactuscountry,https://www.tiktok.com/@citycactuscountry/video/7526366402874314015?region=us_ttp,7526366402874314015,2026-08-10
1871342870480034,3162001,Replying to @Laila.Elisex  here’s the sink test! 🤝  #fyp #couch #wayfaircreator #wayfair #momsoftiktok @Wayfair _search_latituderun_1557_cloud_sectional_broad_FF,Spark_Couches_Broad_FF,1871339749665202,1871339683323985,Evergreen VSA Broad Web FF,2185.24,taylorkhinojosa,https://www.tiktok.com/@taylorkhinojosa/video/7592029449768553783,7592029449768553783,2026-08-10
1871450288866641,7370601,She’s baaaaack! Link in my bio! 🔗 pinned video on my page answering all of your questions about it! #wayfair #wayfairsectional #sectional #sofa _search_bri_yarbs_couches_broad_FF,Spark_Couches_Broad_FF,1871339749665202,1871339683323985,Evergreen VSA Broad Web FF,1712.45,bri_yarbs,https://www.tiktok.com/@bri_yarbs/video/7646503146604285197?lang=en,7646503146604285197,2026-08-10
1871450353114161,8705001,couch is from wayfair 🔗 in bio!! @Wayfair #wayfairfinds #wayfair #wayfairfurniture #newcouch #wayfairsectional _search_marksversion13_couches_broad_FF,Spark_Couches_Broad_FF,1871339749665202,1871339683323985,Evergreen VSA Broad Web FF,1692.99,marksversion13,https://www.tiktok.com/@marksversion13/video/7648808940859362573,7648808940859362573,2026-08-10
1871342888124690,5285901,FINALLY got a couch! Couch is from @Wayfair _search_latituderun_nyerere_couch_broad_FF,Spark_Couches_Broad_FF,1871339749665202,1871339683323985,Evergreen VSA Broad Web FF,1512.59,kailaniparedes,https://www.tiktok.com/@kailaniparedes/video/7581348114137713950?lang=en,7581348114137713950,2026-08-10
1871342888123538,5285901,Replying to @mellymellsx   #apartmenttour #apartmentdecor #homefinds @Wayfair #wayfairfinds _search_latituderun_nyerere_couch_broad_FF,Spark_Couches_Broad_FF,1871339749665202,1871339683323985,Evergreen VSA Broad Web FF,1504.3,kailaniparedes,https://www.tiktok.com/@kailaniparedes/video/7581348114137713950?lang=en,7581348114137713950,2026-08-10
1871342904747089,4922201,The prettiest piece of furniture in my house.   The stunning 10 piece adjustable sectional from @Wayfair #wayfair #wayfaircreator #wayfairfinds #wayfairfinds _search_wadelogan_arfsten_sectional_broad_FF,Spark_Couches_Broad_FF,1871339749665202,1871339683323985,Evergreen VSA Broad Web FF,1292.81,citycactuscountry,https://www.tiktok.com/@citycactuscountry/video/7526366402874314015?region=us_ttp,7526366402874314015,2026-08-10
1871342881541377,8506401,Cozy vibes with wayfair products✨ 3 months of no regrets ✨ @Wayfair  #cozyhome #wayfairfinds #wayfairaffiliate #paratii #aesthetichomedecor _search_latituderun_mauralia_sectional_broad_FF,Spark_Couches_Broad_FF,1871339749665202,1871339683323985,Evergreen VSA Broad Web FF,1261.65,jennmontoya_,https://www.tiktok.com/@jennmontoya_/video/7603472499367628046,7603472499367628046,2026-08-10
1871342888124722,5285901,Best purchase we have ever made for our home ☁️ @Wayfair #cloudcouch #wayfair #couch #kidfriendly #petfriendly #momtok #furniture #cloudcouchdupe #wayfairfinds #momsoftiktok #relatablemomcontent #dreamcouch _search_latituderun_nyerere_couch_broad_FF,Spark_Couches_Broad_FF,1871339749665202,1871339683323985,Evergreen VSA Broad Web FF,960.93,kailaniparedes,https://www.tiktok.com/@kailaniparedes/video/7581348114137713950?lang=en,7581348114137713950,2026-08-10
1871342866391169,9243001,@Wayfair .. they had just what I needed. #newcouch #wayfair_redbarrel_kiall_sectional_broad_FF,Spark_Couches_Broad_FF,1871339749665202,1871339683323985,Evergreen VSA Broad Web FF,916.43,meghanrussell_,https://www.tiktok.com/@meghanrussell_/video/7556207735696608542?region=us_ttp,7556207735696608542,2026-08-10
1871342879163506,5312801,"😍 This couch instantly upgraded my space  🤍 I love the neutral color and modern vibe — exactly what I was looking for @Wayfair 🖇️ Mahwah 98"" Chenille Square Arm Sofa L-Shape Convertible Sectional Couches Sofas with Storage Chaise By Latitude Run #wayfair #wayfaircreator #home #livingroom #couch  _search_latituderun_mahwah_sofa_broad_FF",Spark_Couches_Broad_FF,1871339749665202,1871339683323985,Evergreen VSA Broad Web FF,872.97,sarabrinka,https://www.tiktok.com/@sarabrinka/video/7638474174532570398?lang=en,7638474174532570398,2026-08-10
1871342904747105,4922201,"The best movie night couch, under 2k and she’s sooooo pretty!  Link in bio for details. Washable cushions, and adjustable to so many positions.#wayfair #wayfaircreator @Wayfair _search_wadelogan_arfsten_sectional_broad_FF",Spark_Couches_Broad_FF,1871339749665202,1871339683323985,Evergreen VSA Broad Web FF,858.86,citycactuscountry,https://www.tiktok.com/@citycactuscountry/video/7526366402874314015?region=us_ttp,7526366402874314015,2026-08-10
1871341416713506,1362201,happy monday morning girlies!! let’s have a great week 🤍 #mondaymotivation #morningroutine #productivity #dailyhabits #healthandwellness _latituderun_neipert_sectional_broad_FF,Spark_Couches_Broad_FF,1871339749665202,1871339683323985,Evergreen VSA Broad Web FF,843.85,stephanieivette_,https://www.tiktok.com/@stephanieivette_/video/7558173321922202910,7558173321922202910,2026-08-10
1871342881540177,8506401,day 1: turning our corner unit into a home 🕊 starting with the couch @Wayfair #newapartment #decorating #austincontentcreator #newcouch _search_latituderun_mauralia_sectional_broad_FF,Spark_Couches_Broad_FF,1871339749665202,1871339683323985,Evergreen VSA Broad Web FF,764.67,jennmontoya_,https://www.tiktok.com/@jennmontoya_/video/7603472499367628046,7603472499367628046,2026-08-10
1871342874892609,6594501,best wayfair purchase ever  #couch #homeinspo #wayfair #affordable #sofa _search_latituderun_eugenija_sectional_broad_FF,Spark_Couches_Broad_FF,1871339749665202,1871339683323985,Evergreen VSA Broad Web FF,698.47,ariellerobyn,https://www.tiktok.com/@ariellerobyn/video/7627174477389942030?lang=en,7627174477389942030,2026-08-10
1871342888125762,5285901,@Wayfair my couch went viral for good reason it’s seriously the best affordable couch!! The link to the exact one is in my link tree in my bio🤍🤍🤍 #wayfair #wayfaircouch #comfycouch #nyccouch #wayfairfinds _search_latituderun_nyerere_couch_broad_FF,Spark_Couches_Broad_FF,1871339749665202,1871339683323985,Evergreen VSA Broad Web FF,687.25,kailaniparedes,https://www.tiktok.com/@kailaniparedes/video/7581348114137713950?lang=en,7581348114137713950,2026-08-10
1871342904747073,4922201,Yes.  You need this couch before the holidays.  #wayfairfinds #ad #wayfaircreator #wayfairelevate #wayfair @Wayfair _search_wadelogan_arfsten_sectional_broad_FF,Spark_Couches_Broad_FF,1871339749665202,1871339683323985,Evergreen VSA Broad Web FF,653.34,citycactuscountry,https://www.tiktok.com/@citycactuscountry/video/7526366402874314015?region=us_ttp,7526366402874314015,2026-08-10
1871342888124674,5285901,"Get the couch !!  Nyerere 123.24"" Upholstered Sofa by Latitude Run on  @Wayfair   #wayfair #wayfairfinds #couch #couchtok _search_latituderun_nyerere_couch_broad_FF",Spark_Couches_Broad_FF,1871339749665202,1871339683323985,Evergreen VSA Broad Web FF,546.51,kailaniparedes,https://www.tiktok.com/@kailaniparedes/video/7581348114137713950?lang=en,7581348114137713950,2026-08-10
1871342870480050,3162001,"Replying to @️Allie three month couch update, we STILL love it!!!  #fyp #couch #wayfaircreator #wayfair #momsoftiktok @Wayfair _search_latituderun_1557_cloud_sectional_broad_FF",Spark_Couches_Broad_FF,1871339749665202,1871339683323985,Evergreen VSA Broad Web FF,524.31,taylorkhinojosa,https://www.tiktok.com/@taylorkhinojosa/video/7592029449768553783,7592029449768553783,2026-08-10
1871342888123570,5285901,"Cute, my dream couch 😍 thank you @Wayfair ✨ Couch deets: Nyerere 123.24” Upholstered Sofa. #CapCut #wayfair #wayfaircreator #fyp #homedecor _search_latituderun_nyerere_couch_broad_FF",Spark_Couches_Broad_FF,1871339749665202,1871339683323985,Evergreen VSA Broad Web FF,384.77,kailaniparedes,https://www.tiktok.com/@kailaniparedes/video/7581348114137713950?lang=en,7581348114137713950,2026-08-10
1871342909110434,,time to switch up the sofa 🛋️ introducing the bubble couch 🫧 very kindly gifted from @Wayfair UK #asmr #asmrsounds #unboxing #newsofa #bubblesofa #maximalism #loftapartment #funkyhomedecor _vig_blodget_sofa_broad_FF,Spark_Couches_Broad_FF,1871339749665202,1871339683323985,Evergreen VSA Broad Web FF,14.17,,,,2026-08-10
1871342306656354,5285901,Final reveal of my living room plus dining area NYCHA  remodel @Wendy Ortiz _search_latituderun_nyerere_couch_broad_LF,Spark_Couches_Broad_LF,1871339896643714,1871338571302274,Evergreen VSA Broad Web LF,10646.34,kailaniparedes,https://www.tiktok.com/@kailaniparedes/video/7581348114137713950?lang=en,7581348114137713950,2026-08-10
1871342278774082,1013301,my literal dream couch 🥰☁️✨  couch 🔗 is in my b i o !!! #wayfair #cloudcouch #sectional #momof3 #wayfaircreator  @Wayfair _latituderun_cloud_couch_broad_LF,Spark_Couches_Broad_LF,1871339896643714,1871338571302274,Evergreen VSA Broad Web LF,10296.11,taylorkhinojosa,https://www.tiktok.com/@taylorkhinojosa/video/7555967682990984503?lang=en,7555967682990984503,2026-08-10
1871342306654242,5285901,the coziest couch☁️✨   🔗 in bio @Wayfair #wayfair #cloudcouch #modularsofa #wayfairfinds #cozyhome _search_latituderun_nyerere_couch_broad_LF,Spark_Couches_Broad_LF,1871339896643714,1871338571302274,Evergreen VSA Broad Web LF,8948.4,kailaniparedes,https://www.tiktok.com/@kailaniparedes/video/7581348114137713950?lang=en,7581348114137713950,2026-08-10
1871342334543089,1422001,"Luxe 108"" Corduroy Sectional  Wayfair guys! I’m in love  #wayfair #couch #fypシ゚viral🖤tiktok☆♡🦋myvideo #fypシ゚viral #sectional #corduroysectional #imnotgoinganywhere #fypシ _search_luxe108_corduroy_sectional_broad_LF",Spark_Couches_Broad_LF,1871339896643714,1871338571302274,Evergreen VSA Broad Web LF,8465.19,vibingwithdesire,https://www.tiktok.com/@vibingwithdesire/video/7442775210123742506?lang=en,7442775210123742506,2026-08-10
1871342353988705,6148601,Still obsessed with my couch after almost 2 and a half years. Fav purchase by far. Still adding finishing touches to my space! #homedecorideas #vintagedecor #homedecoronabudget #sectionalsofa #pinterestaesthetic _search_wadelogan_antiqua_sectional_broad_LF,Spark_Couches_Broad_LF,1871339896643714,1871338571302274,Evergreen VSA Broad Web LF,8063.6,catherinejgroves,https://www.tiktok.com/@catherinejgroves/video/7568916407413427511?lang=en,7568916407413427511,2026-08-10
1871342287832082,3162001,Replying to @Laila.Elisex  here’s the sink test! 🤝  #fyp #couch #wayfaircreator #wayfair #momsoftiktok @Wayfair _search_latituderun_1557_cloud_sectional_broad_LF,Spark_Couches_Broad_LF,1871339896643714,1871338571302274,Evergreen VSA Broad Web LF,4872.85,taylorkhinojosa,https://www.tiktok.com/@taylorkhinojosa/video/7592029449768553783,7592029449768553783,2026-08-10
1871342306656338,5285901,FINALLY got a couch! Couch is from @Wayfair _search_latituderun_nyerere_couch_broad_LF,Spark_Couches_Broad_LF,1871339896643714,1871338571302274,Evergreen VSA Broad Web LF,3818.26,kailaniparedes,https://www.tiktok.com/@kailaniparedes/video/7581348114137713950?lang=en,7581348114137713950,2026-08-10
1871342369066242,4922201,The prettiest piece of furniture in my house.   The stunning 10 piece adjustable sectional from @Wayfair #wayfair #wayfaircreator #wayfairfinds #wayfairfinds _search_wadelogan_arfsten_sectional_broad_LF,Spark_Couches_Broad_LF,1871339896643714,1871338571302274,Evergreen VSA Broad Web LF,3101.65,citycactuscountry,https://www.tiktok.com/@citycactuscountry/video/7526366402874314015?region=us_ttp,7526366402874314015,2026-08-10
1871342306654226,5285901,Replying to @mellymellsx   #apartmenttour #apartmentdecor #homefinds @Wayfair #wayfairfinds _search_latituderun_nyerere_couch_broad_LF,Spark_Couches_Broad_LF,1871339896643714,1871338571302274,Evergreen VSA Broad Web LF,2952.47,kailaniparedes,https://www.tiktok.com/@kailaniparedes/video/7581348114137713950?lang=en,7581348114137713950,2026-08-10
1871342301477169,8506401,Cozy vibes with wayfair products✨ 3 months of no regrets ✨ @Wayfair  #cozyhome #wayfairfinds #wayfairaffiliate #paratii #aesthetichomedecor _search_latituderun_mauralia_sectional_broad_LF,Spark_Couches_Broad_LF,1871339896643714,1871338571302274,Evergreen VSA Broad Web LF,2760.09,jennmontoya_,https://www.tiktok.com/@jennmontoya_/video/7603472499367628046,7603472499367628046,2026-08-10
1871342366862385,4922201,Yes.  You need this couch before the holidays.  #wayfairfinds #ad #wayfaircreator #wayfairelevate #wayfair @Wayfair _search_wadelogan_arfsten_sectional_broad_LF,Spark_Couches_Broad_LF,1871339896643714,1871338571302274,Evergreen VSA Broad Web LF,2490.36,citycactuscountry,https://www.tiktok.com/@citycactuscountry/video/7526366402874314015?region=us_ttp,7526366402874314015,2026-08-10
1871342310630465,4922201,Girl to girl… GET THE COUCH. #wayfair #wayfaircouch #cloudcouch #girl #homedecor @Wayfair _search_latituderun_u_shape_cloudcouch_broad_LF,Spark_Couches_Broad_LF,1871339896643714,1871338571302274,Evergreen VSA Broad Web LF,2358.08,citycactuscountry,https://www.tiktok.com/@citycactuscountry/video/7526366402874314015?region=us_ttp,7526366402874314015,2026-08-10
1871450364087377,7370601,She’s baaaaack! Link in my bio! 🔗 pinned video on my page answering all of your questions about it! #wayfair #wayfairsectional #sectional #sofa _search_bri_yarbs_couches_broad_LF,Spark_Couches_Broad_LF,1871339896643714,1871338571302274,Evergreen VSA Broad Web LF,2144.02,bri_yarbs,https://www.tiktok.com/@bri_yarbs/video/7646503146604285197?lang=en,7646503146604285197,2026-08-10
1871450359404625,8705001,couch is from wayfair 🔗 in bio!! @Wayfair #wayfairfinds #wayfair #wayfairfurniture #newcouch #wayfairsectional _search_marksversion13_couches_broad_LF,Spark_Couches_Broad_LF,1871339896643714,1871338571302274,Evergreen VSA Broad Web LF,1783.49,marksversion13,https://www.tiktok.com/@marksversion13/video/7648808940859362573,7648808940859362573,2026-08-10
1871342306658306,5285901,@Wayfair my couch went viral for good reason it’s seriously the best affordable couch!! The link to the exact one is in my link tree in my bio🤍🤍🤍 #wayfair #wayfaircouch #comfycouch #nyccouch #wayfairfinds _search_latituderun_nyerere_couch_broad_LF,Spark_Couches_Broad_LF,1871339896643714,1871338571302274,Evergreen VSA Broad Web LF,1619.58,kailaniparedes,https://www.tiktok.com/@kailaniparedes/video/7581348114137713950?lang=en,7581348114137713950,2026-08-10
1871342301477153,8506401,day 1: turning our corner unit into a home 🕊 starting with the couch @Wayfair #newapartment #decorating #austincontentcreator #newcouch _search_latituderun_mauralia_sectional_broad_LF,Spark_Couches_Broad_LF,1871339896643714,1871338571302274,Evergreen VSA Broad Web LF,1579.36,jennmontoya_,https://www.tiktok.com/@jennmontoya_/video/7603472499367628046,7603472499367628046,2026-08-10
1871342306656322,5285901,"Get the couch !!  Nyerere 123.24"" Upholstered Sofa by Latitude Run on  @Wayfair   #wayfair #wayfairfinds #couch #couchtok _search_latituderun_nyerere_couch_broad_LF",Spark_Couches_Broad_LF,1871339896643714,1871338571302274,Evergreen VSA Broad Web LF,1520.05,kailaniparedes,https://www.tiktok.com/@kailaniparedes/video/7581348114137713950?lang=en,7581348114137713950,2026-08-10
1871342296069329,5312801,"😍 This couch instantly upgraded my space  🤍 I love the neutral color and modern vibe — exactly what I was looking for @Wayfair 🖇️ Mahwah 98"" Chenille Square Arm Sofa L-Shape Convertible Sectional Couches Sofas with Storage Chaise By Latitude Run #wayfair #wayfaircreator #home #livingroom #couch  _search_latituderun_mahwah_sofa_broad_LF",Spark_Couches_Broad_LF,1871339896643714,1871338571302274,Evergreen VSA Broad Web LF,1394.26,sarabrinka,https://www.tiktok.com/@sarabrinka/video/7638474174532570398?lang=en,7638474174532570398,2026-08-10
1871342284210354,9243001,@Wayfair .. they had just what I needed. #newcouch #wayfair_redbarrel_kiall_sectional_broad_LF,Spark_Couches_Broad_LF,1871339896643714,1871338571302274,Evergreen VSA Broad Web LF,1363.68,meghanrussell_,https://www.tiktok.com/@meghanrussell_/video/7556207735696608542?region=us_ttp,7556207735696608542,2026-08-10
1871342293162193,6594501,best wayfair purchase ever  #couch #homeinspo #wayfair #affordable #sofa _search_latituderun_eugenija_sectional_broad_LF,Spark_Couches_Broad_LF,1871339896643714,1871338571302274,Evergreen VSA Broad Web LF,1227.29,ariellerobyn,https://www.tiktok.com/@ariellerobyn/video/7627174477389942030?lang=en,7627174477389942030,2026-08-10
1871342310630481,4922201,8 months later and we STILL love this couch!! 🤩☁️ 🔗 for this couch is in my b i o  #wayfair #wayfaircreator #sectional #wayfairfinds @Wayfair _search_latituderun_u_shape_cloudcouch_broad_LF,Spark_Couches_Broad_LF,1871339896643714,1871338571302274,Evergreen VSA Broad Web LF,1096.14,citycactuscountry,https://www.tiktok.com/@citycactuscountry/video/7526366402874314015?region=us_ttp,7526366402874314015,2026-08-10
1871342306656370,5285901,Best purchase we have ever made for our home ☁️ @Wayfair #cloudcouch #wayfair #couch #kidfriendly #petfriendly #momtok #furniture #cloudcouchdupe #wayfairfinds #momsoftiktok #relatablemomcontent #dreamcouch _search_latituderun_nyerere_couch_broad_LF,Spark_Couches_Broad_LF,1871339896643714,1871338571302274,Evergreen VSA Broad Web LF,1089.7,kailaniparedes,https://www.tiktok.com/@kailaniparedes/video/7581348114137713950?lang=en,7581348114137713950,2026-08-10
1871342369066258,4922201,"The best movie night couch, under 2k and she’s sooooo pretty!  Link in bio for details. Washable cushions, and adjustable to so many positions.#wayfair #wayfaircreator @Wayfair _search_wadelogan_arfsten_sectional_broad_LF",Spark_Couches_Broad_LF,1871339896643714,1871338571302274,Evergreen VSA Broad Web LF,998.83,citycactuscountry,https://www.tiktok.com/@citycactuscountry/video/7526366402874314015?region=us_ttp,7526366402874314015,2026-08-10
1871342306654258,5285901,"Cute, my dream couch 😍 thank you @Wayfair ✨ Couch deets: Nyerere 123.24” Upholstered Sofa. #CapCut #wayfair #wayfaircreator #fyp #homedecor _search_latituderun_nyerere_couch_broad_LF",Spark_Couches_Broad_LF,1871339896643714,1871338571302274,Evergreen VSA Broad Web LF,719.96,kailaniparedes,https://www.tiktok.com/@kailaniparedes/video/7581348114137713950?lang=en,7581348114137713950,2026-08-10
1871341644764417,1362201,happy monday morning girlies!! let’s have a great week 🤍 #mondaymotivation #morningroutine #productivity #dailyhabits #healthandwellness _latituderun_neipert_sectional_broad_LF,Spark_Couches_Broad_LF,1871339896643714,1871338571302274,Evergreen VSA Broad Web LF,562.34,stephanieivette_,https://www.tiktok.com/@stephanieivette_/video/7558173321922202910,7558173321922202910,2026-08-10
1871342287832098,3162001,"Replying to @️Allie three month couch update, we STILL love it!!!  #fyp #couch #wayfaircreator #wayfair #momsoftiktok @Wayfair _search_latituderun_1557_cloud_sectional_broad_LF",Spark_Couches_Broad_LF,1871339896643714,1871338571302274,Evergreen VSA Broad Web LF,537.21,taylorkhinojosa,https://www.tiktok.com/@taylorkhinojosa/video/7592029449768553783,7592029449768553783,2026-08-10
1871342374051202,,time to switch up the sofa 🛋️ introducing the bubble couch 🫧 very kindly gifted from @Wayfair UK #asmr #asmrsounds #unboxing #newsofa #bubblesofa #maximalism #loftapartment #funkyhomedecor _vig_blodget_sofa_broad_LF,Spark_Couches_Broad_LF,1871339896643714,1871338571302274,Evergreen VSA Broad Web LF,13.65,,,,2026-08-10
1860664889024545,,THE perfect office desk from @Wayfair 🤍,Spark_Desks_Broad,1845522726365202,1845522176114754,Evergreen VSA Broad Web,10053.17,,,,2026-08-10
1853680960507906,,"This desk completely transformed my office 🤍 Clean, bright, and the gold accents add just the right amount of elegance without feeling over the top. If you’re building a cozy but elevated work-from-home setup, this one is a win. Linked in my Wayfair finds ✨ #Wayfair #WayfairElevate #Ad #WayfairCreator #WayfairFinds",Spark_Desks_Broad,1845522726365202,1845522176114754,Evergreen VSA Broad Web,7882.68,,,,2026-08-10
1859392264741009,,the most perfect addition to my home office from @Wayfair  #wayfair #wayfairfinds #homeoffice #wfhsetup #officedesk,Spark_Desks_Broad,1845522726365202,1845522176114754,Evergreen VSA Broad Web,7805.71,,,,2026-08-10
1862474170408145,8995501,"Work mode: activated… even on the move 🖥️✨ Mom life doesn’t pause, so neither do I 💁🏼‍♀️ #momlife #productivityhacks #workfromhome #adjustabledesk #homedecor @Wayfair",Spark_Desks_Broad,1845522726365202,1845522176114754,Evergreen VSA Broad Web,4420.7,elijahbanks_,https://www.tiktok.com/@elijahbanks_/video/7620593986251574541,7620593986251574541,2026-08-10
1845524310356050,,The dreamiest desk from @Wayfair - a CB2 office dupe I’ve been begging for the longest time 😍 AND it’s affordable… like actually affordable (under $175) #desk #officedecor #diyoffice #homedecor,Spark_Desks_Broad,1845522726365202,1845522176114754,Evergreen VSA Broad Web,3612.4,,,,2026-08-10
1854507433415761,,the gilus writing desk from @Wayfair 🤍 #wayfair #desksetup #aestheticdesk #wfhsetup #wayfairfinds,Spark_Desks_Broad,1845522726365202,1845522176114754,Evergreen VSA Broad Web,3509.06,,,,2026-08-10
1868912832435570,0,as a working from home girlie I’m so excited to decorate my office & this @Wayfair desk is the perfect first find 😍✨ it’s 🔗 on my LTK!! #wayfairfinds #athomeoffice #officedesk #homedecor #fyp _search_ebern_jasine_desk_broad,Spark_Desks_Broad,1845522726365202,1845522176114754,Evergreen VSA Broad Web,2263.97,,,,2026-08-10
1845524298828881,,What’s an office without the desk. Picked up this affordable desk from @wayfair and it’s the perfect addition.  Comment shop for the link  #homemaking #homemaker #homedesign #homedecor #neutraldecor #organicmoderndecor #homeoffice #moodyoffice #officedesign #officetransformation #officedesk #wayfair #wayfairathome #wayfairfurniture #zimtiktok #zimbabweantiktok,Spark_Desks_Broad,1845522726365202,1845522176114754,Evergreen VSA Broad Web,1655.57,,,,2026-08-10
1863740144022818,0,Didn’t have a office space but definitely made it work😍 @Wayfair #homedecor #officespace #bcba #rbt,Spark_Desks_Broad,1845522726365202,1845522176114754,Evergreen VSA Broad Web,1653.43,,,,2026-08-10
1860664889031777,,Wayfair understood the assignment with this one ✨ A desk that’s both functional and aesthetic—because creating a space that supports my productivity was the goal. #HomeOffice #desk #WayfairFinds #officedesk #officedecor @Wayfair,Spark_Desks_Broad,1845522726365202,1845522176114754,Evergreen VSA Broad Web,1597.36,,,,2026-08-10
1868914094730321,0,"we both bought it and that says everything 🖥️👀 this @Wayfair standing desk is sleek, spacious & has programmable heights - the WFH upgrade we didn't know we needed 🤍✨ #StandingDesk #WayfairFinds #HomeOffice #DeskSetup #WorkFromHome_search_eberndesigns_electric_standingdesk_broad",Spark_Desks_Broad,1845522726365202,1845522176114754,Evergreen VSA Broad Web,1275.64,,,,2026-08-10
1863748073680081,,"If you’ve been looking for the perfect office desk, this is your sign 👀 I found this one on @Wayfair and I love how it instantly elevated my workspace; clean, functional, and actually makes me want to sit down and get things done. And the best part? It’s on sale right now 🙌🏽 If you’re building out your home office or just ready for an upgrade, this is a solid option.  You can shop it directly in my Wayfair storefront (linked in my bio)! #Wayfair #WayfairCreator #WayfairElevate #ad #wayfairfinds",Spark_Desks_Broad,1845522726365202,1845522176114754,Evergreen VSA Broad Web,1261.55,,,,2026-08-10
1862474170401009,1678701,A refresh in my home office. This desk from @Wayfair is such a staple in the space. The size and style is perfect for both functionality and aesthetic. #wayfair #wayfairelevate #ad #homeoffice #desk,Spark_Desks_Broad,1845522726365202,1845522176114754,Evergreen VSA Broad Web,1236.02,shonnitap,https://www.tiktok.com/@shonnitap/video/7620590597010754847,7620590597010754847,2026-08-10
1862474170408161,8995501,"Been wanting a standing desk for a minute and finally made the switch. It completely changed how my space feels and how I move throughout the day. Clean, simple, and way more functional than I expected. Definitely one of those upgrades that just makes sense. #wayfair #homedecor #apartmentsetup #workfromhome #loftliving",Spark_Desks_Broad,1845522726365202,1845522176114754,Evergreen VSA Broad Web,696.42,elijahbanks_,https://www.tiktok.com/@elijahbanks_/video/7620593986251574541,7620593986251574541,2026-08-10
1859393686525970,9632201,The Scarlet dresser from @Wayfair is one of my favorite neutral furniture pieces 🤎 The warm wood tone and classic design make it so easy to style… and right now it’s on sale! 🔗 in my Linktree. #w#wayfairw#wayfairfindsn#neutralhomeh#homeinspodresser,Spark_Dresser_Broad,1845523018575154,1845522176114754,Evergreen VSA Broad Web,43247.24,parkerstyle_,https://www.tiktok.com/@parkerstyle_/video/7613947747556740382?lang=en,7613947747556740382,2026-08-10
1868256426875586,0,"A dresser can completely change the feel of a room, and this one did exactly that 🤎✨ I love the warm oak finish, rounded corners, and beautiful gold hardware. It adds so much style while giving me plenty of storage to keep everything organized. Definitely one of my favorite bedroom upgrades lately! Comment SHOP for links. 🤍 #WayfairElevate #WayfairCreator #ad #wayfair #ad @wayfair https://liketk.it/6fXfe_wcp_lifeinwaheaven_dresser_broad",Spark_Dresser_Broad,1845523018575154,1845522176114754,Evergreen VSA Broad Web,25355.56,,,,2026-08-10
1849867209521234,3424801,final touches to the bedroom 🤍🌿✔️ #dresser #bedroom #wayfair #decor #furniture @Wayfair 7 drawers dresser,Spark_Dresser_Broad,1845523018575154,1845522176114754,Evergreen VSA Broad Web,21814.09,acthatsme19,https://www.tiktok.com/@acthatsme19/video/7568554858488286494,7568554858488286494,2026-08-10
1845524395520082,9157301,Love the design of this dresser — so minimal and sleek! 🤍 Comment if you want the link! @Wayfair #dresser #wayfairfind #bedroomdecor #moderndresser #affordabledresser #blackdresser #bedroominspo #modernhomedecor #furniture #interiordesign #minimaldecor #storage #organization #wayfairfurniture #apartmentseries,Spark_Dresser_Broad,1845523018575154,1845522176114754,Evergreen VSA Broad Web,15331.21,jayvamyers,https://www.tiktok.com/@jayvamyers/video/7521920661187480862?q=wayfair%20dresser&t=1757535854868,7521920661187480862,2026-08-10
1860668904642753,7546501,"Can’t over this dresser in my girls room from @Wayfair, the prettiest wood tone 😍 Checkout my wayfair storefront in my bio for link  #wayfair #wayfaircreator #wayfairelevate #ad",Spark_Dresser_Broad,1845523018575154,1845522176114754,Evergreen VSA Broad Web,14163.69,homewithshanna,https://www.tiktok.com/@homewithshanna/video/7618649699267972383?lang=en,7618649699267972383,2026-08-10
1868912170294337,3147901,Setting up baby boys nursery dresser 🤍 @Wayfair @Munchkin Inc.  #nursery #nurserydecor #vintagecowboy #babyboy #firsttimemom _search_kellyclarkson_jarrell_dresser_broad,Spark_Dresser_Broad,1845523018575154,1845522176114754,Evergreen VSA Broad Web,4574.62,maddyferraro,https://www.tiktok.com/@maddyferraro/video/7530346629522574623?q=wayfair%20dresser&t=1757535854868,7530346629522574623,2026-08-10
1864473959352354,1115301,I’ve had these for about a month now and I am SO HAPPY I ditched my old ones. @Wayfair  #nightstand #diyhome #wayfair #wayfairfinds #affordablehomedecor,Spark_Dresser_Broad,1845523018575154,1845522176114754,Evergreen VSA Broad Web,3635.48,kateinfullbloom,https://www.tiktok.com/@kateinfullbloom/video/7621258927585381662,7621258927585381662,2026-08-10
1871341446781954,9813001,"A dresser can completely change the feel of a room, and this one did exactly that 🤎✨ I love the warm oak finish, rounded corners, and beautiful gold hardware. It adds so much style while giving me plenty of storage to keep everything organized. Definitely one of my favorite bedroom upgrades lately! Comment SHOP for links. 🤍 #WayfairElevate #WayfairCreator #ad #wayfair #ad @wayfair https://liketk.it/6fXfe_wcp_lifeinwaheaven_dresser_broad_FF",Spark_Dresser_Broad_FF,1871339768085602,1871339683323985,Evergreen VSA Broad Web FF,4071.69,lifeinwaheaven,https://www.tiktok.com/@lifeinwaheaven/video/7652053827574648077?lang=en,7652053827574648077,2026-08-10
1871342927276417,9632201,The Scarlet dresser from @Wayfair is one of my favorite neutral furniture pieces 🤎 The warm wood tone and classic design make it so easy to style… and right now it’s on sale! 🔗 in my Linktree. #w#wayfairw#wayfairfindsn#neutralhomeh#homeinspodresser _search_charltonhome_scarlett_collection_dresser_broad_FF,Spark_Dresser_Broad_FF,1871339768085602,1871339683323985,Evergreen VSA Broad Web FF,3495.12,parkerstyle_,https://www.tiktok.com/@parkerstyle_/video/7613947747556740382?lang=en,7613947747556740382,2026-08-10
1871450329685441,2648101,"under $280! linked in my bio + LTK. wayfair is having their Presidents’ Day clearance right now, so I wanted to share the things I bought that I think you might like! 🫶🏼  #wayfair #wayfairfinds #wayfairfurniture #upholsteredbedframe #platformbed #neutralbedroom #wayfairsale #wayfairfind #wayfairhome #ltkhome #ltkhomedecor _search_haleyivers_dresser_broad_FF",Spark_Dresser_Broad_FF,1871339768085602,1871339683323985,Evergreen VSA Broad Web FF,2110.22,haleyivers,https://www.tiktok.com/@haleyivers/video/7423806789235330334?lang=en&q=wayfair%20dresser&t=1752693105943,7423806789235330334,2026-08-10
1871341441368193,3424801,final touches to the bedroom 🤍🌿✔️ #dresser #bedroom #wayfair #decor #furniture @Wayfair 7 drawers dresser _search_ebern_tall_7_drawers_dressser_broad_FF,Spark_Dresser_Broad_FF,1871339768085602,1871339683323985,Evergreen VSA Broad Web FF,1368.68,acthatsme19,https://www.tiktok.com/@acthatsme19/video/7568554858488286494,7568554858488286494,2026-08-10
1871342927275441,9632201,The Scarlet dresser + nightstands from @Wayfair are some of my most asked-about pieces 🤎 Beautiful warm wood tones and such a timeless bedroom set. Linked in my LTK & Linktree. #WayfairHome #BedroomFinds #NeutralHome #LTKHome #wayfairfinds _search_charltonhome_scarlett_collection_dresser_broad_FF,Spark_Dresser_Broad_FF,1871339768085602,1871339683323985,Evergreen VSA Broad Web FF,1278.47,parkerstyle_,https://www.tiktok.com/@parkerstyle_/video/7613947747556740382?lang=en,7613947747556740382,2026-08-10
1871341443300386,7546501,"Can’t over this dresser in my girls room from @Wayfair, the prettiest wood tone 😍 Checkout my wayfair storefront in my bio for link  #wayfair #wayfaircreator #wayfairelevate #ad _wcp_elevate_walkeredison_vivienne_dresser_broad_FF",Spark_Dresser_Broad_FF,1871339768085602,1871339683323985,Evergreen VSA Broad Web FF,966.0,homewithshanna,https://www.tiktok.com/@homewithshanna/video/7618649699267972383?lang=en,7618649699267972383,2026-08-10
1871342926701730,9157301,Love the design of this dresser — so minimal and sleek! 🤍 Comment if you want the link! @Wayfair #dresser #wayfairfind #bedroomdecor #moderndresser #affordabledresser #blackdresser #bedroominspo #modernhomedecor #furniture #interiordesign #minimaldecor #storage #organization #wayfairfurniture #apartmentseries _ebern_ambreal_dresser_broad_FF,Spark_Dresser_Broad_FF,1871339768085602,1871339683323985,Evergreen VSA Broad Web FF,874.59,jayvamyers,https://www.tiktok.com/@jayvamyers/video/7521920661187480862?q=wayfair%20dresser&t=1757535854868,7521920661187480862,2026-08-10
1871341672156290,9813001,"A dresser can completely change the feel of a room, and this one did exactly that 🤎✨ I love the warm oak finish, rounded corners, and beautiful gold hardware. It adds so much style while giving me plenty of storage to keep everything organized. Definitely one of my favorite bedroom upgrades lately! Comment SHOP for links. 🤍 #WayfairElevate #WayfairCreator #ad #wayfair #ad @wayfair https://liketk.it/6fXfe_wcp_lifeinwaheaven_dresser_broad_LF",Spark_Dresser_Broad_LF,1871339919032417,1871338571302274,Evergreen VSA Broad Web LF,9104.62,lifeinwaheaven,https://www.tiktok.com/@lifeinwaheaven/video/7652053827574648077?lang=en,7652053827574648077,2026-08-10
1871342448682194,9632201,The Scarlet dresser from @Wayfair is one of my favorite neutral furniture pieces 🤎 The warm wood tone and classic design make it so easy to style… and right now it’s on sale! 🔗 in my Linktree. #w#wayfairw#wayfairfindsn#neutralhomeh#homeinspodresser _search_charltonhome_scarlett_collection_dresser_broad_LF,Spark_Dresser_Broad_LF,1871339919032417,1871338571302274,Evergreen VSA Broad Web LF,8378.93,parkerstyle_,https://www.tiktok.com/@parkerstyle_/video/7613947747556740382?lang=en,7613947747556740382,2026-08-10
1871450395223202,2648101,"under $280! linked in my bio + LTK. wayfair is having their Presidents’ Day clearance right now, so I wanted to share the things I bought that I think you might like! 🫶🏼  #wayfair #wayfairfinds #wayfairfurniture #upholsteredbedframe #platformbed #neutralbedroom #wayfairsale #wayfairfind #wayfairhome #ltkhome #ltkhomedecor _search_haleyivers_dresser_broad_LF",Spark_Dresser_Broad_LF,1871339919032417,1871338571302274,Evergreen VSA Broad Web LF,4132.11,haleyivers,https://www.tiktok.com/@haleyivers/video/7423806789235330334?lang=en&q=wayfair%20dresser&t=1752693105943,7423806789235330334,2026-08-10
1871340160701873,3424801,final touches to the bedroom 🤍🌿✔️ #dresser #bedroom #wayfair #decor #furniture @Wayfair 7 drawers dresser _search_ebern_tall_7_drawers_dressser_broad_LF,Spark_Dresser_Broad_LF,1871339919032417,1871338571302274,Evergreen VSA Broad Web LF,2886.07,acthatsme19,https://www.tiktok.com/@acthatsme19/video/7568554858488286494,7568554858488286494,2026-08-10
1871340162692178,7546501,"Can’t over this dresser in my girls room from @Wayfair, the prettiest wood tone 😍 Checkout my wayfair storefront in my bio for link  #wayfair #wayfaircreator #wayfairelevate #ad _wcp_elevate_walkeredison_vivienne_dresser_broad_LF",Spark_Dresser_Broad_LF,1871339919032417,1871338571302274,Evergreen VSA Broad Web LF,2296.13,homewithshanna,https://www.tiktok.com/@homewithshanna/video/7618649699267972383?lang=en,7618649699267972383,2026-08-10
1871342448682178,9632201,The Scarlet dresser + nightstands from @Wayfair are some of my most asked-about pieces 🤎 Beautiful warm wood tones and such a timeless bedroom set. Linked in my LTK & Linktree. #WayfairHome #BedroomFinds #NeutralHome #LTKHome #wayfairfinds _search_charltonhome_scarlett_collection_dresser_broad_LF,Spark_Dresser_Broad_LF,1871339919032417,1871338571302274,Evergreen VSA Broad Web LF,2266.75,parkerstyle_,https://www.tiktok.com/@parkerstyle_/video/7613947747556740382?lang=en,7613947747556740382,2026-08-10
1871342426617890,9157301,Love the design of this dresser — so minimal and sleek! 🤍 Comment if you want the link! @Wayfair #dresser #wayfairfind #bedroomdecor #moderndresser #affordabledresser #blackdresser #bedroominspo #modernhomedecor #furniture #interiordesign #minimaldecor #storage #organization #wayfairfurniture #apartmentseries _ebern_ambreal_dresser_broad_LF,Spark_Dresser_Broad_LF,1871339919032417,1871338571302274,Evergreen VSA Broad Web LF,1900.1,jayvamyers,https://www.tiktok.com/@jayvamyers/video/7521920661187480862?q=wayfair%20dresser&t=1757535854868,7521920661187480862,2026-08-10
1850976757315714,,@Wayfair is the best 🫶🏻  #WayfairElevate #WayfairCreator #ad #Wayfair,Spark_Kitchen_Broad,1845523218699345,1845522176114754,Evergreen VSA Broad Web,9021.59,,,,2026-08-10
1853493090068546,,I do not regret doing a little DIY colorful kitchen backsplash for one second 🫶  I thought about playing it safe and going with a white tile but now that I have the green I truly couldn’t imagine it any other way!!  The tiles are from @Wayfair and in my bio I have the link!  #WayfairElevate #wayfairfinds #WayfairCreator,Spark_Kitchen_Broad,1845523218699345,1845522176114754,Evergreen VSA Broad Web,5096.89,,,,2026-08-10
1867619602845106,6185201,The perfect mix of modern sleek design and everyday function! A must have dinner set✨ @Wayfair  🔗Linked on my LTK shop and Wayfair storefront in my bio!🤍 #wayfair #wayfaircreator #dinnerwareset #homeessential #giftedbywayfair _search_jossmain_porcelain_12pieces_dinnerware_broad,Spark_Kitchen_Broad,1845523218699345,1845522176114754,Evergreen VSA Broad Web,3427.55,homewithsaja,https://www.tiktok.com/@homewithsaja/video/7629072451804187917,7629072451804187917,2026-08-10
1856124783439889,,#advertising Obsessed with this dining cart from @Wayfair ! Gave a touch of charm to my dining room 🍽️ #homedecor #howistyledit #fyp,Spark_Kitchen_Broad,1845523218699345,1845522176114754,Evergreen VSA Broad Web,3182.72,,,,2026-08-10
1867634589944946,0,"The most perfect addition to our home, this kitchen island that was super easy to build, is moveable, renters friendly and is linked in my bio under Wayfair collections ✨ @Wayfair #wayfair #wayfaircreator #kitchendecor #kitchenideas #kitchenisland  _wcp_ivybronx_marble_kitchenisland_broad",Spark_Kitchen_Broad,1845523218699345,1845522176114754,Evergreen VSA Broad Web,3025.01,,,,2026-08-10
1867619603413297,1309901,Another gorgeous @Wayfair find.  #wayfairfinds #wayfaircreator #wayfairpartner _search_frenchhome_laguiole_flatwareset_broad,Spark_Kitchen_Broad,1845523218699345,1845522176114754,Evergreen VSA Broad Web,1412.99,nicolesmook,https://www.tiktok.com/@nicolesmook/video/7608706322049027341,7608706322049027341,2026-08-10
1867619598295665,5587401,Morning ☀️#farmhouse #interiorinspo #morning #coffee #cottagecore _search_larkmanor_aamyah_kitchenisland_broad,Spark_Kitchen_Broad,1845523218699345,1845522176114754,Evergreen VSA Broad Web,1383.02,rebhulle,https://www.tiktok.com/@rebhulle/video/7625991532692213023?lang=en,7625991532692213023,2026-08-10
1867619602840802,7423701,Just added these to my kitchen and I’m loving them 🤍 These mini ceramic cocottes are perfect for dips or baked treats—can’t wait to put them to use. Link below ⬇️  @Wayfair #wayfaircreator #wayfair #kitchenhacks #homedecor #homeinspiration . https://creatorsold.io/wayfair/emilyalhome_search_staub_ceramic_mini_cocotte_broad,Spark_Kitchen_Broad,1845523218699345,1845522176114754,Evergreen VSA Broad Web,1382.89,emilyalhome,https://www.tiktok.com/@emilyalhome/video/7629032047872429325?lang=en,7629032047872429325,2026-08-10
1847453819844770,,"fresh and new, faucet from @Wayfair 🫶🏼✨🍇 #kitchenremodel #kitchendesign",Spark_Kitchen_Broad,1845523218699345,1845522176114754,Evergreen VSA Broad Web,1194.63,,,,2026-08-10
1868912571552305,0,"We needed extra storage, a place for our glassware, and a spot to keep everything organized, and this bar cabinet checked all the boxes. It’s functional, adds character to the space, and finally gave us a home for all of our entertaining essentials. ✨ @Wayfair  #Wayfair #WayfairCreator #WayfairVerified #AD #BarCabinet _ltk_ivybronx_72h_barcabinet_broad",Spark_Kitchen_Broad,1845523218699345,1845522176114754,Evergreen VSA Broad Web,824.91,,,,2026-08-10
1867619598889138,7566301,@Wayfair finds for simple dinners #wayfairfinds #wayfaircreator #wayfairelevate _wcp_elevate_ninja_crispi_portable_cookingsystem_broad,Spark_Kitchen_Broad,1845523218699345,1845522176114754,Evergreen VSA Broad Web,508.7,melissajwellness,https://www.tiktok.com/@melissajwellness/video/7628431565642632462?lang=en,7628431565642632462,2026-08-10
1854508101905601,0,"Loving my new Mercer41 rechargeable LED sconces from @Wayfair ✨ Easy install, perfect vibe. . . . . #wayfair #wayfairfinds #homedecor #blackfridaydeals #wallsconces",Spark_Lighting_Broad,1845523271349393,1845522176114754,Evergreen VSA Broad Web,23317.61,,,,2026-08-10
1849335010348225,,"Still loving my white kitchen, but this fixture gives it that warm, lived-in feel. Wayfair comes through again! #thetidytrendy #wayfaircreator #wayfairelevate #ad #wayfair  @Wayfair",Spark_Lighting_Broad,1845523271349393,1845522176114754,Evergreen VSA Broad Web,11335.28,,,,2026-08-10
1855047581206674,,she’s so beautiful 🥹 Purchased on @Wayfair - Small Tiffany Lamp Stained Glass Table Lamp Blue Baroque Style Bedside Desk Light Mini Accent Desk Memory Lamp 8X15  #roomaesthetic #wayfair #charmed #antiquelamp #roomdecor #cozyroom #whimsigoth #pinterestvibe #90s,Spark_Lighting_Broad,1845523271349393,1845522176114754,Evergreen VSA Broad Web,6015.49,,,,2026-08-10
1854227052444081,,"My favorite @Wayfair find ever 🤍🌸🎀 This lamp is pink, bow, floral, vintage perfection ✨! #wayfairfinds #homeaesthetic #girlydecor #vintagestyle #wayfair",Spark_Lighting_Broad,1845523271349393,1845522176114754,Evergreen VSA Broad Web,4118.36,,,,2026-08-10
1868976134376577,0,"Things I wish I had added sooner… These wireless wall sconces. They gave our bedroom a more finished look, added extra lighting without any wiring, and have become one of those upgrades we use every single day. Definitely one of my favorite home finds. 💙 Team overhead lights or cozy lamps? #WayfairCreator #WayfairElevate #WayfairVerified #Wayfair #Ad @Wayfair _wcp_elevate_wadelogan_battery_wallsconce_broad",Spark_Lighting_Broad,1845523271349393,1845522176114754,Evergreen VSA Broad Web,2246.24,,,,2026-08-10
1867435338115745,1405701,@Wayfair really hit with this chandelier 🔥 #lighting #wayfairfinds #wayfair #design _search_lemonsandlacellc_multi_lighting_broad,Spark_Lighting_Broad,1845523271349393,1845522176114754,Evergreen VSA Broad Web,1522.83,lemonsandlacellc,https://www.tiktok.com/@lemonsandlacellc/video/7607837501159410974?lang=en,7607837501159410974,2026-08-10
1852229209347313,,this arched floor lamp from @Wayfair is probably one of the most complimented items in my apartment. obsessed! 🤩 Brandea 67'' Arched Floor Lamp #wayfair #wayfairfinds #lamp #archedlamp #apartmentdecor,Spark_Lighting_Broad,1845523271349393,1845522176114754,Evergreen VSA Broad Web,465.16,,,,2026-08-10
1863843316860081,3683601,loving my new vanity set up ☺️ #makeupvanity #fyp #vanityorganization #makeup,Spark_MakeupVanities_Broad,1851727743997041,1845522176114754,Evergreen VSA Broad Web,9984.73,its.staceee,https://www.tiktok.com/@its.staceee/video/7632865495124823326?lang=en,7632865495124823326,2026-08-10
1862478930458625,1658501,isn’t she gorgeous 🥲 #vanity #roominspo #roomdecor #pinterest,Spark_MakeupVanities_Broad,1851727743997041,1845522176114754,Evergreen VSA Broad Web,5438.21,rachelliang,https://www.tiktok.com/@rachellliang/video/7623292304454995230,7623292304454995230,2026-08-10
1859390266454066,,the most versatile vanity from @Wayfair and it all tucks away at the end of the day ✨ #wayfair,Spark_MakeupVanities_Broad,1851727743997041,1845522176114754,Evergreen VSA Broad Web,4083.67,,,,2026-08-10
1862478927098209,8968801,I’m obsessed 😭 I’ve always wanted a proper vanity to sit and do my makeup everyday & he did so good #vanity #setupmyvanity #makeupvanity,Spark_MakeupVanities_Broad,1851727743997041,1845522176114754,Evergreen VSA Broad Web,2700.68,treshiquebeauty,https://www.tiktok.com/@treshiquebeauty/video/7599159891395087638,7599159891395087638,2026-08-10
1860667052721298,,in my vanity era 🤌🏼 @Wayfair  #vanity #wayfair #beforeandafter #homerefresh #partywithpeach,Spark_MakeupVanities_Broad,1851727743997041,1845522176114754,Evergreen VSA Broad Web,2185.86,,,,2026-08-10
1864015804321985,5040401,Perfect small space vanity to complete your beauty routine 💋💄; 🔗d in my bio under “Wayfair Faves” @Wayfair #WayfairElevate #WayfairCreator #ad #Wayfair #lachiccouture,Spark_MakeupVanities_Broad,1851727743997041,1845522176114754,Evergreen VSA Broad Web,1960.2,lachiccouture,https://www.tiktok.com/@lachiccouture/video/7616182336123669773,7616182336123669773,2026-08-10
1859390270286962,,"A good setup changes everything. 🤍 Love how this Wayfair vanity fits perfectly into my space. Modern Large Vanity Desk With 7 Drawers, 4 Shelves, Led Lighted Mirror & Power Outlets #wayfairfinds #wayfair #wayfairfurniture #wayfairpartner #wayfairvanity",Spark_MakeupVanities_Broad,1851727743997041,1845522176114754,Evergreen VSA Broad Web,1939.12,,,,2026-08-10
1859390267349154,,One of my favorite purchases from @Wayfair 🥰 This Vanity has become such a huge part of my content. I linked it in my bio or comment link and I’ll send it to you! #wayfairfurniture #vanitymirror #wayfairfinds #content,Spark_MakeupVanities_Broad,1851727743997041,1845522176114754,Evergreen VSA Broad Web,1300.9,,,,2026-08-10
1860667055361041,,"I have never had a vanity before and I am so happy girlyy’s 😊 this is just what I needed for all my girl goodies  • • Upgrade or purchase your new girlyy girl vanity by going to @Wayfair today 🏡 you won’t be disappointed girls • • I cant wait to fill her up with lip gloss, body lotion/butters, body mist/perfumes and skincare 🤗 • • #contentcreator #makeupvanity #wayfair #productreviewer #girlythings",Spark_MakeupVanities_Broad,1851727743997041,1845522176114754,Evergreen VSA Broad Web,1251.22,,,,2026-08-10
1862478927815105,2610001,#ad Finally upgraded my glam setup with this gorgeous makeup vanity✨ Shop my @Wayfair finds in my bio🫶🏻 #wayfair #wayfairelevate #wayfaircreator #makeupvanity,Spark_MakeupVanities_Broad,1851727743997041,1845522176114754,Evergreen VSA Broad Web,1001.13,britianbennett,https://www.tiktok.com/@britainbennett/video/7613788731522157855?lang=en,7613788731522157855,2026-08-10
1864468139109426,7182501,She’s not done but she’s cute \ud83d\ude0d #cleanwithme #girlapartment #pinkaesthetic #bedroomtour #makeupvanity,Spark_MakeupVanities_Broad,1851727743997041,1845522176114754,Evergreen VSA Broad Web,830.64,jadaalicait,https://www.tiktok.com/@jadaaliciat/video/7616115178047802655,7616115178047802655,2026-08-10
1864468612306993,7521701,"Obsessed with this vanity 🥹💗 so girly, so chic, and so practical!  🔗linked this exact vanity in my LTK  #wayfair #wayfairpartner",Spark_MakeupVanities_Broad,1851727743997041,1845522176114754,Evergreen VSA Broad Web,717.04,myneutralliving,https://www.tiktok.com/@myneutralliving/video/7613887089003744525?lang=en,7613887089003744525,2026-08-10
1859390270301202,,Just finished setting up my new vanity desk from @Wayfair 😍 Is this a sign for me to start doing GRWM content? 👀🪞 #wayfairfinds #grwm #vanitydesk,Spark_MakeupVanities_Broad,1851727743997041,1845522176114754,Evergreen VSA Broad Web,373.97,,,,2026-08-10
1850414185577570,,it’s perfect 💘 #vanity #decor #sos #fyppppppppppppppppppppppp,Spark_MakeupVanities_Broad_2,1845522212311074,1845522176114754,Evergreen VSA Broad Web,10956.95,,,,2026-08-10
1849067058412625,,My NEW VANITYYY🎀🥹so excited for the grwmm videos!!!#makeupvanity #DIY #buildwithme #vanitytable @wayfairprofessional,Spark_MakeupVanities_Broad_2,1845522212311074,1845522176114754,Evergreen VSA Broad Web,10761.24,,,,2026-08-10
1856853817499729,,my new vanity from @Wayfair so tea 🤍✨ 💋 #fyp #makeup #vanitytour #viral,Spark_MakeupVanities_Broad_2,1845522212311074,1845522176114754,Evergreen VSA Broad Web,10031.7,,,,2026-08-10
1845524075761809,,Replying to @Bea PSA my makeup vanity desk is back in stock AND on sale for $659 CAD ✨📣 #makeupvanity #makeupstorage #vanitydesk,Spark_MakeupVanities_Broad_2,1845522212311074,1845522176114754,Evergreen VSA Broad Web,4649.59,,,,2026-08-10
1853674436670610,,my favorite @Wayfair find is my vanity 💄🤍🪽 HIGHLY recommend it and you can find it linked in bio LTK 🔗 #wayfair #wayfairfinds #vanity #makeupvanity #vanitysetup,Spark_MakeupVanities_Broad_2,1845522212311074,1845522176114754,Evergreen VSA Broad Web,4649.21,,,,2026-08-10
1854509162604689,,"@Wayfair does it AGAIN😍 when I say this is a wayfair house, I’m telling you nooo lies! I was overdue for a chair upgrade, I love this one🥰 • • • #wayfairfinds #wayfair #vanitychair #accentchair #homedeco",Spark_MakeupVanities_Broad_2,1845522212311074,1845522176114754,Evergreen VSA Broad Web,1127.62,,,,2026-08-10
1845524076343394,,Building a vanity is NOT for the weak abeg  #fyp #vanity #vanitysetup #pov #relatable #wayfair #vanitymirror #africantiktok #blacktiktok #blackgirl #viralvideo #fypシ゚viral #contentcreator #blackcontentcreator #luxuryapartment #dallas #texas #vanitymakeup #fypage #apartmentliving #bedroommakeover,Spark_MakeupVanities_Broad_2,1845522212311074,1845522176114754,Evergreen VSA Broad Web,830.54,,,,2026-08-10
1846606793901170,,Not @Garrett surprising me with a makeup vanity for no reason at all 🥹😭🤍 and It literally took us 10 minutes to setup!!! Shoutout @Wayfair 🫶#makeup #vanitymirror #vanity #fyp,Spark_MakeupVanities_Broad_2,1845522212311074,1845522176114754,Evergreen VSA Broad Web,655.76,,,,2026-08-10
1855680716564625,,I love how it turned out!🥹  Vanity: @Wayfair  Rug: @HomeGoods  Mirror: @YouCanAffordMore,Spark_MakeupVanities_Broad_2,1845522212311074,1845522176114754,Evergreen VSA Broad Web,283.72,,,,2026-08-10
1855505557008433,,Love this vanity downnn. Recording all my videos over here nowww . @Wayfair #wayfair #wayfairelevate #wayfaircreator #homefinds #beauty,Spark_MakeupVanities_Broad_2,1845522212311074,1845522176114754,Evergreen VSA Broad Web,215.63,,,,2026-08-10
1850051728734289,,The Perfect Arch Mirror 🤍✨ It looks amazing in my apartment! #archmirror #wayfair #floormirror #archedmirror #mirror #homefinds #homedecor #livingroomdecor #homedecorideas #livingroominspo #mirrorchallenge #moderndecor #neutraldecor #chicdecor #jossandmain #mirrormirror #wayfairfinds,Spark_Mirrors_Broad,1845523389219042,1845522176114754,Evergreen VSA Broad Web,32556.02,,,,2026-08-10
1853589071276466,,"#advertising  Wayfair mirrors for the win ✨ Still in love with this project we worked on this year. We had the vision of creating a hallway of mirrors, and Wayfair had exactly what we needed. One of my favorite transformations to date. #Wayfair #mirror #hallwaydecor #hallwaydesign      @Wayfair",Spark_Mirrors_Broad,1845523389219042,1845522176114754,Evergreen VSA Broad Web,12760.94,,,,2026-08-10
1851243860487265,,"#ad ✨ I swear this oversized arched mirror transformed my whole bedroom 😍 It makes the space look bigger, brighter, and SO aesthetic. If you’ve been wanting that luxury look without the luxury price… this is your sign. 🤍 @Wayfair  Click the link in my bio to shop it + all my fave Wayfair finds on my storefront! ✨ #wayfair #wayfaircreator #wayfairelevate #fyp",Spark_Mirrors_Broad,1845523389219042,1845522176114754,Evergreen VSA Broad Web,11613.89,,,,2026-08-10
1845524548099106,,"BASEMENT VIGNETTE STYLING This empty wall in our basement was in need of some love! I found this gorgeous oversized woven mirror from @Wayfair and knew it had to go here! Using other pieces I had around our home, I created this beautiful vignette moment, and we couldn’t love it more!  #home  #homedecor #homeaccents   #transitionaldecor #transitionalhome  Basement, basement styling, Home accents, home styling, transitional decor, Wayfair, home decor, home vignette",Spark_Mirrors_Broad,1845523389219042,1845522176114754,Evergreen VSA Broad Web,4617.21,,,,2026-08-10
1845524548310129,,"Huge thank you to @Wayfair for sending me this stunning 42x42 brass round mirror 🪞✨ It’s the perfect statement piece to complete my entryway, and it couldn’t have arrived at a better time just in time for cozy fall vibes 🍂 I’m truly obsessed with Wayfair and how easy they make refreshing any space! 🏡 Comment FALL for the link 🧡 #wayfair #wayfaircreator #fyp #wayfairfinds #falldecor",Spark_Mirrors_Broad,1845523389219042,1845522176114754,Evergreen VSA Broad Web,1299.5,,,,2026-08-10
1846283797066802,,"👉🏻Comment 'MIRROR' for the link  ❗️ You can get it now during the President’s Sale ❗️ ✨ LED mirrors have been one of my favorite elements in the house! They make a huge difference in both ambiance and lighting, especially when doing makeup. The anti-fog feature is a game changer—no more foggy mirrors after a shower! #affordablehomedecor #affordablehome #ltk #ltkcreator #modernhomedecor #modernbathroomdesign #bathroomremodeling #interiordesignideas",Spark_Mirrors_Broad,1845523389219042,1845522176114754,Evergreen VSA Broad Web,1013.21,,,,2026-08-10
1851690319984642,,"I’m obsessed with this mirror! This is the Blaxtion Mirror SKU W009589436 from @Wayfair and it was absolutely perfect for my setup.  The vanity is also from Wayfair, drop a comment if you want the details!  #wayfair #wayfairfinds #interiordesigntips #HomeStyling #DesignerLook",Spark_Mirrors_Broad,1845523389219042,1845522176114754,Evergreen VSA Broad Web,169.62,,,,2026-08-10
1859395954083858,,Oversized mirrors >> art work • • • • • • • • •  #Wayfaircreator #wayfair @wayfair #mirror #homeimprovement,Spark_Mirrors_Broad_2,1851727743997025,1845522176114754,Evergreen VSA Broad Web,16873.14,,,,2026-08-10
1859395956223250,,"Making Our House a Home | Episode One  Kicking off the new home series and have so many plans for the new space. Mirror is from @Wayfair ! The 90 x 46, going to add a 🔗 in my Wayfair front.  Still have stuff to take down from the previous owners but we are jumping right into it. I have been yearning to add some depth, warmth, and fun to my living room after years of doing minimal bright white beige at the old house. My sad beige days are coming to an end…. KINDA LOL 🤎  🏷️: home decor, oversized mirror, room decor, house refresh, moving series, new home, home renovation, diy home, modern home furniture, upgrade luxury house home, house project, Wayfair Lowe’s Home Depot Nathan James Amazon home finds",Spark_Mirrors_Broad_2,1851727743997025,1845522176114754,Evergreen VSA Broad Web,8704.75,,,,2026-08-10
1865652758676705,2960701,full body picture approved ☑️ link in bio & comments #WayfairCreator #Wayfair @Wayfair #fulllengthmirror #homedecor #homedecorinspo,Spark_Mirrors_Broad_2,1851727743997025,1845522176114754,Evergreen VSA Broad Web,4285.56,torrie__,https://www.tiktok.com/@torrie____/video/7610426506967272735?lang=en,7610426506967272735,2026-08-10
1859395954080802,,This accent mirror is everything! Love how it looks on my entryway. 😍🦢 Check out my Wayfair storefront link under my bio. @Wayfair  #wayfairfinds #wayfairfurniture #wayfair #wayfaircreator #wayfairfind,Spark_Mirrors_Broad_2,1851727743997025,1845522176114754,Evergreen VSA Broad Web,3217.61,,,,2026-08-10
1862735625326194,1,this cutie mirror was exactly what this bare space needed!!✨ it’s in my @Wayfair storefront!! #WayfairCreator #Wayfair #homedecor #decoratewithme #apartmentdecor,Spark_Mirrors_Broad_2,1851727743997025,1845522176114754,Evergreen VSA Broad Web,2721.63,,,,2026-08-10
1865896756199617,5006501,how cute is my new mirror from @Wayfair 😍⭐️ everyone’s most loved piece is here and in action #wayfair #homefinds #movingvlogs #homemakeover,Spark_Mirrors_Broad_2,1851727743997025,1845522176114754,Evergreen VSA Broad Web,2520.45,styledbymckenz,https://www.tiktok.com/@styledbymckenz/video/7640388060743617805?lang=en,7640388060743617805,2026-08-10
1866464724271122,5006501,how cute is my new mirror from @Wayfair 😍⭐️ everyone’s most loved piece is here and in action #wayfair #homefinds #movingvlogs #homemakeover,Spark_Mirrors_Broad_2,1851727743997025,1845522176114754,Evergreen VSA Broad Web,2451.79,styledbymckenz,https://www.tiktok.com/@styledbymckenz/video/7640388060743617805?lang=en,7640388060743617805,2026-08-10
1866464724260866,9247801,how cute is my new mirror from @Wayfair 😍⭐️ everyone’s most loved piece is here and in action #wayfair #homefinds #movingvlogs #homemakeover,Spark_Mirrors_Broad_2,1851727743997025,1845522176114754,Evergreen VSA Broad Web,1743.63,redothezoo,https://www.tiktok.com/@redothezoo/video/7605372827805535519?lang=en,7605372827805535519,2026-08-10
1864458321740898,2224501,gifted by Wayfair  This mirror made my room look 10x better🤩🪞💛 | @Wayfair #wayfair #wayfairfinds #mirror #homedecorideas #fyp,Spark_Mirrors_Broad_2,1851727743997025,1845522176114754,Evergreen VSA Broad Web,1565.61,morganswagner5,https://www.tiktok.com/@morganswagner5/video/7619039759763082526?lang=en,7619039759763082526,2026-08-10
1864458321740914,2224501,#gifted_by_wayfair gifted by Wayfair 🤍,Spark_Mirrors_Broad_2,1851727743997025,1845522176114754,Evergreen VSA Broad Web,1240.99,morganswagner5,https://www.tiktok.com/@morganswagner5/video/7619039759763082526?lang=en,7619039759763082526,2026-08-10
1864458324333986,9347501,"The most asked-about home decor piece in my home 🤍 This gorgeous arched mirror from Wayfair completely elevated my space and made everything feel brighter, bigger, and more put together ✨@Wayfair  If you’ve been looking for that one statement piece to transform your home… this is it 👏🏽 And the best part? It’s currently 61% OFF! Click the link in my bio, select my Wayfair storefront, and if you want to purchase the exact one I have—it’s linked there for you 🏡💫 Don’t wait, this deal won’t last! #wayfairel",Spark_Mirrors_Broad_2,1851727743997025,1845522176114754,Evergreen VSA Broad Web,1143.65,sashhaaa._,https://www.tiktok.com/@sashhaaa._/video/7618076888866589982?lang=en,7618076888866589982,2026-08-10
1862735623331138,9741501,part ONE of my princess lair transformation ✨🪽🤍💕😼🙈💐 mirror is from @Wayfair !!!! up next…. curtains 😝 #coquette #remodel #wayfair #transformation #girlapartment,Spark_Mirrors_Broad_2,1851727743997025,1845522176114754,Evergreen VSA Broad Web,1094.18,edenbonwell,https://www.tiktok.com/@edenbonwell/video/7616115596605787422,7616115596605787422,2026-08-10
1867641215422753,0,One of my favorite @Wayfair purchases so far. This mirror is the perfect statement piece to any space. The warmth and texture it added to my dining area is 🤌 I’m in love with how it looks! 🔗 in bio #WayfairElevate #WayfairCreator #Ad #Wayfair_wcp_birch_incy_banana_mirror_broad,Spark_Mirrors_Broad_2,1851727743997025,1845522176114754,Evergreen VSA Broad Web,810.6,,,,2026-08-10
1864458321741890,2224501,"gifted by Wayfair  For last minute mirror checks and a beautiful way to bounce light into the room, this Sabine Mirror added the perfect touch to our entry way ✨ @Wayfair  #homeinspo #entryway #sabinemirror #wayfair #wayfairathome",Spark_Mirrors_Broad_2,1851727743997025,1845522176114754,Evergreen VSA Broad Web,766.11,morganswagner5,https://www.tiktok.com/@morganswagner5/video/7619039759763082526?lang=en,7619039759763082526,2026-08-10
1865897901939970,2939601,obsessed with how this room came together! new lamps from @Wayfair 💕💡 #wayfair #closetoffice #cloffice #roommakeover #movingvlogs,Spark_Multiproduct_Broad,1845523454047266,1845522176114754,Evergreen VSA Broad Web,4863.09,styledbymckenz,https://www.tiktok.com/@styledbymckenz/video/7640870296542661901?lang=en,7640870296542661901,2026-08-10
1865898427568674,2939601,making progress in the entryway! just waiting for the blue couch to get here to see it all complete 😍#movingvlog #houseupdates #wayfair @Wayfair,Spark_Multiproduct_Broad,1845523454047266,1845522176114754,Evergreen VSA Broad Web,2568.54,styledbymckenz,https://www.tiktok.com/@styledbymckenz/video/7640870296542661901?lang=en,7640870296542661901,2026-08-10
1860488001015874,,I hated her black crate 🥲 got an aesthetic dog crate from wayfair to match my furniture (and it’s functional!) it was also very affordable compared to the fable one :),Spark_Pet_Broad,1845523499811138,1845522176114754,Evergreen VSA Broad Web,6440.21,,,,2026-08-10
1845524604445761,,"Getting set up in the new house has been a journey. Each room is taking its own time coming together but we are getting there.  One of the first things we bought, to keep the cat active and enjoying the new home, was this wall mounted play wall.  I loved that it had a hiding box scratching posts and multilevel reading and jumping shelves to choose and move around on. Salem was enjoying it before it was even fully mounted and set up, as you can see, so I highly recommend this for your fancy feline. 🥰😻 We got ours from @Wayfair check it my bio and shops to get more details and access to cute things you’ll be sure to love.   #catsoftiktok #catlovers #wayfaircreator #home #wayfair",Spark_Pet_Broad,1845523499811138,1845522176114754,Evergreen VSA Broad Web,4320.62,,,,2026-08-10
1864476092875810,2872001,New bed alert 🚨 #dogbed #largedogbreed #wayfair @Wayfair,Spark_Pet_Broad,1845523499811138,1845522176114754,Evergreen VSA Broad Web,2863.86,romeotherottie,https://www.tiktok.com/@romeotherottiee/video/7603058652584398111,7603058652584398111,2026-08-10
1860488001023090,,The most beautiful find for our beautiful boy! This cat tree is linked on my @Wayfair storefront. #Kitten #HomeSweetHome #Wayfair #WayfairCreator #AD,Spark_Pet_Broad,1845523499811138,1845522176114754,Evergreen VSA Broad Web,1872.98,,,,2026-08-10
1848440973943889,4263700,"This rug makes me so freaking happy! As a part time decorator, I recommended this rug to a friend and O.M.G I loved it so much I got it for my home.  It looks good with almost any color palette, it’s durable and stays in place!  Direct Link: https://creatoriq.cc/3VSJrbI  LTK: https://liketk.it/5uQ88 #ad @Wayfair #WayfairElevate #Wayfair #Wayfaircreator #homedecor",Spark_Rugs_Broad,1845523570298946,1845522176114754,Evergreen VSA Broad Web,49333.13,christenathome,https://www.tiktok.com/@christenathome/video/7568857056422186253?lang=en,7568857056422186253,2026-08-10
1858041513840962,,I stopped using those kitchen mat sets and switched to one long runner instead… and I’ll never go back 😍 From @Wayfair - linked in my bio #wayfair #wayfaircreator #kitchendecor #apartmentdecor #homestyling,Spark_Rugs_Broad,1845523570298946,1845522176114754,Evergreen VSA Broad Web,22294.42,,,,2026-08-10
1859575642807426,,"My last rug was too colorful and busy, my brain couldn’t handle 😆 I searched and searched and found THE one. The perfect oatmeal, neutral rug that hides all the things and has amazing texture. I’m obsessed to say the least. #rugs #wayfair #wayfairpartner #wayfaircreator #wayfairelevate @Wayfair",Spark_Rugs_Broad,1845523570298946,1845522176114754,Evergreen VSA Broad Web,15163.94,,,,2026-08-10
1854851486926881,6262301,Replying to @Britt 🤍 here are the rug details! Rug is from @Wayfair ! #homedesign #interiordesign #rugs #homeinspo #home,Spark_Rugs_Broad,1845523570298946,1845522176114754,Evergreen VSA Broad Web,14536.38,natkazz,https://www.tiktok.com/@natkazz/video/7549755865914543415?lang=en,7549755865914543415,2026-08-10
1867633448061042,8964301,"A large rug under the bed instantly makes the room feel more finished! Next up to purchase are new decorative pillows, my husband will be so excited 🙃 #Home #homedecor #rug #bedroom #design @Wayfair_search_magnoliahome_loloi_forrest_arearug_broad",Spark_Rugs_Broad,1845523570298946,1845522176114754,Evergreen VSA Broad Web,7043.64,haileyathompson1,https://www.tiktok.com/@haileyathompson1/video/7617657594261425439,7617657594261425439,2026-08-10
1867633762542802,1861601,"so so happy with how this @Wayfair rug turned out in my room, just wanted something neutral 🤍 linked in my bio !!!🔗up next is new bedding 🤭 #wayfairfinds #arearugs #apartment tour #lifestyle #apartmentdecor _search_jillzarin_english_manor_dorset_rug_broad",Spark_Rugs_Broad,1845523570298946,1845522176114754,Evergreen VSA Broad Web,5526.15,madelineeunes,https://www.tiktok.com/@madelineunes/video/7636238387082513694?lang=en,7636238387082513694,2026-08-10
1867632931258625,4110101,Neutral & so simple from @Wayfair !! Also dog approved as you can see! #homedecor #kitchen #homefinds _search_chrislovesjulia_loloi_scottie_fog_arearug_broad,Spark_Rugs_Broad,1845523570298946,1845522176114754,Evergreen VSA Broad Web,5197.91,sammmficchi,https://www.tiktok.com/@sammficchi/video/7613158662961401118,7613158662961401118,2026-08-10
1862730921738610,9937201,new rug reveal @Wayfair #homedecor #wayfairrug #rugs #homedecorating,Spark_Rugs_Broad,1845523570298946,1845522176114754,Evergreen VSA Broad Web,4555.96,ashley.nicole.russell,https://www.tiktok.com/@ashley.nicole.russell/video/7577149564952513823?lang=en,7577149564952513823,2026-08-10
1863099848947906,7171001,"We are so excited to revamp this space, more updates coming very soon!! Rug from @Wayfair 🫶🏼  #apartmentdesign #officedesign #ruginspo #apartmentinspo #apartmentdecor",Spark_Rugs_Broad,1845523570298946,1845522176114754,Evergreen VSA Broad Web,3283.25,ellemenzel,https://www.tiktok.com/@ellemenzel/video/7620993958184848671,7620993958184848671,2026-08-10
1863098634493042,1652001,I’m in loveeee @Wayfair ✨ this space was needing a larger rug and I finally decided on one 🫶🏽 #home #rug #wayfair #wayfairfinds #livingroom,Spark_Rugs_Broad,1845523570298946,1845522176114754,Evergreen VSA Broad Web,3090.91,maloun_rogers,https://www.tiktok.com/@malaun_rogers/video/7628292316012334366,7628292316012334366,2026-08-10
1856037960012897,,indoor/outdoor leopard print rug 🫶🏼@Wayfair,Spark_Rugs_Broad,1845523570298946,1845522176114754,Evergreen VSA Broad Web,3039.84,,,,2026-08-10
1863838665218114,3095500,I might have a bit of an obsession with rugs! They can completely transform a space 😍 @Wayfair #home #wayfair #wayfairfinds #livingroomdecor #livingroom,Spark_Rugs_Broad,1845523570298946,1845522176114754,Evergreen VSA Broad Web,2385.91,malaun_rogers,https://www.tiktok.com/@malaun_rogers/video/7630825190880054558?lang=en,7630825190880054558,2026-08-10
1867632931258609,4110101,This rug from Wayfair 🤍🤍🤍 @Wayfair @Loloi Rugs what do we think?! I have this rug in multiple sizes around my house because I love it so much! #livingroom #livingroomdecor #livingroominspo #wayfairpartner _search_chrislovesjulia_loloi_scottie_fog_arearug_broad,Spark_Rugs_Broad,1845523570298946,1845522176114754,Evergreen VSA Broad Web,1129.47,sammmficchi,https://www.tiktok.com/@sammficchi/video/7613158662961401118,7613158662961401118,2026-08-10
1862731714119825,8942301,It’s a work in progress but our basement playroom is coming along  Snagged this gorgeous and colorful rug from @Wayfair and @RugsUSA for a fun pop of color down in the basement  Slow but steady in getting this house to feel like a home  #basementplayroom #colorfulhome #toddlerplayroom #rugsusa #wayfair,Spark_Rugs_Broad,1845523570298946,1845522176114754,Evergreen VSA Broad Web,1110.03,nicoleee2853,https://www.tiktok.com/@nicoleee2853/video/7624203345015606541,7624203345015606541,2026-08-10
1862730365984801,5653201,My all time favorite rug ♟️🏄 #wayfair #midcenturymodern #surfergirl #surferboy #wayfaircreator  @Wayfair,Spark_Rugs_Broad,1845523570298946,1845522176114754,Evergreen VSA Broad Web,1006.53,apthonolulu,https://www.tiktok.com/@apthonolulu/video/7624992802824359182?lang=en,7624992802824359182,2026-08-10
1863839002921121,7453901,One step closer 🌱 #rug #wayfairfinds #smallapartment #homedecor,Spark_Rugs_Broad,1845523570298946,1845522176114754,Evergreen VSA Broad Web,893.38,littylitlizzzzz,https://www.tiktok.com/@littylitlizzzzz/video/7621340496668937502,7621340496668937502,2026-08-10
1863099096152081,3990901,"This rug completely changed the feel of my dining room without touching anything else 🤎 I love how the soft neutrals, subtle pattern, and warmth pull everything together and make the space feel so much more elevated and cozy. It’s one of those pieces that just finishes a room. Linked in my LTK ✨ #DiningRoomDecor #NeutralHome #Parkerstyle #WayfairFinds #HomeStyling",Spark_Rugs_Broad,1845523570298946,1845522176114754,Evergreen VSA Broad Web,213.96,parkerstyle_,https://www.tiktok.com/@parkerstyle_/video/7627960932349512991?lang=en,7627960932349512991,2026-08-10
1846348278801522,7645501,this was on back order and was a pleasant surprise when it showed up at my door months after ordering it😍🤎 #wayfair #wayfairfinds #rugs #bathroomrug #runnerrug @Wayfair @Loloi Rugs,Spark_Rugs_Broad,1845523570298946,1845522176114754,Evergreen VSA Broad Web,76.46,kristinnicolai_,https://www.tiktok.com/@kristinnicolai_/video/7559028784133836062,7559028784133836062,2026-08-10
1856772248333345,7645501,linked in my ShopMy in bio 🔗 @Wayfair #wayfairrug #scallopedrug #homedecor #southernhome #coastalliving,Spark_Rugs_Broad,1845523570298946,1845522176114754,Evergreen VSA Broad Web,72.71,kristinnicolai_,https://www.tiktok.com/@kristinnicolai_/video/7559028784133836062,7559028784133836062,2026-08-10
1856038529633393,6365501,#advertising added this @Wayfair rug to baby girls room and absolutely love it! #wayfair #nurserydecor,Spark_Rugs_Broad,1845523570298946,1845522176114754,Evergreen VSA Broad Web,36.15,sophiaidewald,https://www.tiktok.com/@sophiaidewald/video/7592076183181839629?lang=en,7592076183181839629,2026-08-10
1871341459509249,4263700,"This rug makes me so freaking happy! As a part time decorator, I recommended this rug to a friend and O.M.G I loved it so much I got it for my home.  It looks good with almost any color palette, it’s durable and stays in place!  Direct Link: https://creatoriq.cc/3VSJrbI  LTK: https://liketk.it/5uQ88 #ad @Wayfair #WayfairElevate #Wayfair #Wayfaircreator #homedecor _wcp_amberlewis_loloi_windsor_area_rug_FF",Spark_Rugs_Broad_FF,1871339772533905,1871339683323985,Evergreen VSA Broad Web FF,3676.07,christenathome,https://www.tiktok.com/@christenathome/video/7568857056422186253?lang=en,7568857056422186253,2026-08-10
1871450386965554,2218001,On wayfair 😊 #homedecor#homefinds#rug#dopaminedecor#colorfulhomedecor _search_houseofgracie_rugs_broad_FF,Spark_Rugs_Broad_FF,1871339772533905,1871339683323985,Evergreen VSA Broad Web FF,2516.74,houseofgracie,https://www.tiktok.com/@houseofgracie/video/7659797686853307678?lang=en&q=wayfair%20creator&t=1783446932091,7659797686853307678,2026-08-10
1871341445897233,6262301,Replying to @Britt 🤍 here are the rug details! Rug is from @Wayfair ! #homedesign #interiordesign #rugs #homeinspo #home _ce_gracieoaks_katasha_rug_broad_FF,Spark_Rugs_Broad_FF,1871339772533905,1871339683323985,Evergreen VSA Broad Web FF,1487.92,natkazz,https://www.tiktok.com/@natkazz/video/7549755865914543415?lang=en,7549755865914543415,2026-08-10
1871342937026978,7645501,this was on back order and was a pleasant surprise when it showed up at my door months after ordering it😍🤎 #wayfair #wayfairfinds #rugs #bathroomrug #runnerrug @Wayfair @Loloi Rugs _clj_loloi_scottie_mocha_rug_broad_FF,Spark_Rugs_Broad_FF,1871339772533905,1871339683323985,Evergreen VSA Broad Web FF,1225.53,kristinnicolai_,https://www.tiktok.com/@kristinnicolai_/video/7559028784133836062,7559028784133836062,2026-08-10
1871341453418673,8964301,"A large rug under the bed instantly makes the room feel more finished! Next up to purchase are new decorative pillows, my husband will be so excited 🙃 #Home #homedecor #rug #bedroom #design @Wayfair_search_magnoliahome_loloi_forrest_arearug_broad_FF",Spark_Rugs_Broad_FF,1871339772533905,1871339683323985,Evergreen VSA Broad Web FF,590.57,haileyathompson1,https://www.tiktok.com/@haileyathompson1/video/7617657594261425439,7617657594261425439,2026-08-10
1871342944131073,3990901,"This rug completely changed the feel of my dining room without touching anything else 🤎 I love how the soft neutrals, subtle pattern, and warmth pull everything together and make the space feel so much more elevated and cozy. It’s one of those pieces that just finishes a room. Linked in my LTK ✨ #DiningRoomDecor #NeutralHome #Parkerstyle #WayfairFinds #HomeStyling_search_sixhome_soft_taupe_rug_broad_FF",Spark_Rugs_Broad_FF,1871339772533905,1871339683323985,Evergreen VSA Broad Web FF,497.33,parkerstyle_,https://www.tiktok.com/@parkerstyle_/video/7627960932349512991?lang=en,7627960932349512991,2026-08-10
1871342937026994,7645501,linked in my ShopMy in bio 🔗 @Wayfair #wayfairrug #scallopedrug #homedecor #southernhome #coastalliving _clj_loloi_scottie_mocha_rug_broad_FF,Spark_Rugs_Broad_FF,1871339772533905,1871339683323985,Evergreen VSA Broad Web FF,482.26,kristinnicolai_,https://www.tiktok.com/@kristinnicolai_/video/7559028784133836062,7559028784133836062,2026-08-10
1871342951656449,6365501,#advertising added this @Wayfair rug to baby girls room and absolutely love it! #wayfair #nurserydecor _search_wadelogan_bartletto_rug_broad_FF,Spark_Rugs_Broad_FF,1871339772533905,1871339683323985,Evergreen VSA Broad Web FF,478.19,sophiaidewald,https://www.tiktok.com/@sophiaidewald/video/7592076183181839629?lang=en,7592076183181839629,2026-08-10
1871342941862930,,my absolute favorite cozy rugs in our home from @Wayfair  Linked in my Wayfair storefront- link in bio! #wayfair #wayfairfinds #wayfairpartner _search_calicohome_multi_rug_broad_FF,Spark_Rugs_Broad_FF,1871339772533905,1871339683323985,Evergreen VSA Broad Web FF,2.96,,,,2026-08-10
1871341676325041,4263700,"This rug makes me so freaking happy! As a part time decorator, I recommended this rug to a friend and O.M.G I loved it so much I got it for my home.  It looks good with almost any color palette, it’s durable and stays in place!  Direct Link: https://creatoriq.cc/3VSJrbI  LTK: https://liketk.it/5uQ88 #ad @Wayfair #WayfairElevate #Wayfair #Wayfaircreator #homedecor _wcp_amberlewis_loloi_windsor_area_rug_LF",Spark_Rugs_Broad_LF,1871339925834801,1871338571302274,Evergreen VSA Broad Web LF,5873.15,christenathome,https://www.tiktok.com/@christenathome/video/7568857056422186253?lang=en,7568857056422186253,2026-08-10
1871450386970818,2218001,On wayfair 😊 #homedecor#homefinds#rug#dopaminedecor#colorfulhomedecor _search_houseofgracie_rugs_broad_LF,Spark_Rugs_Broad_LF,1871339925834801,1871338571302274,Evergreen VSA Broad Web LF,4372.68,houseofgracie,https://www.tiktok.com/@houseofgracie/video/7659797686853307678?lang=en&q=wayfair%20creator&t=1783446932091,7659797686853307678,2026-08-10
1871340171339889,6262301,Replying to @Britt 🤍 here are the rug details! Rug is from @Wayfair ! #homedesign #interiordesign #rugs #homeinspo #home _ce_gracieoaks_katasha_rug_broad_LF,Spark_Rugs_Broad_LF,1871339925834801,1871338571302274,Evergreen VSA Broad Web LF,3422.87,natkazz,https://www.tiktok.com/@natkazz/video/7549755865914543415?lang=en,7549755865914543415,2026-08-10
1871342483974210,7645501,this was on back order and was a pleasant surprise when it showed up at my door months after ordering it😍🤎 #wayfair #wayfairfinds #rugs #bathroomrug #runnerrug @Wayfair @Loloi Rugs _clj_loloi_scottie_mocha_rug_broad_LF,Spark_Rugs_Broad_LF,1871339925834801,1871338571302274,Evergreen VSA Broad Web LF,2580.14,kristinnicolai_,https://www.tiktok.com/@kristinnicolai_/video/7559028784133836062,7559028784133836062,2026-08-10
1871340176891921,8964301,"A large rug under the bed instantly makes the room feel more finished! Next up to purchase are new decorative pillows, my husband will be so excited 🙃 #Home #homedecor #rug #bedroom #design @Wayfair_search_magnoliahome_loloi_forrest_arearug_broad_LF",Spark_Rugs_Broad_LF,1871339925834801,1871338571302274,Evergreen VSA Broad Web LF,1210.68,haileyathompson1,https://www.tiktok.com/@haileyathompson1/video/7617657594261425439,7617657594261425439,2026-08-10
1871342483974226,7645501,linked in my ShopMy in bio 🔗 @Wayfair #wayfairrug #scallopedrug #homedecor #southernhome #coastalliving _clj_loloi_scottie_mocha_rug_broad_LF,Spark_Rugs_Broad_LF,1871339925834801,1871338571302274,Evergreen VSA Broad Web LF,1117.89,kristinnicolai_,https://www.tiktok.com/@kristinnicolai_/video/7559028784133836062,7559028784133836062,2026-08-10
1871342516702674,3990901,"This rug completely changed the feel of my dining room without touching anything else 🤎 I love how the soft neutrals, subtle pattern, and warmth pull everything together and make the space feel so much more elevated and cozy. It’s one of those pieces that just finishes a room. Linked in my LTK ✨ #DiningRoomDecor #NeutralHome #Parkerstyle #WayfairFinds #HomeStyling_search_sixhome_soft_taupe_rug_broad_LF",Spark_Rugs_Broad_LF,1871339925834801,1871338571302274,Evergreen VSA Broad Web LF,963.25,parkerstyle_,https://www.tiktok.com/@parkerstyle_/video/7627960932349512991?lang=en,7627960932349512991,2026-08-10
1871342699770993,6365501,#advertising added this @Wayfair rug to baby girls room and absolutely love it! #wayfair #nurserydecor _search_wadelogan_bartletto_rug_broad_LF,Spark_Rugs_Broad_LF,1871339925834801,1871338571302274,Evergreen VSA Broad Web LF,653.05,sophiaidewald,https://www.tiktok.com/@sophiaidewald/video/7592076183181839629?lang=en,7592076183181839629,2026-08-10
1871342504383841,,my absolute favorite cozy rugs in our home from @Wayfair  Linked in my Wayfair storefront- link in bio! #wayfair #wayfairfinds #wayfairpartner _search_calicohome_multi_rug_broad_LF,Spark_Rugs_Broad_LF,1871339925834801,1871338571302274,Evergreen VSA Broad Web LF,38.34,,,,2026-08-10
1863102859544609,2800601,This upgrade was LONG overdue 🫣 Now someone tell me how to make sure my kids’ shoes actually ended up back in here everytime 😅🙏🏼 @Wayfair  Shop on my LTK Rebecca_Shugart #wayfairfinds #wayfairhome #wayfairfurniture #mudroom #mudroominspo,Spark_ShoeStorage_Broad,1845523647532082,1845522176114754,Evergreen VSA Broad Web,36258.27,lifestyledbybecca,https://www.tiktok.com/@lifestyledbybecca/video/7628407607346203935?lang=en,7628407607346203935,2026-08-10
1858112130173041,0,"I’ve been trying to find the right shoe cabinet for my entryway because shoes laying around on the ground was starting to make me mad. I finally found the perfect one on @Wayfair Canada and it turned out so much better than I could’ve ever imagined. Seriously, it changes the look of your hallways instantly. It doesn’t fit many shoes, but for a single guy it works.  #homeorganization #storagehacks #interiordesign #organizedhome #homeimprovement",Spark_ShoeStorage_Broad,1845523647532082,1845522176114754,Evergreen VSA Broad Web,25819.03,,,,2026-08-10
1857387383052353,8591101,We’re no longer tripping over shoes in 2026. Check out my Wayfair Storefront for direct link to these finds. Link in bio  @Wayfair #wayfaircreator,Spark_ShoeStorage_Broad,1845523647532082,1845522176114754,Evergreen VSA Broad Web,20227.99,duchess.lifetsyle,https://www.tiktok.com/@duchess.lifestyle/video/7592005832653557006,7592005832653557006,2026-08-10
1863102870179889,3895001,"#ad LINK IN BIO!!! I’m so happy every time I enter now 🥹🚪👟#Wayfair, #WayfairCreator @Wayfair",Spark_ShoeStorage_Broad,1845523647532082,1845522176114754,Evergreen VSA Broad Web,16798.89,hibafairy,https://www.tiktok.com/@hibafairy/video/7628407165962784013?lang=en,7628407165962784013,2026-08-10
1855770126058609,1452601,"The perfect shoe storage cabinet, fits up to 24 pairs of shoes (including your boyfriend’s sneakers) 👟  @Wayfair 🤎 Find this on my LTK, link in bio ✨ #shoestorage #entryway #apartmenttour #interiordesign #fyp",Spark_ShoeStorage_Broad,1845523647532082,1845522176114754,Evergreen VSA Broad Web,12143.56,ourwhiskeredlife ,https://www.tiktok.com/@ourwhiskeredlife/video/7592774417864854815?lang=en,7592774417864854815,2026-08-10
1845524655851633,,This makes the Virgo in me soooo happy !😍 #wayfairpartner #wayfair #wayfairfinds #affordablehomefinds #wayfairelevate #wayfaircreator #Ad @Wayfair,Spark_ShoeStorage_Broad,1845523647532082,1845522176114754,Evergreen VSA Broad Web,4642.33,,,,2026-08-10
1865192460615745,9839101,@Wayfair to the rescue with their shoe storage collection that made my garage bearable to look at again 👏🏻 #hometok #closetorganization #ad #organizedhome #homefinds,Spark_ShoeStorage_Broad,1845523647532082,1845522176114754,Evergreen VSA Broad Web,4361.43,houseofsaintdesign,https://www.tiktok.com/@houseofsaintdesign/video/7614177144335371533?lang=en,7614177144335371533,2026-08-10
1859845877303505,,"In my organization era. 💅 If it doesn’t spin, store, and serve… it’s gone. Organized to be a winner. 🏆 #homedecor #homeorganization #closetgoals #organizedhome #homeinspo",Spark_ShoeStorage_Broad,1845523647532082,1845522176114754,Evergreen VSA Broad Web,4173.41,,,,2026-08-10
1863102862125170,1697901,"Gifted by Wayfair ✨ If your entryway slowly turns into a pile of sneakers, boots, and “I’ll put these away later” shoes… same. This simple shoe rack completely cleaned up the chaos in my house and made the space look so much more put together. It holds up to 12 pairs and the natural wood actually looks nice enough to keep out instead of hiding in a closet. Honestly the best part is being able to walk in the door and not trip over a mountain of shoes anymore. Functional, simple, and it makes the whole space",Spark_ShoeStorage_Broad,1845523647532082,1845522176114754,Evergreen VSA Broad Web,1090.71,sadieslifebelike,https://www.tiktok.com/@sadieslifebelike/video/7620897588715244814,7620897588715244814,2026-08-10
1845524669704370,,"My new cabinet from @Wayfair the perfect piece to store our shoes, I’m obsessed #furniture #shoecabinet #storage #storagecabinet #entrywaydecor #moving #newhome  @Gap sweatsuit",Spark_ShoeStorage_Broad,1845523647532082,1845522176114754,Evergreen VSA Broad Web,882.68,,,,2026-08-10
1855770135108769,7935201,Today I feel like upgrading our shoe cabinet #interiordesign #diy #homedecor #wayfair,Spark_ShoeStorage_Broad,1845523647532082,1845522176114754,Evergreen VSA Broad Web,638.83,kendallspell,https://www.tiktok.com/@kendallspell/video/7664623747965537549,7664623747965537549,2026-08-10
1871423869917394,7935201,From @Wayfair and it’s linked in my Wayfair storefront!  #wayfair #wayfairfinds #wayfairfurniture #decor #apartment _search_kendallspell_shoe_storage_broad,Spark_ShoeStorage_Broad,1845523647532082,1845522176114754,Evergreen VSA Broad Web,189.08,kendallspell,https://www.tiktok.com/@kendallspell/video/7664623747965537549,7664623747965537549,2026-08-10
1855586696192034,6536301,"I've never been so excited for a piece of furniture in my life ! It completely opens up the front room I'm obsessed, AND I built it all by my myself 💕@Wayfair  #furniture #homeimprovement #organization #bayarea",Spark_ShoeStorage_Broad,1845523647532082,1845522176114754,Evergreen VSA Broad Web,58.77,wreennn,https://www.tiktok.com/@wreennn/video/7597273632892521742?lang=en,7597273632892521742,2026-08-10
1871341463039025,8591101,We’re no longer tripping over shoes in 2026. Check out my Wayfair Storefront for direct link to these finds. Link in bio  @Wayfair #wayfaircreator _search_bayisle_clie_shoestorage_broad_FF,Spark_ShoeStorage_Broad_FF,1871339784944641,1871339683323985,Evergreen VSA Broad Web FF,2760.31,duchess.lifetsyle,https://www.tiktok.com/@duchess.lifestyle/video/7592005832653557006,7592005832653557006,2026-08-10
1872602860994609,3017301,7347881516757731080_catalog_carousel_evergreen_elijahbanks_shoestorage_FF,Spark_ShoeStorage_Broad_FF,1871339784944641,1871339683323985,Evergreen VSA Broad Web FF,2140.94,elijahbanks_,https://www.tiktok.com/@elijahbanks_/video/7617924997641784589?lang=en,7617924997641784589,2026-08-10
1871341465586786,3895001,"#ad LINK IN BIO!!! I’m so happy every time I enter now 🥹🚪👟#Wayfair, #WayfairCreator @Wayfair _search_latituderun_boho_shoestorage_broad_FF",Spark_ShoeStorage_Broad_FF,1871339784944641,1871339683323985,Evergreen VSA Broad Web FF,1475.92,hibafairy,https://www.tiktok.com/@hibafairy/video/7628407165962784013?lang=en,7628407165962784013,2026-08-10
1871341468781585,1452601,"The perfect shoe storage cabinet, fits up to 24 pairs of shoes (including your boyfriend’s sneakers) 👟  @Wayfair 🤎 Find this on my LTK, link in bio ✨ #shoestorage #entryway #apartmenttour #interiordesign #fyp _search_loonpeak_24pair_walnut_shoestorage_broad_FF",Spark_ShoeStorage_Broad_FF,1871339784944641,1871339683323985,Evergreen VSA Broad Web FF,1168.16,ourwhiskeredlife ,https://www.tiktok.com/@ourwhiskeredlife/video/7592774417864854815?lang=en,7592774417864854815,2026-08-10
1871342954438834,6536301,"I've never been so excited for a piece of furniture in my life ! It completely opens up the front room I'm obsessed, AND I built it all by my myself 💕@Wayfair  #furniture #homeimprovement #organization #bayarea _search_millwoodpines_24pair_shoecabinet_broad_FF",Spark_ShoeStorage_Broad_FF,1871339784944641,1871339683323985,Evergreen VSA Broad Web FF,605.37,wreennn,https://www.tiktok.com/@wreennn/video/7597273632892521742?lang=en,7597273632892521742,2026-08-10
1872602860994593,3017301,"A no shoe household might sound strict, but honestly it just keeps everything cleaner. Instead of letting shoes pile up by the door, I finally gave them a proper home. This Wayfair shoe cabinet keeps everything organized, out of sight, and makes the whole space feel calmer and more put together. @Wayfair  #wayfair #shoestorage #apartmentdecor #homedecor #organizedhome _evergreen_elijahbanks_shoestorage_FF",Spark_ShoeStorage_Broad_FF,1871339784944641,1871339683323985,Evergreen VSA Broad Web FF,214.99,elijahbanks_,https://www.tiktok.com/@elijahbanks_/video/7617924997641784589?lang=en,7617924997641784589,2026-08-10
1872623306931650,3333901,Elevate your entry space with this beautiful shoe cabinet 😍 linked in my bio✨ @Wayfair  #wayfairfinds #wayfaircreator #cozyhome #shoestorage _Search_jennmontoya_shoestorage_broad_FF,Spark_ShoeStorage_Broad_FF,1871339784944641,1871339683323985,Evergreen VSA Broad Web FF,95.1,cecilyduh,https://www.tiktok.com/@cecilyduh/video/7622783340868799757,7622783340868799757,2026-08-10
1872623306935458,7935201,From @Wayfair and it’s linked in my Wayfair storefront!  #wayfair #wayfairfinds #wayfairfurniture #decor #apartment _Search_kendallspell_shoestorage_broad_FF,Spark_ShoeStorage_Broad_FF,1871339784944641,1871339683323985,Evergreen VSA Broad Web FF,51.31,kendallspell,https://www.tiktok.com/@kendallspell/video/7664623747965537549,7664623747965537549,2026-08-10
1872605222607057,7731401,"Gifted by Wayfair ✨ If your entryway slowly turns into a pile of sneakers, boots, and “I’ll put these away later” shoes… same. This simple shoe rack completely cleaned up the chaos in my house and made the space look so much more put together. It holds up to 12 pairs and the natural wood actually looks nice enough to keep out instead of hiding in a closet. Honestly the best part is being able to walk in the door and not trip over a mountain of shoes anymore. Functional, simple, and it makes the whole space",Spark_ShoeStorage_Broad_FF,1871339784944641,1871339683323985,Evergreen VSA Broad Web FF,48.03,k_ketchup_,https://www.tiktok.com/@k_ketchup__/video/7615746841627479326?lang=en,7615746841627479326,2026-08-10
1872623306929154,9601101,Bought a new shoe storage and I’m in love! @Wayfair👟🤍 #shoestorage #wayfair #homeorganization #closetorganization _PCP_tecixo_shoestorage_broad_FF,Spark_ShoeStorage_Broad_FF,1871339784944641,1871339683323985,Evergreen VSA Broad Web FF,25.62,teci.xo,https://www.tiktok.com/@teci.xo/video/7613765980598062350,7613765980598062350,2026-08-10
1871340189069553,8591101,We’re no longer tripping over shoes in 2026. Check out my Wayfair Storefront for direct link to these finds. Link in bio  @Wayfair #wayfaircreator _search_bayisle_clie_shoestorage_broad_LF,Spark_ShoeStorage_Broad_LF,1871339936551121,1871338571302274,Evergreen VSA Broad Web LF,5692.74,duchess.lifetsyle,https://www.tiktok.com/@duchess.lifestyle/video/7592005832653557006,7592005832653557006,2026-08-10
1871340192195713,3895001,"#ad LINK IN BIO!!! I’m so happy every time I enter now 🥹🚪👟#Wayfair, #WayfairCreator @Wayfair _search_latituderun_boho_shoestorage_broad_LF",Spark_ShoeStorage_Broad_LF,1871339936551121,1871338571302274,Evergreen VSA Broad Web LF,3270.54,hibafairy,https://www.tiktok.com/@hibafairy/video/7628407165962784013?lang=en,7628407165962784013,2026-08-10
1871340194464850,1452601,"The perfect shoe storage cabinet, fits up to 24 pairs of shoes (including your boyfriend’s sneakers) 👟  @Wayfair 🤎 Find this on my LTK, link in bio ✨ #shoestorage #entryway #apartmenttour #interiordesign #fyp _search_loonpeak_24pair_walnut_shoestorage_broad_LF",Spark_ShoeStorage_Broad_LF,1871339936551121,1871338571302274,Evergreen VSA Broad Web LF,2841.59,ourwhiskeredlife ,https://www.tiktok.com/@ourwhiskeredlife/video/7592774417864854815?lang=en,7592774417864854815,2026-08-10
1872603383444673,3017301,"A no shoe household might sound strict, but honestly it just keeps everything cleaner. Instead of letting shoes pile up by the door, I finally gave them a proper home. This Wayfair shoe cabinet keeps everything organized, out of sight, and makes the whole space feel calmer and more put together. @Wayfair  #wayfair #shoestorage #apartmentdecor #homedecor #organizedhome _PCP_elijahbanks_millwood_pines_LF",Spark_ShoeStorage_Broad_LF,1871339936551121,1871338571302274,Evergreen VSA Broad Web LF,1517.63,elijahbanks_,https://www.tiktok.com/@elijahbanks_/video/7617924997641784589?lang=en,7617924997641784589,2026-08-10
1871342528327889,6536301,"I've never been so excited for a piece of furniture in my life ! It completely opens up the front room I'm obsessed, AND I built it all by my myself 💕@Wayfair  #furniture #homeimprovement #organization #bayarea _search_millwoodpines_24pair_shoecabinet_broad_LF",Spark_ShoeStorage_Broad_LF,1871339936551121,1871338571302274,Evergreen VSA Broad Web LF,1369.73,wreennn,https://www.tiktok.com/@wreennn/video/7597273632892521742?lang=en,7597273632892521742,2026-08-10
1872623790048386,1412101,Elevate your entry space with this beautiful shoe cabinet 😍 linked in my bio✨ @Wayfair  #wayfairfinds #wayfaircreator #cozyhome #shoestorage _Search_jennmontoya_shoestorage_broad_LF,Spark_ShoeStorage_Broad_LF,1871339936551121,1871338571302274,Evergreen VSA Broad Web LF,1315.19,jennmontoya_,https://www.tiktok.com/@jennmontoya_/video/7633972787090165006?lang=en,7633972787090165006,2026-08-10
1872605115783730,7731401,"Gifted by Wayfair ✨ If your entryway slowly turns into a pile of sneakers, boots, and “I’ll put these away later” shoes… same. This simple shoe rack completely cleaned up the chaos in my house and made the space look so much more put together. It holds up to 12 pairs and the natural wood actually looks nice enough to keep out instead of hiding in a closet. Honestly the best part is being able to walk in the door and not trip over a mountain of shoes anymore. Functional, simple, and it makes the whole space",Spark_ShoeStorage_Broad_LF,1871339936551121,1871338571302274,Evergreen VSA Broad Web LF,645.29,k_ketchup_,https://www.tiktok.com/@k_ketchup__/video/7615746841627479326?lang=en,7615746841627479326,2026-08-10
1872623790061922,7935201,From @Wayfair and it’s linked in my Wayfair storefront!  #wayfair #wayfairfinds #wayfairfurniture #decor #apartment _Search_kendallspell_shoestorage_broad_LF,Spark_ShoeStorage_Broad_LF,1871339936551121,1871338571302274,Evergreen VSA Broad Web LF,616.34,kendallspell,https://www.tiktok.com/@kendallspell/video/7664623747965537549,7664623747965537549,2026-08-10
1872623790045202,9601101,Bought a new shoe storage and I’m in love! @Wayfair👟🤍 #shoestorage #wayfair #homeorganization #closetorganization _PCP_tecixo_shoestorage_broad_LF,Spark_ShoeStorage_Broad_LF,1871339936551121,1871338571302274,Evergreen VSA Broad Web LF,299.13,teci.xo,https://www.tiktok.com/@teci.xo/video/7613765980598062350,7613765980598062350,2026-08-10
1864469606181922,9227101,Linked it right in my shop my !! Under “home” or “TikTok” #wayfairfinds #burlwoodsideboard #burlwood,Spark_Sideboard_Broad,1845523675693186,1845522176114754,Evergreen VSA Broad Web,54824.46,mxhellellorente,https://www.tiktok.com/@mxhellellorente/video/7629131753675885838?lang=en,7629131753675885838,2026-08-10
1857586270877906,9227101,& it’s on sale!!!! 🤎 linked in my bio!! @Wayfair #interiordesign #homedecor,Spark_Sideboard_Broad,1845523675693186,1845522176114754,Evergreen VSA Broad Web,27565.6,mxhellellorente,https://www.tiktok.com/@mxhellellorente/video/7629131753675885838?lang=en,7629131753675885838,2026-08-10
1863100479749121,3813201,obsessed with this buffet cabinet from @Wayfair #homedecor #decor #tvstand #homeimprovement #housetour,Spark_Sideboard_Broad,1845523675693186,1845522176114754,Evergreen VSA Broad Web,8560.66,deannahasan,https://www.tiktok.com/@deannahasan/video/7628049954019364110?lang=en,7628049954019364110,2026-08-10
1856129570402642,9227101,this sideboard/dresser is stunning + under $300!!!! linked in my “shop my” #wayfairdresser #dresser #wayfair #wayfairfinds #burledwood @Wayfair,Spark_Sideboard_Broad,1845523675693186,1845522176114754,Evergreen VSA Broad Web,6697.15,mxhellellorente,https://www.tiktok.com/@mxhellellorente/video/7629131753675885838?lang=en,7629131753675885838,2026-08-10
1864470731300865,8476801,"Gifted by Wayfair are these gorgeous sideboards😊 when I’m in the mood to switch something up at home, the Wayfair app is always my go-to 🤭 right now it’s sideboards (as you can see), but over time I’ve found mirrors, dining pieces… all those little finds that end up making the biggest difference it’s just one of those places I check first when I want my space to feel a little different #ad #wayfaircreator #wayfairelevate #wayfair #homedecor @Wayfair",Spark_Sideboard_Broad,1845523675693186,1845522176114754,Evergreen VSA Broad Web,5626.59,curatedbyreina,https://www.tiktok.com/@curatedbyreina_/video/7630813050274188558?lang=en,7630813050274188558,2026-08-10
1864469606181906,9227101,can’t wait to style her🤭 #wayfair #wayfairfinds #homedecor #affordablefurniture,Spark_Sideboard_Broad,1845523675693186,1845522176114754,Evergreen VSA Broad Web,5619.9,mxhellellorente,https://www.tiktok.com/@mxhellellorente/video/7629131753675885838?lang=en,7629131753675885838,2026-08-10
1851615321847937,,Favorite sideboard from @Wayfair 🤍 Love this corner in our living room #wayfairfinds #home #wayfair #sideboard,Spark_Sideboard_Broad,1845523675693186,1845522176114754,Evergreen VSA Broad Web,5164.34,,,,2026-08-10
1867437241166898,4359701,Slowly upgrading our living room   #homedecor #wayfairfinds _ce_millwoodpines_dorne_sideboard_broad,Spark_Sideboard_Broad,1845523675693186,1845522176114754,Evergreen VSA Broad Web,4895.37,katelynshankle,https://www.tiktok.com/@katelynshankle/video/7608769143159966989,7608769143159966989,2026-08-10
1867443020764418,5904301,#wayfair #wayfairfinds #interiordesign #homedecorideas #sideboard @Wayfair _search_eberndesigns_arijit_sideboard_broad,Spark_Sideboard_Broad,1845523675693186,1845522176114754,Evergreen VSA Broad Web,4062.96,jin4thewin,https://www.tiktok.com/@jin4thewin/video/7623163239559449886,7623163239559449886,2026-08-10
1864470319264961,4359701,"honestly one of my favorite wayfair finds so far, it pulled my whole living room together 🤍 linked in my Wayfair storefront under “My Living Room Links!” @Wayfair #wayfairfinds #wayfaircreator",Spark_Sideboard_Broad,1845523675693186,1845522176114754,Evergreen VSA Broad Web,3059.41,katelynshankle,https://www.tiktok.com/@katelynshankle/video/7608769143159966989,7608769143159966989,2026-08-10
1854234974402658,,Coffee bar of my dreams ✨🤌🏼  🔗Linked everything in my ltk  Sideboard: @Wayfair  #wayfair #wayfairfinds #wayfaircreator #wayfairfurniture,Spark_Sideboard_Broad,1845523675693186,1845522176114754,Evergreen VSA Broad Web,2744.15,,,,2026-08-10
1864469331157105,9227101,think I want to change out the handles but obsessed with the color and how much storage it has!! @Wayfair #wayfairfinds #apartmentdecor,Spark_Sideboard_Broad,1845523675693186,1845522176114754,Evergreen VSA Broad Web,2126.33,mxhellellorente,https://www.tiktok.com/@mxhellellorente/video/7629131753675885838?lang=en,7629131753675885838,2026-08-10
1863100957660289,6388801,We love her 😌🫶🏼 #tvcabinet #wayfairfinds #interiordesign #apartmentdecor @Wayfair,Spark_Sideboard_Broad,1845523675693186,1845522176114754,Evergreen VSA Broad Web,1871.85,alannabarron,https://www.tiktok.com/@alannabarron/video/7626482067865488653,7626482067865488653,2026-08-10
1867442581343314,8019801,Can’t believe I found this gem on @Wayfair—the perfect addition to new place. Link to the product is in my bio for those interested! #wayfaircreator #interiordesign #homedecor #sideboard #nycapartment _search_larkmanor_aleq_sideboard_broad,Spark_Sideboard_Broad,1845523675693186,1845522176114754,Evergreen VSA Broad Web,1843.89,itsanniech,https://www.tiktok.com/@itsanniech/video/7636526266316885278?lang=en,7636526266316885278,2026-08-10
1864469606181890,9227101,"It was a brat to build, but other than that, she’s perfect!  #wayfair #wayfairfinds @Wayfair",Spark_Sideboard_Broad,1845523675693186,1845522176114754,Evergreen VSA Broad Web,1584.07,mxhellellorente,https://www.tiktok.com/@mxhellellorente/video/7629131753675885838?lang=en,7629131753675885838,2026-08-10
1864470319264977,4359701,she’s perfect! 🔗 on my ShopMy! #housedecor #furnituredesign #wayfairfinds #wayfairfurniture,Spark_Sideboard_Broad,1845523675693186,1845522176114754,Evergreen VSA Broad Web,952.65,katelynshankle,https://www.tiktok.com/@katelynshankle/video/7608769143159966989,7608769143159966989,2026-08-10
1864469606180914,9227101,Linking in my ShopMy 🫶 #wayfair #wayfairfinds #homedecor #interiordesign #home,Spark_Sideboard_Broad,1845523675693186,1845522176114754,Evergreen VSA Broad Web,935.36,mxhellellorente,https://www.tiktok.com/@mxhellellorente/video/7629131753675885838?lang=en,7629131753675885838,2026-08-10
1867437197255761,9227101,actually obsessed with the burl wood sideboard and it’s under $300 🌀 @Wayfair #wayfair #wayfairfinds #interiordesign #homedecor _search_millwoodpines_dorne_sideboard_broad,Spark_Sideboard_Broad,1845523675693186,1845522176114754,Evergreen VSA Broad Web,814.65,mxhellellorente,https://www.tiktok.com/@mxhellellorente/video/7629131753675885838?lang=en,7629131753675885838,2026-08-10
1871342968472722,9227101,Linked it right in my shop my !! Under “home” or “TikTok” #wayfairfinds #burlwoodsideboard #burlwood _search_millwoodpines_dorne_sideboard_broad_FF,Spark_Sideboard_Broad_FF,1871339790103586,1871339683323985,Evergreen VSA Broad Web FF,2892.93,mxhellellorente,https://www.tiktok.com/@mxhellellorente/video/7629131753675885838?lang=en,7629131753675885838,2026-08-10
1871342968470786,9227101,& it’s on sale!!!! 🤎 linked in my bio!! @Wayfair #interiordesign #homedecor _search_millwoodpines_dorne_sideboard_broad_FF,Spark_Sideboard_Broad_FF,1871339790103586,1871339683323985,Evergreen VSA Broad Web FF,2112.76,mxhellellorente,https://www.tiktok.com/@mxhellellorente/video/7629131753675885838?lang=en,7629131753675885838,2026-08-10
1871450404131841,3830601,This entryway sets the vibe every time. #entrywaydecor #modernorganic #blackmenoftiktok #wayfairfinds #housetohome @Wayfair _search_smoothepiphany_sideboard_broad_FF,Spark_Sideboard_Broad_FF,1871339790103586,1871339683323985,Evergreen VSA Broad Web FF,1994.23,smoothepiphany,https://www.tiktok.com/@smoothepiphany/video/7618407656562101518?lang=en,7618407656562101518,2026-08-10
1871342968469746,9227101,this sideboard/dresser is stunning + under $300!!!! linked in my “shop my” #wayfairdresser #dresser #wayfair #wayfairfinds #burledwood @Wayfair _search_millwoodpines_dorne_sideboard_broad_FF,Spark_Sideboard_Broad_FF,1871339790103586,1871339683323985,Evergreen VSA Broad Web FF,1685.08,mxhellellorente,https://www.tiktok.com/@mxhellellorente/video/7629131753675885838?lang=en,7629131753675885838,2026-08-10
1871342968472706,9227101,can’t wait to style her🤭 #wayfair #wayfairfinds #homedecor #affordablefurniture _search_millwoodpines_dorne_sideboard_broad_FF,Spark_Sideboard_Broad_FF,1871339790103586,1871339683323985,Evergreen VSA Broad Web FF,1465.7,mxhellellorente,https://www.tiktok.com/@mxhellellorente/video/7629131753675885838?lang=en,7629131753675885838,2026-08-10
1871342968469698,9227101,"Can’t say enough good things about this burlwood piece from @Wayfair! Amazing quality and perfect for storing toys, entertainment pieces, & more! #interiordesign #homedecor #wayfairfinds #fyp _search_millwoodpines_dorne_sideboard_broad_FF",Spark_Sideboard_Broad_FF,1871339790103586,1871339683323985,Evergreen VSA Broad Web FF,986.81,mxhellellorente,https://www.tiktok.com/@mxhellellorente/video/7629131753675885838?lang=en,7629131753675885838,2026-08-10
1871342968469714,9227101,Obsessed with my new event/hosting cabinet 🪩✨#building #newfurniture #nycapartment #wayfairfinds #interiordesign @Wayfair _search_millwoodpines_dorne_sideboard_broad_FF,Spark_Sideboard_Broad_FF,1871339790103586,1871339683323985,Evergreen VSA Broad Web FF,923.06,mxhellellorente,https://www.tiktok.com/@mxhellellorente/video/7629131753675885838?lang=en,7629131753675885838,2026-08-10
1871342962652401,3813201,obsessed with this buffet cabinet from @Wayfair #homedecor #decor #tvstand #homeimprovement #housetour _search_eberndesigns_designer_55curved_sideboard_broad_FF,Spark_Sideboard_Broad_FF,1871339790103586,1871339683323985,Evergreen VSA Broad Web FF,808.95,deannahasan,https://www.tiktok.com/@deannahasan/video/7628049954019364110?lang=en,7628049954019364110,2026-08-10
1871342968470834,9227101,"It was a brat to build, but other than that, she’s perfect!  #wayfair #wayfairfinds @Wayfair _search_millwoodpines_dorne_sideboard_broad_FF",Spark_Sideboard_Broad_FF,1871339790103586,1871339683323985,Evergreen VSA Broad Web FF,790.76,mxhellellorente,https://www.tiktok.com/@mxhellellorente/video/7629131753675885838?lang=en,7629131753675885838,2026-08-10
1871450404124849,8661601,"This @Wayfair accent storage cabinet is such a beautiful piece for any space. Mine is in the Weathered Sand finish, but it also comes in Walnut. It has a solid wood frame, four soft-close doors, and a clean design that works with just about any home style. It has plenty of storage space and the design is simple and clean.  Everything is linked on my LTK (link under my bio) #wayfair #wayfairfinds #wayfair #entrywaydecor _search_allabouthome_sideboard_broad_FF",Spark_Sideboard_Broad_FF,1871339790103586,1871339683323985,Evergreen VSA Broad Web FF,511.6,allabouthome_,https://www.tiktok.com/@allabouthome_/video/7646832843573841166?lang=en,7646832843573841166,2026-08-10
1871342968469730,9227101,"Yeah, she’s worth the hype. We put this in our primary bedroom, so we have a his & hers sideboard moment. #homedecor #burlwood #interiordesign #grandmillenial #wayfair _search_millwoodpines_dorne_sideboard_broad_FF",Spark_Sideboard_Broad_FF,1871339790103586,1871339683323985,Evergreen VSA Broad Web FF,505.21,mxhellellorente,https://www.tiktok.com/@mxhellellorente/video/7629131753675885838?lang=en,7629131753675885838,2026-08-10
1871342958952993,6157701,"honestly one of my favorite wayfair finds so far, it pulled my whole living room together 🤍 linked in my Wayfair storefront under “My Living Room Links!” @Wayfair #wayfairfinds #wayfaircreator _ce_millwoodpines_dorne_sideboard_broad_FF",Spark_Sideboard_Broad_FF,1871339790103586,1871339683323985,Evergreen VSA Broad Web FF,475.67,rachhlondon,https://www.tiktok.com/@rachhlondon/video/7645326182560353549?lang=en,7645326182560353549,2026-08-10
1871342968470818,9227101,Linking in my ShopMy 🫶 #wayfair #wayfairfinds #homedecor #interiordesign #home _search_millwoodpines_dorne_sideboard_broad_FF,Spark_Sideboard_Broad_FF,1871339790103586,1871339683323985,Evergreen VSA Broad Web FF,468.65,mxhellellorente,https://www.tiktok.com/@mxhellellorente/video/7629131753675885838?lang=en,7629131753675885838,2026-08-10
1871342968470802,9227101,think I want to change out the handles but obsessed with the color and how much storage it has!! @Wayfair #wayfairfinds #apartmentdecor _search_millwoodpines_dorne_sideboard_broad_FF,Spark_Sideboard_Broad_FF,1871339790103586,1871339683323985,Evergreen VSA Broad Web FF,465.04,mxhellellorente,https://www.tiktok.com/@mxhellellorente/video/7629131753675885838?lang=en,7629131753675885838,2026-08-10
1871342958954833,6157701,Slowly upgrading our living room   #homedecor #wayfairfinds _ce_millwoodpines_dorne_sideboard_broad_FF,Spark_Sideboard_Broad_FF,1871339790103586,1871339683323985,Evergreen VSA Broad Web FF,429.1,rachhlondon,https://www.tiktok.com/@rachhlondon/video/7645326182560353549?lang=en,7645326182560353549,2026-08-10
1871342958954817,6157701,she’s perfect! 🔗 on my ShopMy! #housedecor #furnituredesign #wayfairfinds #wayfairfurniture _ce_millwoodpines_dorne_sideboard_broad_FF,Spark_Sideboard_Broad_FF,1871339790103586,1871339683323985,Evergreen VSA Broad Web FF,311.64,rachhlondon,https://www.tiktok.com/@rachhlondon/video/7645326182560353549?lang=en,7645326182560353549,2026-08-10
1871342968472738,9227101,actually obsessed with the burl wood sideboard and it’s under $300 🌀 @Wayfair #wayfair #wayfairfinds #interiordesign #homedecor _search_millwoodpines_dorne_sideboard_broad_FF,Spark_Sideboard_Broad_FF,1871339790103586,1871339683323985,Evergreen VSA Broad Web FF,287.43,mxhellellorente,https://www.tiktok.com/@mxhellellorente/video/7629131753675885838?lang=en,7629131753675885838,2026-08-10
1871342551744577,9227101,Linked it right in my shop my !! Under “home” or “TikTok” #wayfairfinds #burlwoodsideboard #burlwood _search_millwoodpines_dorne_sideboard_broad_LF,Spark_Sideboard_Broad_LF,1871339943478289,1871338571302274,Evergreen VSA Broad Web LF,5893.49,mxhellellorente,https://www.tiktok.com/@mxhellellorente/video/7629131753675885838?lang=en,7629131753675885838,2026-08-10
1871342551742625,9227101,this sideboard/dresser is stunning + under $300!!!! linked in my “shop my” #wayfairdresser #dresser #wayfair #wayfairfinds #burledwood @Wayfair _search_millwoodpines_dorne_sideboard_broad_LF,Spark_Sideboard_Broad_LF,1871339943478289,1871338571302274,Evergreen VSA Broad Web LF,3790.6,mxhellellorente,https://www.tiktok.com/@mxhellellorente/video/7629131753675885838?lang=en,7629131753675885838,2026-08-10
1871342551742641,9227101,& it’s on sale!!!! 🤎 linked in my bio!! @Wayfair #interiordesign #homedecor _search_millwoodpines_dorne_sideboard_broad_LF,Spark_Sideboard_Broad_LF,1871339943478289,1871338571302274,Evergreen VSA Broad Web LF,3530.11,mxhellellorente,https://www.tiktok.com/@mxhellellorente/video/7629131753675885838?lang=en,7629131753675885838,2026-08-10
1871450410864738,3830601,This entryway sets the vibe every time. #entrywaydecor #modernorganic #blackmenoftiktok #wayfairfinds #housetohome @Wayfair _search_smoothepiphany_sideboard_broad_LF,Spark_Sideboard_Broad_LF,1871339943478289,1871338571302274,Evergreen VSA Broad Web LF,2652.38,smoothepiphany,https://www.tiktok.com/@smoothepiphany/video/7618407656562101518?lang=en,7618407656562101518,2026-08-10
1871342551743729,9227101,can’t wait to style her🤭 #wayfair #wayfairfinds #homedecor #affordablefurniture _search_millwoodpines_dorne_sideboard_broad_LF,Spark_Sideboard_Broad_LF,1871339943478289,1871338571302274,Evergreen VSA Broad Web LF,2300.89,mxhellellorente,https://www.tiktok.com/@mxhellellorente/video/7629131753675885838?lang=en,7629131753675885838,2026-08-10
1871342551743681,9227101,think I want to change out the handles but obsessed with the color and how much storage it has!! @Wayfair #wayfairfinds #apartmentdecor _search_millwoodpines_dorne_sideboard_broad_LF,Spark_Sideboard_Broad_LF,1871339943478289,1871338571302274,Evergreen VSA Broad Web LF,2225.93,mxhellellorente,https://www.tiktok.com/@mxhellellorente/video/7629131753675885838?lang=en,7629131753675885838,2026-08-10
1871342551740481,9227101,"Can’t say enough good things about this burlwood piece from @Wayfair! Amazing quality and perfect for storing toys, entertainment pieces, & more! #interiordesign #homedecor #wayfairfinds #fyp _search_millwoodpines_dorne_sideboard_broad_LF",Spark_Sideboard_Broad_LF,1871339943478289,1871338571302274,Evergreen VSA Broad Web LF,2170.82,mxhellellorente,https://www.tiktok.com/@mxhellellorente/video/7629131753675885838?lang=en,7629131753675885838,2026-08-10
1871450404127889,8661601,"This @Wayfair accent storage cabinet is such a beautiful piece for any space. Mine is in the Weathered Sand finish, but it also comes in Walnut. It has a solid wood frame, four soft-close doors, and a clean design that works with just about any home style. It has plenty of storage space and the design is simple and clean.  Everything is linked on my LTK (link under my bio) #wayfair #wayfairfinds #wayfair #entrywaydecor _search_allabouthome_sideboard_broad_LF",Spark_Sideboard_Broad_LF,1871339943478289,1871338571302274,Evergreen VSA Broad Web LF,1825.96,allabouthome_,https://www.tiktok.com/@allabouthome_/video/7646832843573841166?lang=en,7646832843573841166,2026-08-10
1871342551742593,9227101,Obsessed with my new event/hosting cabinet 🪩✨#building #newfurniture #nycapartment #wayfairfinds #interiordesign @Wayfair _search_millwoodpines_dorne_sideboard_broad_LF,Spark_Sideboard_Broad_LF,1871339943478289,1871338571302274,Evergreen VSA Broad Web LF,1802.68,mxhellellorente,https://www.tiktok.com/@mxhellellorente/video/7629131753675885838?lang=en,7629131753675885838,2026-08-10
1871342548124081,3813201,obsessed with this buffet cabinet from @Wayfair #homedecor #decor #tvstand #homeimprovement #housetour _search_eberndesigns_designer_55curved_sideboard_broad_LF,Spark_Sideboard_Broad_LF,1871339943478289,1871338571302274,Evergreen VSA Broad Web LF,1731.22,deannahasan,https://www.tiktok.com/@deannahasan/video/7628049954019364110?lang=en,7628049954019364110,2026-08-10
1871342551743697,9227101,Linking in my ShopMy 🫶 #wayfair #wayfairfinds #homedecor #interiordesign #home _search_millwoodpines_dorne_sideboard_broad_LF,Spark_Sideboard_Broad_LF,1871339943478289,1871338571302274,Evergreen VSA Broad Web LF,1371.69,mxhellellorente,https://www.tiktok.com/@mxhellellorente/video/7629131753675885838?lang=en,7629131753675885838,2026-08-10
1871342551742609,9227101,"Yeah, she’s worth the hype. We put this in our primary bedroom, so we have a his & hers sideboard moment. #homedecor #burlwood #interiordesign #grandmillenial #wayfair _search_millwoodpines_dorne_sideboard_broad_LF",Spark_Sideboard_Broad_LF,1871339943478289,1871338571302274,Evergreen VSA Broad Web LF,1251.03,mxhellellorente,https://www.tiktok.com/@mxhellellorente/video/7629131753675885838?lang=en,7629131753675885838,2026-08-10
1871342551743713,9227101,"It was a brat to build, but other than that, she’s perfect!  #wayfair #wayfairfinds @Wayfair _search_millwoodpines_dorne_sideboard_broad_LF",Spark_Sideboard_Broad_LF,1871339943478289,1871338571302274,Evergreen VSA Broad Web LF,1151.47,mxhellellorente,https://www.tiktok.com/@mxhellellorente/video/7629131753675885838?lang=en,7629131753675885838,2026-08-10
1871342531307874,6157701,Slowly upgrading our living room   #homedecor #wayfairfinds _ce_millwoodpines_dorne_sideboard_broad_LF,Spark_Sideboard_Broad_LF,1871339943478289,1871338571302274,Evergreen VSA Broad Web LF,1109.97,rachhlondon,https://www.tiktok.com/@rachhlondon/video/7645326182560353549?lang=en,7645326182560353549,2026-08-10
1871342531307858,6157701,she’s perfect! 🔗 on my ShopMy! #housedecor #furnituredesign #wayfairfinds #wayfairfurniture _ce_millwoodpines_dorne_sideboard_broad_LF,Spark_Sideboard_Broad_LF,1871339943478289,1871338571302274,Evergreen VSA Broad Web LF,930.76,rachhlondon,https://www.tiktok.com/@rachhlondon/video/7645326182560353549?lang=en,7645326182560353549,2026-08-10
1871342531307842,6157701,"honestly one of my favorite wayfair finds so far, it pulled my whole living room together 🤍 linked in my Wayfair storefront under “My Living Room Links!” @Wayfair #wayfairfinds #wayfaircreator _ce_millwoodpines_dorne_sideboard_broad_LF",Spark_Sideboard_Broad_LF,1871339943478289,1871338571302274,Evergreen VSA Broad Web LF,871.02,rachhlondon,https://www.tiktok.com/@rachhlondon/video/7645326182560353549?lang=en,7645326182560353549,2026-08-10
1871342551744593,9227101,actually obsessed with the burl wood sideboard and it’s under $300 🌀 @Wayfair #wayfair #wayfairfinds #interiordesign #homedecor _search_millwoodpines_dorne_sideboard_broad_LF,Spark_Sideboard_Broad_LF,1871339943478289,1871338571302274,Evergreen VSA Broad Web LF,858.01,mxhellellorente,https://www.tiktok.com/@mxhellellorente/video/7629131753675885838?lang=en,7629131753675885838,2026-08-10
1856775853836321,,"The swivel, easy to clean, comfy stools we were dreaming of! @Wayfair #wayfair #WayfairElevate #WayfairCreator #ad",Spark_Stools_Broad,1845523751867410,1845522176114754,Evergreen VSA Broad Web,41693.16,,,,2026-08-10
1853236864556129,,✨What I bought vs how I styled it ✨ @Wayfair edition. These bar stools were the perfect crossover for both aesthetic and functionality!  #wayfair #barstool #kitchen #homedecor #interiordesign,Spark_Stools_Broad,1845523751867410,1845522176114754,Evergreen VSA Broad Web,31789.45,,,,2026-08-10
1863824367885441,4813501,"Slowly turning our new home into a cozy, elevated space, one piece at a time. These cream colored bar stools from @Wayfair brought our kitchen together in the softest way 🤍 #homedecor #diningchairs #decoratewithme #wayfair",Spark_Stools_Broad,1845523751867410,1845522176114754,Evergreen VSA Broad Web,28359.01,only1jasmyne,https://www.tiktok.com/@only1jasmyne/video/7626495778508279053?lang=en,7626495778508279053,2026-08-10
1863825106825329,1540901,Obbsessed with these barstools from @Wayfair !! ✨ Linked in my bio! #apartmentdinspo #kitchen #counterstools #wayfair #wayfairfinds,Spark_Stools_Broad,1845523751867410,1845522176114754,Evergreen VSA Broad Web,22370.15,ellemenzel,https://www.tiktok.com/@ellemenzel/video/7623772442305039646,7623772442305039646,2026-08-10
1855669871048833,8466701,in love with these barstools from @Wayfair 🥰 so cute and chic 😭 the velvet is everything 😍🖤  #wayfairfinds #wayfair #homedecor #barstools,Spark_Stools_Broad,1845523751867410,1845522176114754,Evergreen VSA Broad Web,20578.51,itssaquasa,https://www.tiktok.com/@itssaquasa/video/7597969942763277598,7597969942763277598,2026-08-10
1854137443862609,,i love these barstools so much from @Wayfair 🥹😍😍 the barbie pink i wanted 💕 #ad #wayfaircreator #wayfair #wayfairelevate #barstools,Spark_Stools_Broad,1845523751867410,1845522176114754,Evergreen VSA Broad Web,11898.29,,,,2026-08-10
1868268407210066,0,I’m such an “eat at the table” kind of girl and it’s been too long without one!! barstools + island are @Wayfair #WayfairCreator #Wayfair #apartmentdecor #homeimprovement #homedecor _wcp_graciefriedl_upgradedbarstools_broad,Spark_Stools_Broad,1845523751867410,1845522176114754,Evergreen VSA Broad Web,10924.68,,,,2026-08-10
1867446660602129,7811901,Kitchen of my dreams ✨  #kitchendecor #kitchencabinets #kitchendesign #modernkitchen #whiteoakcabinets _search_latituderun_sacha_howley_upholstered_stool_broad,Spark_Stools_Broad,1845523751867410,1845522176114754,Evergreen VSA Broad Web,5426.47,homebyella90,https://www.tiktok.com/@homebyella90/video/7636576949871086879?lang=en,7636576949871086879,2026-08-10
1867445692636241,0,Most loved item on @Wayfair are these barstools! #wayfair #kitchenbarstools #kitchen #home #homedecor _search_latituderun_colrain_stools_broad,Spark_Stools_Broad,1845523751867410,1845522176114754,Evergreen VSA Broad Web,5115.67,,,,2026-08-10
1855670088884273,,Would you add these stools in your home?  #fy #viral #fatfurniturefinds #wayfair,Spark_Stools_Broad,1845523751867410,1845522176114754,Evergreen VSA Broad Web,2062.26,,,,2026-08-10
1847157799895121,,THE perfect counter stools from @Wayfair  😍😍😍 They are also very comfortable 👌🏾,Spark_Stools_Broad,1845523751867410,1845522176114754,Evergreen VSA Broad Web,1813.84,,,,2026-08-10
1867446133450849,3139300,Unboxing our 1st @Wayfair purchase!   #wayfair_search_bayisle_pu_swivel_barstool_broad,Spark_Stools_Broad,1845523751867410,1845522176114754,Evergreen VSA Broad Web,1182.18,mariakrishaaa,https://www.tiktok.com/@mariakrishaaa/video/7631422747737918741?lang=en,7631422747737918741,2026-08-10
1849339316976721,3156601,A great @Wayfair find! If you are looking for barstools these are a great dupe!  #wayfairfinds #wayfair #dupe #home #homedecor #barstools,Spark_Stools_Broad,1845523751867410,1845522176114754,Evergreen VSA Broad Web,194.45,alg266,https://www.tiktok.com/@alg266/video/7572984348346027277?lang=en,7572984348346027277,2026-08-10
1852328998892642,9506401,These Wayfair bar stools are just what you need. @Wayfair  Link to shop: https://creatorsold.io/wayfair/christabelle_ugc/kitchen-essentials-2 #wayfaircreator #wayfair #wayfairfurniture #ugc #lifestyle,Spark_Stools_Broad,1845523751867410,1845522176114754,Evergreen VSA Broad Web,60.15,christabelle_ugc,https://www.tiktok.com/@christabelle_ugc/video/7581539020539317517?lang=en,7581539020539317517,2026-08-10
1871450400340001,4194401,These statement barstools are one of my favorite pieces in my apartment 🖤  from @Wayfair !! #apartmentinspo #homefinds #barstools #kitcheninspo #wayfairfinds _search_ellemenzel_stools_broad_FF,Spark_Stools_Broad_FF,1871339799032897,1871339683323985,Evergreen VSA Broad Web FF,2921.54,ellemenzel,https://www.tiktok.com/@ellemenzel/video/7650507995041844511?lang=en,7650507995041844511,2026-08-10
1871342976554193,3156601,A great @Wayfair find! If you are looking for barstools these are a great dupe!  #wayfairfinds #wayfair #dupe #home #homedecor #barstools _search_larkmanor_alighiero_stools_broad_FF,Spark_Stools_Broad_FF,1871339799032897,1871339683323985,Evergreen VSA Broad Web FF,1403.64,alg266,https://www.tiktok.com/@alg266/video/7572984348346027277?lang=en,7572984348346027277,2026-08-10
1871341475737666,3495201,So thankful I was able to grab these before they sold out. This is a small home upgrade that made such a difference. These barstools from @Wayfair added just what I needed to my space. 🔗 in bio #wayfair #homedecor #momlife #kitchenupgrade #kitchenfurniture  _ce_corriganstudio_vannie_upholstered_stool_broad_FF,Spark_Stools_Broad_FF,1871339799032897,1871339683323985,Evergreen VSA Broad Web FF,1262.72,tierrotaylor24,https://www.tiktok.com/@tierrotaylor24/video/7550682058146860318,7550682058146860318,2026-08-10
1871450416966657,4368001,We love some fresh neutral barstools!! These are holding up great! @Wayfair #wayfair #wayfairfinds #barstools #neutralbarstools #wayfairbarstools _search_syd_erwin_stools_broad_FF,Spark_Stools_Broad_FF,1871339799032897,1871339683323985,Evergreen VSA Broad Web FF,951.25,syd_erwin,https://www.tiktok.com/@syd_erwin/video/7649095718807915789?lang=en,7649095718807915789,2026-08-10
1871342976474417,4813501,"Slowly turning our new home into a cozy, elevated space, one piece at a time. These cream colored bar stools from @Wayfair brought our kitchen together in the softest way 🤍 #homedecor #diningchairs #decoratewithme #wayfair _search_latituderun_scultptural_stools_broad_FF",Spark_Stools_Broad_FF,1871339799032897,1871339683323985,Evergreen VSA Broad Web FF,570.97,only1jasmyne,https://www.tiktok.com/@only1jasmyne/video/7626495778508279053?lang=en,7626495778508279053,2026-08-10
1871342975097074,9506401,These Wayfair bar stools are just what you need. @Wayfair  Link to shop: https://creatorsold.io/wayfair/christabelle_ugc/kitchen-essentials-2 #wayfaircreator #wayfair #wayfairfurniture #ugc #lifestyle _search_corriganstudio_kiyanni_stools_broad_FF,Spark_Stools_Broad_FF,1871339799032897,1871339683323985,Evergreen VSA Broad Web FF,531.04,christabelle_ugc,https://www.tiktok.com/@christabelle_ugc/video/7581539020539317517?lang=en,7581539020539317517,2026-08-10
1871341481222385,3139300,Unboxing our 1st @Wayfair purchase!   #wayfair_search_bayisle_pu_swivel_barstool_broad_FF,Spark_Stools_Broad_FF,1871339799032897,1871339683323985,Evergreen VSA Broad Web FF,278.01,mariakrishaaa,https://www.tiktok.com/@mariakrishaaa/video/7631422747737918741?lang=en,7631422747737918741,2026-08-10
1871450422924337,4194401,These statement barstools are one of my favorite pieces in my apartment 🖤  from @Wayfair !! #apartmentinspo #homefinds #barstools #kitcheninspo #wayfairfinds _search_ellemenzel_stools_broad_LF,Spark_Stools_Broad_LF,1871339950442689,1871338571302274,Evergreen VSA Broad Web LF,5123.88,ellemenzel,https://www.tiktok.com/@ellemenzel/video/7650507995041844511?lang=en,7650507995041844511,2026-08-10
1871342561844849,3156601,A great @Wayfair find! If you are looking for barstools these are a great dupe!  #wayfairfinds #wayfair #dupe #home #homedecor #barstools _search_larkmanor_alighiero_stools_broad_LF,Spark_Stools_Broad_LF,1871339950442689,1871338571302274,Evergreen VSA Broad Web LF,2905.62,alg266,https://www.tiktok.com/@alg266/video/7572984348346027277?lang=en,7572984348346027277,2026-08-10
1871341690000626,3495201,So thankful I was able to grab these before they sold out. This is a small home upgrade that made such a difference. These barstools from @Wayfair added just what I needed to my space. 🔗 in bio #wayfair #homedecor #momlife #kitchenupgrade #kitchenfurniture  _ce_corriganstudio_vannie_upholstered_stool_broad_LF,Spark_Stools_Broad_LF,1871339950442689,1871338571302274,Evergreen VSA Broad Web LF,2720.87,tierrotaylor24,https://www.tiktok.com/@tierrotaylor24/video/7550682058146860318,7550682058146860318,2026-08-10
1871450428712114,4368001,We love some fresh neutral barstools!! These are holding up great! @Wayfair #wayfair #wayfairfinds #barstools #neutralbarstools #wayfairbarstools _search_syd_erwin_stools_broad_LF,Spark_Stools_Broad_LF,1871339950442689,1871338571302274,Evergreen VSA Broad Web LF,2060.34,syd_erwin,https://www.tiktok.com/@syd_erwin/video/7649095718807915789?lang=en,7649095718807915789,2026-08-10
1871342558103858,9506401,These Wayfair bar stools are just what you need. @Wayfair  Link to shop: https://creatorsold.io/wayfair/christabelle_ugc/kitchen-essentials-2 #wayfaircreator #wayfair #wayfairfurniture #ugc #lifestyle _search_corriganstudio_kiyanni_stools_broad_LF,Spark_Stools_Broad_LF,1871339950442689,1871338571302274,Evergreen VSA Broad Web LF,1477.36,christabelle_ugc,https://www.tiktok.com/@christabelle_ugc/video/7581539020539317517?lang=en,7581539020539317517,2026-08-10
1871341660348273,3139300,Unboxing our 1st @Wayfair purchase!   #wayfair_search_bayisle_pu_swivel_barstool_broad_LF,Spark_Stools_Broad_LF,1871339950442689,1871338571302274,Evergreen VSA Broad Web LF,957.26,mariakrishaaa,https://www.tiktok.com/@mariakrishaaa/video/7631422747737918741?lang=en,7631422747737918741,2026-08-10
1871342564300833,4813501,"Slowly turning our new home into a cozy, elevated space, one piece at a time. These cream colored bar stools from @Wayfair brought our kitchen together in the softest way 🤍 #homedecor #diningchairs #decoratewithme #wayfair _search_latituderun_scultptural_stools_broad_LF",Spark_Stools_Broad_LF,1871339950442689,1871338571302274,Evergreen VSA Broad Web LF,948.93,only1jasmyne,https://www.tiktok.com/@only1jasmyne/video/7626495778508279053?lang=en,7626495778508279053,2026-08-10
1856134226717778,8845701,style my TV console with me #homedecor #tvconsole #wayfaircreator,Spark_TVConsoles_Broad,1845523953643697,1845522176114754,Evergreen VSA Broad Web,24576.61,tonyeinstyle,https://www.tiktok.com/@tonyeinstyle/video/7581233497990303007,7581233497990303007,2026-08-10
1849881713375233,8164701,"This Arched Modular Console from @wayfair is a total showstopper. The wait was worth it!!! . . . I'm absolutely in awe of how sleek and aesthetically pleasing this piece is. It's giving custom-built TV wall energy can't wait to style it with accessories. Comment ""console table"" for links to shop. #wayfairhome  #tvconsole #wayfair #homedecor #hometok",Spark_TVConsoles_Broad,1845523953643697,1845522176114754,Evergreen VSA Broad Web,18663.22,adelle0123,https://www.tiktok.com/@adelle0123/video/7558195312020540727?lang=en,7558195312020540727,2026-08-10
1864451257774673,8507501,My stunning console from @Wayfair is ready for Spring. 🦢 Lahey 93” solid wood console table ✨ #wayfairfinds #wayfairfurniture #wayfaircreator #wayfair #wayfairfind,Spark_TVConsoles_Broad,1845523953643697,1845522176114754,Evergreen VSA Broad Web,17408.48,3m.i.ly_c,https://www.tiktok.com/@3m.i.ly_c/video/7610297891898264862,7610297891898264862,2026-08-10
1855028704169170,,"I’ve been so impressed with this wood console from Wayfair. It looks like something you’d find at Pottery Barn, but the price is so much better — and the quality in person is amazing. It’s solid, sturdy, and such a timeless piece for any space. Comment SHOP for the link + follow for more affordable home finds! @Wayfair  #wayfair #wayfairelevate #consoletable #consoletabledecor #consoletablestyling",Spark_TVConsoles_Broad,1845523953643697,1845522176114754,Evergreen VSA Broad Web,11782.61,,,,2026-08-10
1851612303861906,8938901,still loving these @Wayfair media stands! #wayfair #wayfaircreator #organicmodern #neutralaesthetic #neutralhomedecor #traditionalhome #interiordesign  #neutralhome #Itkhome #amazonmusthaves #livingroomdecor,Spark_TVConsoles_Broad,1845523953643697,1845522176114754,Evergreen VSA Broad Web,11770.24,joyclynragira,https://www.tiktok.com/@joyclynragira/video/7577878305244761374?lang=en,7577878305244761374,2026-08-10
1860570206231586,8737001,A @Wayfair find 😍 “Presque TV stand in satin walnut” #homedecor #furnitureshopping #wayfairfinds #wayfairfurniture #apartmentdecor,Spark_TVConsoles_Broad,1845523953643697,1845522176114754,Evergreen VSA Broad Web,10859.28,ailenmontanze,https://www.tiktok.com/@ailenemontanez/video/7614723424144936223?lang=en,7614723424144936223,2026-08-10
1867447736293649,6892601,"✨Linked in Bio ✨$4,200 vs $237!  Found an Arhaus entryway table dupe that’s REAL wood and gives the same high-end look on @Wayfair for less. Mom budget approved! #arhausdupe #entrywaytable #consoletable #budgetdecor #luxuryforless  _search_millwoodpines_63_solidwood_console_table_broad",Spark_TVConsoles_Broad,1845523953643697,1845522176114754,Evergreen VSA Broad Web,10040.28,giovanna_theeverydaymom,https://www.tiktok.com/@giovanna_theeverydaymom/video/7607246095940324639?lang=en,7607246095940324639,2026-08-10
1864456939997249,5909601,#ad Look how cute my console table from @Wayfair is?? Added just the right character to my basement and I’m so excited to share it with you guys! Look at the spindle legs?!😍  Link is in my bio if you want to know more! #wayfair #wayfairelevate #vintagevibes #consoletable,Spark_TVConsoles_Broad,1845523953643697,1845522176114754,Evergreen VSA Broad Web,3474.85,,,,2026-08-10
1866458495474705,7203301,Loving how this console table looks in my entryway. It brings so much character and charm to this space. 🦢✨ @Wayfair  Linked under my bio in my Wayfair storefront. ✨ #wayfair #wayfairfinds #wayfairfurniture #wayfaircreator #charminghome,Spark_TVConsoles_Broad,1845523953643697,1845522176114754,Evergreen VSA Broad Web,3110.14,3m.i.ly_c,https://www.tiktok.com/@3m.i.ly_c/video/7639226640240839967,7639226640240839967,2026-08-10
1850969552884754,9937201,And she’s affordable 💁🏼‍♀️  Such a steal for the size and quality of this 🥹 I’ve been loving decorating it for the holidays  @Wayfair #wayfair #wayfairfinds #consoletable #tribesigns,Spark_TVConsoles_Broad,1845523953643697,1845522176114754,Evergreen VSA Broad Web,2010.11,ashley.nicole.russell,https://www.tiktok.com/@ashley.nicole.russell/video/7577149564952513823?lang=en,7577149564952513823,2026-08-10
1864451420976786,9070801,The right console changes everything 🤍  #aesthetic #decor #homedecor #fyp #homedecorideas  @Wayfair,Spark_TVConsoles_Broad,1845523953643697,1845522176114754,Evergreen VSA Broad Web,1594.1,alli.maries,https://www.tiktok.com/@alli.maries/video/7610475876605562125,7610475876605562125,2026-08-10
1871342985323682,9937201,And she’s affordable 💁🏼‍♀️  Such a steal for the size and quality of this 🥹 I’ve been loving decorating it for the holidays  @Wayfair #wayfair #wayfairfinds #consoletable #tribesigns _ce_tribesigns_71_farmhouse_consoletable_broad_FF,Spark_TVConsoles_Broad_FF,1871339803012241,1871339683323985,Evergreen VSA Broad Web FF,2912.17,ashley.nicole.russell,https://www.tiktok.com/@ashley.nicole.russell/video/7577149564952513823?lang=en,7577149564952513823,2026-08-10
1871450426817586,5867101,This is one of my favorite pieces of furniture in our home! @Wayfair 💗 #wayfair #wayfaircreator #scarletttvstand #wayfairfinds #interiordecor _search_homebyharkins_tv_console_broad_FF,Spark_TVConsoles_Broad_FF,1871339803012241,1871339683323985,Evergreen VSA Broad Web FF,2396.01,homebyharkins,https://www.tiktok.com/@homebyharkins/video/7608393351506742558?lang=en,7608393351506742558,2026-08-10
1871342989559153,8164701,"This Arched Modular Console from @wayfair is a total showstopper. The wait was worth it!!! . . . I'm absolutely in awe of how sleek and aesthetically pleasing this piece is. It's giving custom-built TV wall energy can't wait to style it with accessories. Comment ""console table"" for links to shop. #wayfairhome  #tvconsole #wayfair #homedecor #hometok_search_redbarrel_4_piece_modular_console_broad_FF",Spark_TVConsoles_Broad_FF,1871339803012241,1871339683323985,Evergreen VSA Broad Web FF,1850.34,adelle0123,https://www.tiktok.com/@adelle0123/video/7558195312020540727?lang=en,7558195312020540727,2026-08-10
1871341493536897,8845701,style my TV console with me #homedecor #tvconsole #wayfaircreator _search_wadelogan_meuble_tvstand_broad_FF,Spark_TVConsoles_Broad_FF,1871339803012241,1871339683323985,Evergreen VSA Broad Web FF,1791.44,tonyeinstyle,https://www.tiktok.com/@tonyeinstyle/video/7581233497990303007,7581233497990303007,2026-08-10
1871341490598994,6892601,"✨Linked in Bio ✨$4,200 vs $237!  Found an Arhaus entryway table dupe that’s REAL wood and gives the same high-end look on @Wayfair for less. Mom budget approved! #arhausdupe #entrywaytable #consoletable #budgetdecor #luxuryforless  _search_millwoodpines_63_solidwood_console_table_broad_FF",Spark_TVConsoles_Broad_FF,1871339803012241,1871339683323985,Evergreen VSA Broad Web FF,1447.71,giovanna_theeverydaymom,https://www.tiktok.com/@giovanna_theeverydaymom/video/7607246095940324639?lang=en,7607246095940324639,2026-08-10
1871342943874178,8938901,still loving these @Wayfair media stands! #wayfair #wayfaircreator #organicmodern #neutralaesthetic #neutralhomedecor #traditionalhome #interiordesign  #neutralhome #Itkhome #amazonmusthaves #livingroomdecor_ce_wadelogan_hanson_tvstand_broad_FF,Spark_TVConsoles_Broad_FF,1871339803012241,1871339683323985,Evergreen VSA Broad Web FF,1156.96,joyclynragira,https://www.tiktok.com/@joyclynragira/video/7577878305244761374?lang=en,7577878305244761374,2026-08-10
1871342995554514,,"Styled my favorite Wayfair entryway table for cozy holiday vibes 🌿🕯️ This black console from Wayfair is such a timeless base warm lamp light, natural greenery, and a pop of red for a soft festive feel 🤍 Ad #wayfaircreator #wayfair #wayfairelevate #holidaydecor @Wayfair _wcp_trexm_opheliaco_rustic_console_broad_FF",Spark_TVConsoles_Broad_FF,1871339803012241,1871339683323985,Evergreen VSA Broad Web FF,71.19,,,,2026-08-10
1871342986075185,,Speechless ✨ @Wayfair #wayfair #wayfairfurniture #affordablefurniture #credenza #homedecor _ebern_curved_console_table_broad_FF,Spark_TVConsoles_Broad_FF,1871339803012241,1871339683323985,Evergreen VSA Broad Web FF,20.36,,,,2026-08-10
1871342568069409,9937201,And she’s affordable 💁🏼‍♀️  Such a steal for the size and quality of this 🥹 I’ve been loving decorating it for the holidays  @Wayfair #wayfair #wayfairfinds #consoletable #tribesigns _ce_tribesigns_71_farmhouse_consoletable_broad_LF,Spark_TVConsoles_Broad_LF,1871339958000690,1871338571302274,Evergreen VSA Broad Web LF,6481.66,ashley.nicole.russell,https://www.tiktok.com/@ashley.nicole.russell/video/7577149564952513823?lang=en,7577149564952513823,2026-08-10
1871340220709105,8845701,style my TV console with me #homedecor #tvconsole #wayfaircreator _search_wadelogan_meuble_tvstand_broad_LF,Spark_TVConsoles_Broad_LF,1871339958000690,1871338571302274,Evergreen VSA Broad Web LF,4715.67,tonyeinstyle,https://www.tiktok.com/@tonyeinstyle/video/7581233497990303007,7581233497990303007,2026-08-10
1871342577092785,8164701,"This Arched Modular Console from @wayfair is a total showstopper. The wait was worth it!!! . . . I'm absolutely in awe of how sleek and aesthetically pleasing this piece is. It's giving custom-built TV wall energy can't wait to style it with accessories. Comment ""console table"" for links to shop. #wayfairhome  #tvconsole #wayfair #homedecor #hometok_search_redbarrel_4_piece_modular_console_broad_LF",Spark_TVConsoles_Broad_LF,1871339958000690,1871338571302274,Evergreen VSA Broad Web LF,3727.66,adelle0123,https://www.tiktok.com/@adelle0123/video/7558195312020540727?lang=en,7558195312020540727,2026-08-10
1871342571409426,8938901,still loving these @Wayfair media stands! #wayfair #wayfaircreator #organicmodern #neutralaesthetic #neutralhomedecor #traditionalhome #interiordesign  #neutralhome #Itkhome #amazonmusthaves #livingroomdecor_ce_wadelogan_hanson_tvstand_broad_LF,Spark_TVConsoles_Broad_LF,1871339958000690,1871338571302274,Evergreen VSA Broad Web LF,3637.38,joyclynragira,https://www.tiktok.com/@joyclynragira/video/7577878305244761374?lang=en,7577878305244761374,2026-08-10
1871340213992513,6892601,"✨Linked in Bio ✨$4,200 vs $237!  Found an Arhaus entryway table dupe that’s REAL wood and gives the same high-end look on @Wayfair for less. Mom budget approved! #arhausdupe #entrywaytable #consoletable #budgetdecor #luxuryforless  _search_millwoodpines_63_solidwood_console_table_broad_LF",Spark_TVConsoles_Broad_LF,1871339958000690,1871338571302274,Evergreen VSA Broad Web LF,2777.43,giovanna_theeverydaymom,https://www.tiktok.com/@giovanna_theeverydaymom/video/7607246095940324639?lang=en,7607246095940324639,2026-08-10
1871450429100098,5867101,This is one of my favorite pieces of furniture in our home! @Wayfair 💗 #wayfair #wayfaircreator #scarletttvstand #wayfairfinds #interiordecor _search_homebyharkins_tv_console_broad_LF,Spark_TVConsoles_Broad_LF,1871339958000690,1871338571302274,Evergreen VSA Broad Web LF,2340.34,homebyharkins,https://www.tiktok.com/@homebyharkins/video/7608393351506742558?lang=en,7608393351506742558,2026-08-10
1871342581493890,,"Styled my favorite Wayfair entryway table for cozy holiday vibes 🌿🕯️ This black console from Wayfair is such a timeless base warm lamp light, natural greenery, and a pop of red for a soft festive feel 🤍 Ad #wayfaircreator #wayfair #wayfairelevate #holidaydecor @Wayfair _wcp_trexm_opheliaco_rustic_console_broad_LF",Spark_TVConsoles_Broad_LF,1871339958000690,1871338571302274,Evergreen VSA Broad Web LF,106.1,,,,2026-08-10
1871342573316114,8164701,Speechless ✨ @Wayfair #wayfair #wayfairfurniture #affordablefurniture #credenza #homedecor _ebern_curved_console_table_broad_LF,Spark_TVConsoles_Broad_LF,1871339958000690,1871338571302274,Evergreen VSA Broad Web LF,36.96,adelle0123,https://www.tiktok.com/@adelle0123/video/7558195312020540727?lang=en,7558195312020540727,2026-08-10
1856774663929026,5600201,Replying to @nakia Rickye Oak Trestle Table from @Wayfair  #blackmenoftiktok #housetohome #interiordesign #wayfairfinds,Spark_Tables_Broad,1845523804088658,1845522176114754,Evergreen VSA Broad Web,35768.34,smoothepiphany,https://www.tiktok.com/@smoothepiphany/video/7603125192503643406,7603125192503643406,2026-08-10
1848804027054209,,The dining set at my new place came out sooooo good! #homedecor @Wayfair #lachiccouture,Spark_Tables_Broad,1845523804088658,1845522176114754,Evergreen VSA Broad Web,28091.88,,,,2026-08-10
1867451895041170,1990101,I’m so excited!! I love it!! And it arrived assembled!! @Wayfair @wayfairprofessional #newfurniture #wayfairfinds #fypシ #entrywaydecor #homedecorinspo _search_beachcrest_painswick_endtable_broad,Spark_Tables_Broad,1845523804088658,1845522176114754,Evergreen VSA Broad Web,20911.03,hannahgbanana,https://www.tiktok.com/@hannagbanana/video/7608361566576053534?lang=en,7608361566576053534,2026-08-10
1848804030933025,,The perfect coffee table from @Wayfair. https://creatoriq.cc/42Cq9uX #ad #wayfair #wayfairfinds #wayfaircreator #fyp,Spark_Tables_Broad,1845523804088658,1845522176114754,Evergreen VSA Broad Web,20119.94,,,,2026-08-10
1867448967259553,1121001,I’m not gonna lie I like it ☺️😜🙌 #convertibletable #billards #pooltable #datenight #wayfair _search_americanlegend_hampton_3in1_table_broad,Spark_Tables_Broad,1845523804088658,1845522176114754,Evergreen VSA Broad Web,10153.42,glorious__momma,https://www.tiktok.com/@glorious__momma/video/7607451489124109598?lang=en,7607451489124109598,2026-08-10
1864296288983201,8337701,"Unboxing a coffee table from @Wayfair ☺️ I like how it’s matches the wood on the accent chairs (also from Wayfair) and also not to big for the space.  This is part 1, #like for more content like this 🥳 #chrissydaily #decorating #homefinds #interiorstylist",Spark_Tables_Broad,1845523804088658,1845522176114754,Evergreen VSA Broad Web,8649.67,mschrissydaily,https://www.tiktok.com/@mschrissydaily/video/7633998915112570126,7633998915112570126,2026-08-10
1863837855851601,7323001,Another @Wayfair coffee table that I’m obsessed with! I’ve used this at two of my Airbnbs & I’d purchase it again!,Spark_Tables_Broad,1845523804088658,1845522176114754,Evergreen VSA Broad Web,6726.78,iamcherylhess,https://www.tiktok.com/@iamcherylhess/video/7616152961957367053,7616152961957367053,2026-08-10
1867635620433986,1380301,This table was MEANT for our dining room 🤭 #wayfair #diningtable #kitchen #diningroom #unboxingvideo @Wayfair _search_darbyhome_solidwood_diningtable_broad,Spark_Tables_Broad,1845523804088658,1845522176114754,Evergreen VSA Broad Web,5704.65,whitneyrostis,https://www.tiktok.com/@whitneyrostis/video/7638819208238877983,7638819208238877983,2026-08-10
1864296024495154,7258400,Perfect for my morning coffee in my cozy chair 👏🏼✨ @Wayfair  #wayfairfinds #homeoffice #accenttable #wayfairhome #homeofficedecor,Spark_Tables_Broad,1845523804088658,1845522176114754,Evergreen VSA Broad Web,4461.18,lifestyledbybecca,https://www.tiktok.com/@lifestyledbybecca/video/7630994918453906719?lang=en,7630994918453906719,2026-08-10
1866463093056690,6883901,"The best long, narrow table for my sunroom 🤎 #wayfair #wayfaircreator @Wayfair",Spark_Tables_Broad,1845523804088658,1845522176114754,Evergreen VSA Broad Web,3616.22,athomewithdevin,https://www.tiktok.com/@athomewithdevin/video/7615304174502186271?lang=en,7615304174502186271,2026-08-10
1870628096693314,4202801,Love this round dining table from Wayfair! So perfect for our little breakfast nook 🫶🏻 Linked in my bio on my LTK! #homedecor #banquette #affordablefurniture #diningroom #beverleyroundwood @Wayfair _ltk_poppys_home_tableunder550_broad,Spark_Tables_Broad,1845523804088658,1845522176114754,Evergreen VSA Broad Web,3010.08,poppys_home,https://www.tiktok.com/@poppys_home/video/7659405584701115661?lang=en,7659405584701115661,2026-08-10
1866459311335649,8277301,The most perfect nightstand 🤍 and less than $200 @Wayfair #renterfriendly #apartmentdecor #homeupgrades #interiorstyling #marblesidetable,Spark_Tables_Broad,1845523804088658,1845522176114754,Evergreen VSA Broad Web,2841.0,stylemebea,https://www.tiktok.com/@stylemebea/video/7634612111754153246?lang=en,7634612111754153246,2026-08-10
1863837156149297,2945101,"Another affordable coffee table I found on @Wayfair that looks so high-end 🤍 Perfect size, amazing quality, and the price is soooo good. #wayfairfinds #interiordesigner #coffeetablestyling #laurentaylorhome #fyp",Spark_Tables_Broad,1845523804088658,1845522176114754,Evergreen VSA Broad Web,957.95,iamcherylhess,https://www.tiktok.com/@iamcherylhess/video/7617695546030951693,7617695546030951693,2026-08-10
1871354040070241,6398701,Dining update- my table is here! @Wayfair  #fyp #diningroom #homedecor #interiordesign _wcp_theeinteriorgirl_dining_table_broad,Spark_Tables_Broad,1845523804088658,1845522176114754,Evergreen VSA Broad Web,484.31,theeinteriorgirl,https://www.tiktok.com/@theeinteriorgirl/video/7664646230345092365,7664646230345092365,2026-08-10
1863834285205538,9879101,just a reminder to take your time #earthyaesthetic #modernorganic #washablerug #wayfaircreator #wayfair  @Wayfair,Spark_Tables_Broad,1845523804088658,1845522176114754,Evergreen VSA Broad Web,280.87,ashali123_,https://www.tiktok.com/@ashali123_/video/7625768548253650207?lang=en,7625768548253650207,2026-08-10
1863834285205522,9879101,"One piece at a time.. literally. Earthy vibes loading 🌿 I’m obsessed with this extendable table from @Wayfair . Still need curtains, wall decor.. what else?! 🤭 #diningroom #wayfairfinds #wayfair #wayfaircreator #wayfairelevate",Spark_Tables_Broad,1845523804088658,1845522176114754,Evergreen VSA Broad Web,195.45,ashali123_,https://www.tiktok.com/@ashali123_/video/7625768548253650207?lang=en,7625768548253650207,2026-08-10
1857389481236865,5883401,Hot take but I’m standing on it 👀 This dining table looks more high-end than a lot of so-called ‘custom’ tables I’ve seen lately. Clean lines. Warm wood tone. Modern organic without trying too hard. You don’t always need a designer price tag to get a designer look  And yes… it’s from Wayfair. I linked the exact table in my ShopMy so you can judge for yourself 👀👇 🔗 Comment “CUSTOM” for the direct link,Spark_Tables_Broad,1845523804088658,1845522176114754,Evergreen VSA Broad Web,14.57,kaylathompson088,https://www.tiktok.com/@kaylathompson088/video/7602797372610972942?lang=en,7602797372610972942,2026-08-10
1871343000548529,5476001,"✨Coffee Table Reveal✨ New Travertine Coffee Table from Wayfair. I really wanted a marble or travertine coffee table. I was so happy when I saw this table on sale. It’s so sturdy, heavy and well made. The stone top has beautiful texture. Love how it came together with the new console table I added to my living area. In my señora life era. @Wayfair has great delivery service. 😍 #señoralife  #reveal  #coffeetable #coffeetablereveal #travertinecoffeetable #travertine #señoraera #homedecor #wayfair #wayfairco",Spark_Tables_Broad_FF,1871339812681090,1871339683323985,Evergreen VSA Broad Web FF,1601.52,3m.i.ly_c,https://www.tiktok.com/@3m.i.ly_c/video/7508497838339345694?region=us_ttp,7508497838339345694,2026-08-10
1871343006179554,2265701,Love this dining table from @Wayfair such a steal! 🤌🏽✨ linked on my @LTK 🤍 #diningtable #diningroom #wayfair #wayfairfinds #wayfairfurniture _search_latituderun_under90_diningtable_broad_FF,Spark_Tables_Broad_FF,1871339812681090,1871339683323985,Evergreen VSA Broad Web FF,1231.62,zubeehome,https://www.tiktok.com/@zubeehome/video/7563412235880533303,7563412235880533303,2026-08-10
1871450440816946,9567401,"Coffee table reset routine ✨ Always get so many questions on this coffee table, it’s @Wayfair !! #apartmentinspo #resetroutine #coffeetable #coffeetablestyling #apartmentdecor _search_ellemenzel_tables_broad_FF",Spark_Tables_Broad_FF,1871339812681090,1871339683323985,Evergreen VSA Broad Web FF,1109.09,ellemenzel,https://www.tiktok.com/@ellemenzel/video/7654942233375935774?lang=en,7654942233375935774,2026-08-10
1871343005635794,5600201,Replying to @nakia Rickye Oak Trestle Table from @Wayfair  #blackmenoftiktok #housetohome #interiordesign #wayfairfinds _search_hokkudesigns_rickye_dining_table_broad_FF,Spark_Tables_Broad_FF,1871339812681090,1871339683323985,Evergreen VSA Broad Web FF,847.93,smoothepiphany,https://www.tiktok.com/@smoothepiphany/video/7603125192503643406,7603125192503643406,2026-08-10
1871343008809057,5883401,Hot take but I’m standing on it 👀 This dining table looks more high-end than a lot of so-called ‘custom’ tables I’ve seen lately. Clean lines. Warm wood tone. Modern organic without trying too hard. You don’t always need a designer price tag to get a designer look  And yes… it’s from Wayfair. I linked the exact table in my ShopMy so you can judge for yourself 👀👇 🔗 Comment “CUSTOM” for the direct link_search_millwoodpines_46round_diningtable_broad_FF,Spark_Tables_Broad_FF,1871339812681090,1871339683323985,Evergreen VSA Broad Web FF,642.81,kaylathompson088,https://www.tiktok.com/@kaylathompson088/video/7602797372610972942?lang=en,7602797372610972942,2026-08-10
1871341503014946,1990101,I’m so excited!! I love it!! And it arrived assembled!! @Wayfair @wayfairprofessional #newfurniture #wayfairfinds #fypシ #entrywaydecor #homedecorinspo _search_beachcrest_painswick_endtable_broad_FF,Spark_Tables_Broad_FF,1871339812681090,1871339683323985,Evergreen VSA Broad Web FF,372.64,hannahgbanana,https://www.tiktok.com/@hannagbanana/video/7608361566576053534?lang=en,7608361566576053534,2026-08-10
1871343014969650,9879101,"One piece at a time.. literally. Earthy vibes loading 🌿 I’m obsessed with this extendable table from @Wayfair . Still need curtains, wall decor.. what else?! 🤭 #diningroom #wayfairfinds #wayfair #wayfaircreator #wayfairelevate _search_orrenellis_averni_diningtable_broad_FF",Spark_Tables_Broad_FF,1871339812681090,1871339683323985,Evergreen VSA Broad Web FF,360.17,ashali123_,https://www.tiktok.com/@ashali123_/video/7625768548253650207?lang=en,7625768548253650207,2026-08-10
1871450434707570,9467201,It’s not finished yet! Also plates on either side of the mirror coming soon!!  #firsthouse #firsthome #homedecor #platewall @Wayfair _search_emmaraenfranklin_tables_broad_FF,Spark_Tables_Broad_FF,1871339812681090,1871339683323985,Evergreen VSA Broad Web FF,320.99,emmaraenfranklin,https://www.tiktok.com/@emmaraenfranklin/video/7658419688912801038?lang=en,7658419688912801038,2026-08-10
1871343014971394,9879101,just a reminder to take your time #earthyaesthetic #modernorganic #washablerug #wayfaircreator #wayfair  @Wayfair _search_orrenellis_averni_diningtable_broad_FF,Spark_Tables_Broad_FF,1871339812681090,1871339683323985,Evergreen VSA Broad Web FF,286.34,ashali123_,https://www.tiktok.com/@ashali123_/video/7625768548253650207?lang=en,7625768548253650207,2026-08-10
1871343008809041,5883401,This table and banquette combo is IT!! I can’t believe this is my kitchen!!! Both are linked in my ShopMy in my bio. @Wayfair @Kathy Kuo Home #customhomebuild #homeinspo #kitcheninspo #HomeInfluencer #kitchendesign _search_millwoodpines_46round_diningtable_broad_FF,Spark_Tables_Broad_FF,1871339812681090,1871339683323985,Evergreen VSA Broad Web FF,255.89,kaylathompson088,https://www.tiktok.com/@kaylathompson088/video/7602797372610972942?lang=en,7602797372610972942,2026-08-10
1871343019551921,,can’t wait to decorate my new coffee table from @Wayfair 😍 #creatorsearchinsights #neutralhome #livingroomdecor #wayfair #coffeetable #cozyathome #homedecor _wadelogan_anders_coffee_table_broad_FF,Spark_Tables_Broad_FF,1871339812681090,1871339683323985,Evergreen VSA Broad Web FF,8.42,,,,2026-08-10
1871342609147153,2265701,Love this dining table from @Wayfair such a steal! 🤌🏽✨ linked on my @LTK 🤍 #diningtable #diningroom #wayfair #wayfairfinds #wayfairfurniture _search_latituderun_under90_diningtable_broad_LF,Spark_Tables_Broad_LF,1871339966771506,1871338571302274,Evergreen VSA Broad Web LF,3194.54,zubeehome,https://www.tiktok.com/@zubeehome/video/7563412235880533303,7563412235880533303,2026-08-10
1871450429256961,9567401,"Coffee table reset routine ✨ Always get so many questions on this coffee table, it’s @Wayfair !! #apartmentinspo #resetroutine #coffeetable #coffeetablestyling #apartmentdecor _search_ellemenzel_tables_broad_LF",Spark_Tables_Broad_LF,1871339966771506,1871338571302274,Evergreen VSA Broad Web LF,2855.44,ellemenzel,https://www.tiktok.com/@ellemenzel/video/7654942233375935774?lang=en,7654942233375935774,2026-08-10
1871342613105922,5883401,Hot take but I’m standing on it 👀 This dining table looks more high-end than a lot of so-called ‘custom’ tables I’ve seen lately. Clean lines. Warm wood tone. Modern organic without trying too hard. You don’t always need a designer price tag to get a designer look  And yes… it’s from Wayfair. I linked the exact table in my ShopMy so you can judge for yourself 👀👇 🔗 Comment “CUSTOM” for the direct link_search_millwoodpines_46round_diningtable_broad_LF,Spark_Tables_Broad_LF,1871339966771506,1871338571302274,Evergreen VSA Broad Web LF,1965.23,kaylathompson088,https://www.tiktok.com/@kaylathompson088/video/7602797372610972942?lang=en,7602797372610972942,2026-08-10
1871342588569970,5600201,Replying to @nakia Rickye Oak Trestle Table from @Wayfair  #blackmenoftiktok #housetohome #interiordesign #wayfairfinds _search_hokkudesigns_rickye_dining_table_broad_LF,Spark_Tables_Broad_LF,1871339966771506,1871338571302274,Evergreen VSA Broad Web LF,1909.81,smoothepiphany,https://www.tiktok.com/@smoothepiphany/video/7603125192503643406,7603125192503643406,2026-08-10
1871342585116929,5476001,"✨Coffee Table Reveal✨ New Travertine Coffee Table from Wayfair. I really wanted a marble or travertine coffee table. I was so happy when I saw this table on sale. It’s so sturdy, heavy and well made. The stone top has beautiful texture. Love how it came together with the new console table I added to my living area. In my señora life era. @Wayfair has great delivery service. 😍 #señoralife  #reveal  #coffeetable #coffeetablereveal #travertinecoffeetable #travertine #señoraera #homedecor #wayfair #wayfairco",Spark_Tables_Broad_LF,1871339966771506,1871338571302274,Evergreen VSA Broad Web LF,997.81,3m.i.ly_c,https://www.tiktok.com/@3m.i.ly_c/video/7508497838339345694?region=us_ttp,7508497838339345694,2026-08-10
1871340228242962,1990101,I’m so excited!! I love it!! And it arrived assembled!! @Wayfair @wayfairprofessional #newfurniture #wayfairfinds #fypシ #entrywaydecor #homedecorinspo _search_beachcrest_painswick_endtable_broad_LF,Spark_Tables_Broad_LF,1871339966771506,1871338571302274,Evergreen VSA Broad Web LF,935.5,hannahgbanana,https://www.tiktok.com/@hannagbanana/video/7608361566576053534?lang=en,7608361566576053534,2026-08-10
1871450434714770,9467201,It’s not finished yet! Also plates on either side of the mirror coming soon!!  #firsthouse #firsthome #homedecor #platewall @Wayfair _search_emmaraenfranklin_tables_broad_LF,Spark_Tables_Broad_LF,1871339966771506,1871338571302274,Evergreen VSA Broad Web LF,761.26,emmaraenfranklin,https://www.tiktok.com/@emmaraenfranklin/video/7658419688912801038?lang=en,7658419688912801038,2026-08-10
1871342618333409,9879101,just a reminder to take your time #earthyaesthetic #modernorganic #washablerug #wayfaircreator #wayfair  @Wayfair _search_orrenellis_averni_diningtable_broad_LF,Spark_Tables_Broad_LF,1871339966771506,1871338571302274,Evergreen VSA Broad Web LF,699.82,ashali123_,https://www.tiktok.com/@ashali123_/video/7625768548253650207?lang=en,7625768548253650207,2026-08-10
1871342613105138,5883401,This table and banquette combo is IT!! I can’t believe this is my kitchen!!! Both are linked in my ShopMy in my bio. @Wayfair @Kathy Kuo Home #customhomebuild #homeinspo #kitcheninspo #HomeInfluencer #kitchendesign _search_millwoodpines_46round_diningtable_broad_LF,Spark_Tables_Broad_LF,1871339966771506,1871338571302274,Evergreen VSA Broad Web LF,541.7,kaylathompson088,https://www.tiktok.com/@kaylathompson088/video/7602797372610972942?lang=en,7602797372610972942,2026-08-10
1871342618333393,9879101,"One piece at a time.. literally. Earthy vibes loading 🌿 I’m obsessed with this extendable table from @Wayfair . Still need curtains, wall decor.. what else?! 🤭 #diningroom #wayfairfinds #wayfair #wayfaircreator #wayfairelevate _search_orrenellis_averni_diningtable_broad_LF",Spark_Tables_Broad_LF,1871339966771506,1871338571302274,Evergreen VSA Broad Web LF,522.38,ashali123_,https://www.tiktok.com/@ashali123_/video/7625768548253650207?lang=en,7625768548253650207,2026-08-10
1871342621383794,,can’t wait to decorate my new coffee table from @Wayfair 😍 #creatorsearchinsights #neutralhome #livingroomdecor #wayfair #coffeetable #cozyathome #homedecor _wadelogan_anders_coffee_table_broad_LF,Spark_Tables_Broad_LF,1871339966771506,1871338571302274,Evergreen VSA Broad Web LF,15.62,,,,2026-08-10
1858567561247921,9363001,"If these accent chairs survive 3 dogs and only took 2 minutes to assembe, I’m sold! Wayfair Verified = easy assembly + real life durability @Wayfair #fyp #wayfair #wayfairpartner #wayfaircreator #accentchair",Spark_Verified_Broad,1851727769933986,1845522176114754,Evergreen VSA Broad Web,19831.78,enerlivin,https://www.tiktok.com/@enerlivin/video/7612505001310620958?lang=en,7612505001310620958,2026-08-10
1858567560509521,9568601,"#ad @Wayfair Verified makes furniture shopping so much easier because you know the pieces are carefully reviewed for quality, durability, and real customer satisfaction. It takes the guesswork out of buying online and gives me confidence that I’m investing in something worth it. 🙌 My fireplace bed is the perfect example — built-in charger ports, Bluetooth speakers, and LED flames that give all the cozy vibes without any real heat. 🔥✨  #WayfairVerified  #wayfair #wayfairelevate",Spark_Verified_Broad,1851727769933986,1845522176114754,Evergreen VSA Broad Web,6239.55,allaboutmicha,https://www.tiktok.com/@allaboutmicha/video/7611588686840352014?lang=en,7611588686840352014,2026-08-10
1859302392707089,,"Two of my favorite @Wayfair Verified finds! I've had both for over a year and i'm still obsessed! Timeless and easy to style for any bedroom. Both of these bed frames are Wayfair Verified - backed by tons of real customer reviews, hand inspected for quality, and priced to match what you're getting. Peace of mind and quality you can feel good about 🤍 🔗 Want to shop these finds? Comment BED and I'll send the links to your DMs, or click the link in my bio! #wayfair #wayfairfinds #wayfairpartner #wayfaircreator #bedframes",Spark_Verified_Broad,1851727769933986,1845522176114754,Evergreen VSA Broad Web,4958.64,,,,2026-08-10
1867443257361474,0,"I couldn't find a TV console that felt right for this wall, so I got creative and used 3 accent cabinets instead 🤍 I found these through @Wayfair Verified, which made it easier to discover pieces I felt confident bringing into my home. The extra storage is a bonus, and I love how they create one seamless custom look under the TV. #wayfair #livingroomdecor #homedecor #minimalisthome _pcp_brittneeaspen_verified_vsa",Spark_Verified_Broad,1851727769933986,1845522176114754,Evergreen VSA Broad Web,3211.67,,,,2026-08-10
1859302400379121,,they do the work for me 🫶🏻 @Wayfair #wayfair #wayfaircreator #wayfairfinds #wayfairfurniture #accentchair,Spark_Verified_Broad,1851727769933986,1845522176114754,Evergreen VSA Broad Web,3151.65,,,,2026-08-10
1863841529940161,4234900,I’m obsessed with this loft bed from @Wayfair and so thankful to Wayfair Verified as I knew exactly what to expect when it arrived. #wayfairfinds #wayfairpartner #wayfaircreator #loftbed #kidsroomideas,Spark_Verified_Broad,1851727769933986,1845522176114754,Evergreen VSA Broad Web,1728.44,livingwothjani,https://www.tiktok.com/@livingwithjani/video/7630658131407670541?lang=en,7630658131407670541,2026-08-10
1867446470781089,0,I’ve ordered enough home decor online to know the difference 😂 These days I just look for the Wayfair Verified seal and save myself the guessing game. Makes decorating a whole lot easier 💜  #shoppinghack #WayfairElevate #homeideas #homedecor #WayfairVerified_pcp_carrieithome_verified_vsa,Spark_Verified_Broad,1851727769933986,1845522176114754,Evergreen VSA Broad Web,1391.76,,,,2026-08-10
1867448674328657,0,baby girl’s nursery is almost finished!! I was just missing the perfect art piece for above her crib. I found this beautiful landscape from @Wayfair that goes with the overall pink and girlie vibes in her room. I love that I can shop with confidence using Wayfair Verified 💗🫶  #nurserydecor #artfinds #wayfair #wayfairfinds #girlnursery _pcp_blayre_verified_vsa,Spark_Verified_Broad,1851727769933986,1845522176114754,Evergreen VSA Broad Web,1371.86,,,,2026-08-10
1858567621942386,,"Searching for products “Wayfair Verified” is definitely a game changer, these products are typically rated higher with fewer returns and tested to last.  #wayfair #wayfairverified #furniture #homedecor",Spark_Verified_Broad,1851727769933986,1845522176114754,Evergreen VSA Broad Web,1301.42,,,,2026-08-10
1863841527184497,2058501,"with 3 little kids, I need furniture that actually holds up 😅 I’ve been leaning on @Wayfair Verified to find pieces that are worth it long-term. It highlights items that are reviewed by experts for things like quality, comfort, and durability…so I feel way more confident ordering online without second guessing. when something is “Verified,” it means it’s been flagged as a standout option—not just cute in photos, but actually holds up in real homes. I have these chairs and all of my other fave Wayfair piece",Spark_Verified_Broad,1851727769933986,1845522176114754,Evergreen VSA Broad Web,1170.72,kelley_mom,https://www.tiktok.com/@kelley_mom/video/7633031601634479374?lang=en,7633031601634479374,2026-08-10
1867445991921874,0,"Wayfair Verified has given me so much time back and confidence all at once. Just the other day, I needed new rocking chairs. During my search, as soon as I see the seal, I know it’s one to be trusted. I ordered in minutes and had everything set up in just days! @Wayfair  #homedecorfinds #homedecordeals #wayfairfinds #outdoorfurniture #outdoorliving _pcp_megleonardco_verified_vsa",Spark_Verified_Broad,1851727769933986,1845522176114754,Evergreen VSA Broad Web,1067.51,,,,2026-08-10
1867442578913425,0,"Shopping Wayfair verified furniture 😊😊 I’ve been really intentional about choosing Wayfair Verified items lately because it takes the guesswork out of online shopping—quality, reviews, and real customer feedback you can actually trust. These barstools came together so beautifully and when you are shopping on Wayfair, definitely check out the Verified Items section—it makes a huge difference when curating your home.  #homedecor #wayfaircreator #wayfairelevate #wayfairverified #barstools @Wayfair _pcp_curat",Spark_Verified_Broad,1851727769933986,1845522176114754,Evergreen VSA Broad Web,960.76,,,,2026-08-10
1858567564922082,2058501,"When you have kids, your furniture better be LIFE PROOF 😅 This bouclé bench survived jumps, spills, and chaos — built to last & came fully assembled. Online furniture regret? I’ve been there. @Wayfair Verified… this is the shortcut to the good stuff. #furniturefinds #momlife #hometok #homedecor #interiordecor",Spark_Verified_Broad,1851727769933986,1845522176114754,Evergreen VSA Broad Web,886.0,kelley_mom,https://www.tiktok.com/@kelley_mom/video/7633031601634479374?lang=en,7633031601634479374,2026-08-10
1863841529952385,4077501,Take the guess work out of online shopping! @Wayfair Verified items are inspected by product specialist! #wayfair #wayfairfinds #wayfairverified #kitchenfinds #homefinds,Spark_Verified_Broad,1851727769933986,1845522176114754,Evergreen VSA Broad Web,754.1,emily.e.olson,https://www.tiktok.com/@emily.e.olson/video/7631996147229396254?lang=en,7631996147229396254,2026-08-10
1868731856153073,0,"#ad , Home decor shopping used to leave me with way too many tabs open and way too many second guesses. 😅 Lately, I’ve been using @Wayfair Verified to help narrow things down, and it’s made decorating so much easier. I love knowing I’m browsing picks that have been selected for quality, style, and value, so I can spend less time stressing and more time finding pieces that actually fit my space. Definitely my go-to when I want to make my home feel a little more like me. Click the 🔗  in my bio to shop now!",Spark_Verified_Broad,1851727769933986,1845522176114754,Evergreen VSA Broad Web,617.67,,,,2026-08-10
1859935783113777,,Nobody tells you this about buying furniture online 👀 Look for the Wayfair Verified ✔️ badge… it’s basically the shortcut to the good stuff. #homedecor #homeinspo #interiordesign #furniturefinds #decorinspo,Spark_Verified_Broad,1851727769933986,1845522176114754,Evergreen VSA Broad Web,452.26,,,,2026-08-10
1869361110549650,0,"Take the guesing out of shopping online when  trying to find the perfect product. The Wayfair verified feature makes shopping so much easier. It helps by listing all the products that have been verified based on quality, reviews and value. Saves me so much time from reading product reviews. Make sure to try the Wayfair Verified filter the next time you shop with @Wayfair  #wayfair #wayfairverified #wayfairfurniture #wayfaircreator #wayfairfinds _pcp_3milyC_verified_vsa",Spark_Verified_Broad,1851727769933986,1845522176114754,Evergreen VSA Broad Web,417.98,,,,2026-08-10
1869361110545570,0,"One thing that’s made shopping for our home easier? Looking for the @Wayfair Verified badge. When you’re furnishing a home, it can be hard to know which pieces will actually live up to expectations. Wayfair Verified helps take some of that guesswork out of the process by highlighting trusted picks that have been reviewed for quality, value, and real-life use. That’s how I found this bench—and it’s become one of the hardest-working pieces in our home. From bags and shoes to everyday drop-zone duty, it’s a pi",Spark_Verified_Broad,1851727769933986,1845522176114754,Evergreen VSA Broad Web,321.7,,,,2026-08-10
1870354577178834,9032701,One filter made shopping so much easier. I always look for the Wayfair Verified badge now!  #wayfairverified _pcp_teci_verified_vsa,Spark_Verified_Broad,1851727769933986,1845522176114754,Evergreen VSA Broad Web,182.35,teci.xo,https://www.tiktok.com/@teci.xo/video/7660205744607776013?lang=en,7660205744607776013,2026-08-10
1870354179535073,5784201,Forever a no overhead lighting girl.🤌🏼✨ @Wayfair @wayfairprofessional  #WayfairVerified #Wayfair #Whimsy #HomeDecor #PartyWithPeach_pcp_partywithpeach_verified_vsa,Spark_Verified_Broad,1851727769933986,1845522176114754,Evergreen VSA Broad Web,179.98,partywithpeach,https://www.tiktok.com/@partywithpeach/video/7660207276283792653?lang=en,7660207276283792653,2026-08-10
1871341519867074,9363001,"If these accent chairs survive 3 dogs and only took 2 minutes to assembe, I’m sold! Wayfair Verified = easy assembly + real life durability @Wayfair #fyp #wayfair #wayfairpartner #wayfaircreator #accentchair _pcp_enerlivin_chairs_verified_broad_FF",Spark_Verified_Broad_FF,1871339822013521,1871339683323985,Evergreen VSA Broad Web FF,1094.03,enerlivin,https://www.tiktok.com/@enerlivin/video/7612505001310620958?lang=en,7612505001310620958,2026-08-10
1871341517673762,3443301,"I couldn't find a TV console that felt right for this wall, so I got creative and used 3 accent cabinets instead 🤍 I found these through @Wayfair Verified, which made it easier to discover pieces I felt confident bringing into my home. The extra storage is a bonus, and I love how they create one seamless custom look under the TV. #wayfair #livingroomdecor #homedecor #minimalisthome _pcp_brittneeaspen_verified_vsa_FF",Spark_Verified_Broad_FF,1871339822013521,1871339683323985,Evergreen VSA Broad Web FF,907.64,itsbrittneeaspen ,https://www.tiktok.com/@itsbrittneeaspen/video/7647234066227514655?lang=en,7647234066227514655,2026-08-10
1871341515470913,9568601,"#ad @Wayfair Verified makes furniture shopping so much easier because you know the pieces are carefully reviewed for quality, durability, and real customer satisfaction. It takes the guesswork out of buying online and gives me confidence that I’m investing in something worth it. 🙌 My fireplace bed is the perfect example — built-in charger ports, Bluetooth speakers, and LED flames that give all the cozy vibes without any real heat. 🔥✨  #WayfairVerified  #wayfair #wayfairelevate _pcp_allaboutmicha_beds_ver",Spark_Verified_Broad_FF,1871339822013521,1871339683323985,Evergreen VSA Broad Web FF,377.92,allaboutmicha,https://www.tiktok.com/@allaboutmicha/video/7611588686840352014?lang=en,7611588686840352014,2026-08-10
1871341522712833,5784201,Forever a no overhead lighting girl.🤌🏼✨ @Wayfair @wayfairprofessional  #WayfairVerified #Wayfair #Whimsy #HomeDecor #PartyWithPeach_pcp_partywithpeach_verified_vsa_FF,Spark_Verified_Broad_FF,1871339822013521,1871339683323985,Evergreen VSA Broad Web FF,250.97,partywithpeach,https://www.tiktok.com/@partywithpeach/video/7660207276283792653?lang=en,7660207276283792653,2026-08-10
1871341524723010,9032701,One filter made shopping so much easier. I always look for the Wayfair Verified badge now!  #wayfairverified _pcp_teci_verified_vsa_FF,Spark_Verified_Broad_FF,1871339822013521,1871339683323985,Evergreen VSA Broad Web FF,193.21,teci.xo,https://www.tiktok.com/@teci.xo/video/7660205744607776013?lang=en,7660205744607776013,2026-08-10
1871340246041905,9363001,"If these accent chairs survive 3 dogs and only took 2 minutes to assembe, I’m sold! Wayfair Verified = easy assembly + real life durability @Wayfair #fyp #wayfair #wayfairpartner #wayfaircreator #accentchair _pcp_enerlivin_chairs_verified_broad_LF",Spark_Verified_Broad_LF,1871339968197938,1871338571302274,Evergreen VSA Broad Web LF,2141.7,enerlivin,https://www.tiktok.com/@enerlivin/video/7612505001310620958?lang=en,7612505001310620958,2026-08-10
1871340243029361,3443301,"I couldn't find a TV console that felt right for this wall, so I got creative and used 3 accent cabinets instead 🤍 I found these through @Wayfair Verified, which made it easier to discover pieces I felt confident bringing into my home. The extra storage is a bonus, and I love how they create one seamless custom look under the TV. #wayfair #livingroomdecor #homedecor #minimalisthome _pcp_brittneeaspen_verified_vsa_LF",Spark_Verified_Broad_LF,1871339968197938,1871338571302274,Evergreen VSA Broad Web LF,1521.17,itsbrittneeaspen ,https://www.tiktok.com/@itsbrittneeaspen/video/7647234066227514655?lang=en,7647234066227514655,2026-08-10
1871341713613954,9568601,"#ad @Wayfair Verified makes furniture shopping so much easier because you know the pieces are carefully reviewed for quality, durability, and real customer satisfaction. It takes the guesswork out of buying online and gives me confidence that I’m investing in something worth it. 🙌 My fireplace bed is the perfect example — built-in charger ports, Bluetooth speakers, and LED flames that give all the cozy vibes without any real heat. 🔥✨  #WayfairVerified  #wayfair #wayfairelevate _pcp_allaboutmicha_beds_ver",Spark_Verified_Broad_LF,1871339968197938,1871338571302274,Evergreen VSA Broad Web LF,1079.47,allaboutmicha,https://www.tiktok.com/@allaboutmicha/video/7611588686840352014?lang=en,7611588686840352014,2026-08-10
1871340251438354,9032701,One filter made shopping so much easier. I always look for the Wayfair Verified badge now!  #wayfairverified _pcp_teci_verified_vsa_LF,Spark_Verified_Broad_LF,1871339968197938,1871338571302274,Evergreen VSA Broad Web LF,328.99,teci.xo,https://www.tiktok.com/@teci.xo/video/7660205744607776013?lang=en,7660205744607776013,2026-08-10
1871340248349874,5784201,Forever a no overhead lighting girl.🤌🏼✨ @Wayfair @wayfairprofessional  #WayfairVerified #Wayfair #Whimsy #HomeDecor #PartyWithPeach_pcp_partywithpeach_verified_vsa_LF,Spark_Verified_Broad_LF,1871339968197938,1871338571302274,Evergreen VSA Broad Web LF,328.54,partywithpeach,https://www.tiktok.com/@partywithpeach/video/7660207276283792653?lang=en,7660207276283792653,2026-08-10
1870272271627281,5685501,gifted by Wayfair  It’s tiiiiiime!! Starting to decorate a bit more and what better way than with the viral Japandi trend 🫶🤭🏡 #homedecor #homedecorideas #homedecorinspo #japandi #minimalism _skeepers_itsmakaylin_japandi_viraltrends,Spark_ViralTrends_Broad,1851727743987265,1845522176114754,Evergreen VSA Broad Web,700.23,itsmakaylin,https://www.tiktok.com/@itsmakaylin/video/7654214962356751629?lang=en,7654214962356751629,2026-08-10
1870272271635633,4982901,#gifted_by_Wayfair Get boho staycation vibes with @Wayfair #wayfairfinds #bohointeriors #fyp #foryoupage _skeepers_westonagain_boho_viraltrends,Spark_ViralTrends_Broad,1851727743987265,1845522176114754,Evergreen VSA Broad Web,568.0,westonagain,https://www.tiktok.com/@westonagain/video/7655023954008034573?lang=en,7655023954008034573,2026-08-10
1870272271632481,9289001,gifted by Wayfair  Anyone else love a good home refresh without a full makeover? 🏡✨  #WayfairFind #HomeRefresh #HomeDecor #Wayfair_skeepers_indiasshockey_boho_viraltrends,Spark_ViralTrends_Broad,1851727743987265,1845522176114754,Evergreen VSA Broad Web,330.76,indiasshockey,https://www.tiktok.com/@indiasshockey/video/7654759643394198815?lang=en,7654759643394198815,2026-08-10
1870272285488530,3026401,gifted by Wayfair  Elevate your simple spaces to a calming escape with the Lanora Hand Tufted Wool Geometric Rug from  @Wayfair ☁️🧺  #laundryroom #laundryroominspo #wayfairfinds #wayfair #woolrug_skeepers_morganswagner5_japandi_viraltrends,Spark_ViralTrends_Broad,1851727743987265,1845522176114754,Evergreen VSA Broad Web,329.48,morganswagner5,https://www.tiktok.com/@morganswagner5/video/7655756428208114975?lang=en,7655756428208114975,2026-08-10
1870272285497426,7107701,"#gifted_by_Wayfair ✨ Sometimes a room doesn’t need a full makeover—just one statement piece with personality. This lamp added the warm, playful energy this corner was missing. @Wayfair  #roomdecor #folklectic #boho #interiordesign_skeepers_the_jay_cash_boho_viraltrends",Spark_ViralTrends_Broad,1851727743987265,1845522176114754,Evergreen VSA Broad Web,241.9,the_jay_cash,https://www.tiktok.com/@the_jay_cash/video/7653546455059270926?lang=en,7653546455059270926,2026-08-10
1870272285492626,7370701,Gifted by Wayfair | This wall had so much empty space & it is now filled with intentional warmth & texture🤎 @Wayfair #homedecor #wallart #homeugc _skeepers_byariannamarie_japandi_viraltrends,Spark_ViralTrends_Broad,1851727743987265,1845522176114754,Evergreen VSA Broad Web,237.05,byariannamarie,https://www.tiktok.com/@byariannamarie/video/7659418563081456910?lang=en,7659418563081456910,2026-08-10
1870272271624337,9464101,Gifted by wayfair! This vase gives the pop of color that I needed for my bookshelf. @Wayfair #gifted_by_wayfair #popofcolor #vase #homedecor #home _skeepers_candijessie_teal_viraltrends,Spark_ViralTrends_Broad,1851727743987265,1845522176114754,Evergreen VSA Broad Web,186.03,candijessie,https://www.tiktok.com/@candijessie/video/7653916114203708702,7653916114203708702,2026-08-10
1871341533037586,5685501,gifted by Wayfair  It’s tiiiiiime!! Starting to decorate a bit more and what better way than with the viral Japandi trend 🫶🤭🏡 #homedecor #homedecorideas #homedecorinspo #japandi #minimalism _skeepers_itsmakaylin_japandi_viraltrends_FF,Spark_ViralTrends_Broad_FF,1871339827993714,1871339683323985,Evergreen VSA Broad Web FF,821.8,itsmakaylin,https://www.tiktok.com/@itsmakaylin/video/7654214962356751629?lang=en,7654214962356751629,2026-08-10
1871341539429666,4982901,#gifted_by_Wayfair Get boho staycation vibes with @Wayfair #wayfairfinds #bohointeriors #fyp #foryoupage _skeepers_westonagain_boho_viraltrends_FF,Spark_ViralTrends_Broad_FF,1871339827993714,1871339683323985,Evergreen VSA Broad Web FF,535.48,westonagain,https://www.tiktok.com/@westonagain/video/7655023954008034573?lang=en,7655023954008034573,2026-08-10
1871341540161538,3026401,gifted by Wayfair  Elevate your simple spaces to a calming escape with the Lanora Hand Tufted Wool Geometric Rug from  @Wayfair ☁️🧺  #laundryroom #laundryroominspo #wayfairfinds #wayfair #woolrug_skeepers_morganswagner5_japandi_viraltrends_FF,Spark_ViralTrends_Broad_FF,1871339827993714,1871339683323985,Evergreen VSA Broad Web FF,382.37,morganswagner5,https://www.tiktok.com/@morganswagner5/video/7655756428208114975?lang=en,7655756428208114975,2026-08-10
1872717426390385,734264,We want our rooms straight out of an Elin Hilderbrand novel. 🌊📖_wayfairorganic_coastalgrandma_viraltrends_FF,Spark_ViralTrends_Broad_FF,1871339827993714,1871339683323985,Evergreen VSA Broad Web FF,172.72,,,,2026-08-10
1871341532891137,9289001,gifted by Wayfair  Anyone else love a good home refresh without a full makeover? 🏡✨  #WayfairFind #HomeRefresh #HomeDecor #Wayfair_skeepers_indiasshockey_boho_viraltrends_FF,Spark_ViralTrends_Broad_FF,1871339827993714,1871339683323985,Evergreen VSA Broad Web FF,13.38,indiasshockey,https://www.tiktok.com/@indiasshockey/video/7654759643394198815?lang=en,7654759643394198815,2026-08-10
1871341528045714,7370701,Gifted by Wayfair | This wall had so much empty space & it is now filled with intentional warmth & texture🤎 @Wayfair #homedecor #wallart #homeugc _skeepers_byariannamarie_japandi_viraltrends_FF,Spark_ViralTrends_Broad_FF,1871339827993714,1871339683323985,Evergreen VSA Broad Web FF,8.42,byariannamarie,https://www.tiktok.com/@byariannamarie/video/7659418563081456910?lang=en,7659418563081456910,2026-08-10
1871341543527794,7107701,"#gifted_by_Wayfair ✨ Sometimes a room doesn’t need a full makeover—just one statement piece with personality. This lamp added the warm, playful energy this corner was missing. @Wayfair  #roomdecor #folklectic #boho #interiordesign_skeepers_the_jay_cash_boho_viraltrends_FF",Spark_ViralTrends_Broad_FF,1871339827993714,1871339683323985,Evergreen VSA Broad Web FF,5.09,the_jay_cash,https://www.tiktok.com/@the_jay_cash/video/7653546455059270926?lang=en,7653546455059270926,2026-08-10
1871341532832785,9464101,Gifted by wayfair! This vase gives the pop of color that I needed for my bookshelf. @Wayfair #gifted_by_wayfair #popofcolor #vase #homedecor #home _skeepers_candijessie_teal_viraltrends_FF,Spark_ViralTrends_Broad_FF,1871339827993714,1871339683323985,Evergreen VSA Broad Web FF,4.49,candijessie,https://www.tiktok.com/@candijessie/video/7653916114203708702,7653916114203708702,2026-08-10
1871340264364161,5685501,gifted by Wayfair  It’s tiiiiiime!! Starting to decorate a bit more and what better way than with the viral Japandi trend 🫶🤭🏡 #homedecor #homedecorideas #homedecorinspo #japandi #minimalism _skeepers_itsmakaylin_japandi_viraltrends_LF,Spark_ViralTrends_Broad_LF,1871339983479858,1871338571302274,Evergreen VSA Broad Web LF,1511.92,itsmakaylin,https://www.tiktok.com/@itsmakaylin/video/7654214962356751629?lang=en,7654214962356751629,2026-08-10
1871340273013841,4982901,#gifted_by_Wayfair Get boho staycation vibes with @Wayfair #wayfairfinds #bohointeriors #fyp #foryoupage _skeepers_westonagain_boho_viraltrends_LF,Spark_ViralTrends_Broad_LF,1871339983479858,1871338571302274,Evergreen VSA Broad Web LF,1028.47,westonagain,https://www.tiktok.com/@westonagain/video/7655023954008034573?lang=en,7655023954008034573,2026-08-10
1871340266844450,3026401,gifted by Wayfair  Elevate your simple spaces to a calming escape with the Lanora Hand Tufted Wool Geometric Rug from  @Wayfair ☁️🧺  #laundryroom #laundryroominspo #wayfairfinds #wayfair #woolrug_skeepers_morganswagner5_japandi_viraltrends_LF,Spark_ViralTrends_Broad_LF,1871339983479858,1871338571302274,Evergreen VSA Broad Web LF,792.11,morganswagner5,https://www.tiktok.com/@morganswagner5/video/7655756428208114975?lang=en,7655756428208114975,2026-08-10
1872717472185457,734264,We want our rooms straight out of an Elin Hilderbrand novel. 🌊📖_wayfairorganic_coastalgrandma_viraltrends_LF,Spark_ViralTrends_Broad_LF,1871339983479858,1871338571302274,Evergreen VSA Broad Web LF,227.1,,,,2026-08-10
1871340261527729,9289001,gifted by Wayfair  Anyone else love a good home refresh without a full makeover? 🏡✨  #WayfairFind #HomeRefresh #HomeDecor #Wayfair_skeepers_indiasshockey_boho_viraltrends_LF,Spark_ViralTrends_Broad_LF,1871339983479858,1871338571302274,Evergreen VSA Broad Web LF,18.7,indiasshockey,https://www.tiktok.com/@indiasshockey/video/7654759643394198815?lang=en,7654759643394198815,2026-08-10
1871340256096465,7370701,Gifted by Wayfair | This wall had so much empty space & it is now filled with intentional warmth & texture🤎 @Wayfair #homedecor #wallart #homeugc _skeepers_byariannamarie_japandi_viraltrends_LF,Spark_ViralTrends_Broad_LF,1871339983479858,1871338571302274,Evergreen VSA Broad Web LF,8.68,byariannamarie,https://www.tiktok.com/@byariannamarie/video/7659418563081456910?lang=en,7659418563081456910,2026-08-10
1871340270414866,7107701,"#gifted_by_Wayfair ✨ Sometimes a room doesn’t need a full makeover—just one statement piece with personality. This lamp added the warm, playful energy this corner was missing. @Wayfair  #roomdecor #folklectic #boho #interiordesign_skeepers_the_jay_cash_boho_viraltrends_LF",Spark_ViralTrends_Broad_LF,1871339983479858,1871338571302274,Evergreen VSA Broad Web LF,8.26,the_jay_cash,https://www.tiktok.com/@the_jay_cash/video/7653546455059270926?lang=en,7653546455059270926,2026-08-10
1871340258870513,9464101,Gifted by wayfair! This vase gives the pop of color that I needed for my bookshelf. @Wayfair #gifted_by_wayfair #popofcolor #vase #homedecor #home _skeepers_candijessie_teal_viraltrends_LF,Spark_ViralTrends_Broad_LF,1871339983479858,1871338571302274,Evergreen VSA Broad Web LF,4.73,candijessie,https://www.tiktok.com/@candijessie/video/7653916114203708702,7653916114203708702,2026-08-10
1858671332727809,587389,it’s even better at night! @Wayfair #ad #sponsoredbywayfair #linkinbio #decor,Spark_lighting_Broad_2,1851727732828481,1845522176114754,Evergreen VSA Broad Web,21542.36,,,,2026-08-10
1857402785146114,,"Vacation energy, but make it home ☀️ Woven pendant lights from @Wayfair =  instant coastal calm 🤍 🛒 Shop link in bio → Linktree → shop my LTK #wayfairfinds #wayfair #lighting #pendant #lights",Spark_lighting_Broad_2,1851727732828481,1845522176114754,Evergreen VSA Broad Web,9888.95,,,,2026-08-10
1863842782697521,2705701,@Wayfair Shell vanity light perfect for your new bathroom! So so easy to install and assemble💡🐚 link in bio!!!##fyp##wayfairfinds##sponsored##homedecor,Spark_lighting_Broad_2,1851727732828481,1845522176114754,Evergreen VSA Broad Web,8689.8,normanmarlowevans,https://www.tiktok.com/@normanmarlowevans/video/7628294259703205134?lang=en,7628294259703205134,2026-08-10
1864460533718098,8766801,"Sometimes it’s one detail that brings the whole space together… and for me, it was these island pendants. The glow, the scale, the way they anchor the room.  I knew the second I saw them they’d be the statement piece that pulled our kitchen together🤍 @Wayfair  ✨Linked on my profile✨ #lightingdesign #wayfairfinds #beautifulhome #frenchcountry #newhome",Spark_lighting_Broad_2,1851727732828481,1845522176114754,Evergreen VSA Broad Web,6430.32,amycooperhome ,https://www.tiktok.com/@amycooperhome/video/7636104330545827103?lang=en,7636104330545827103,2026-08-10
1864460526139537,4269301,"It’s crazy how one light fixture can completely change the feel of a space. Same room, totally different energy 🤍 Comment “link” and I’ll dm it to you! @Wayfair #wayfairfinds #lightfixture",Spark_lighting_Broad_2,1851727732828481,1845522176114754,Evergreen VSA Broad Web,6266.04,carolinafinnegan,https://www.tiktok.com/@carolinafinnegan/video/7621520877074599182,7621520877074599182,2026-08-10
1864460535499809,1277501,"The Wayfair chandelier everyone asks me about ✨ This light completely transformed my dining room, and the rug ties the whole space together. Designer look without the designer price 🤍 Shop the links in my bio → Linktree → my LTK. @Wayfair  #wayfaircreator  #wayfairelevate #ad #diningroom #chandelier",Spark_lighting_Broad_2,1851727732828481,1845522176114754,Evergreen VSA Broad Web,4649.48,chilldesignsbyjess,https://www.tiktok.com/@chilldesignsbyjess/video/7616346380973427998?lang=en,7616346380973427998,2026-08-10
1863842782713889,2536101,Plug in sconces. Glass lamp shades. With gold brass.  ✨finally getting around to replacing the ones that were on here and have been missing for awhile since my kids broke them! 🤪 now to patch up those holes that can be seen still. Maybe I’ll get around to that some time soon! 😂 These sconces surprised me. They are nice than I thought they would be. I was debating between something much pricier but these were definitely the right choice once I seen them in person! Very happy with them. 💕  💕snagged these @,Spark_lighting_Broad_2,1851727732828481,1845522176114754,Evergreen VSA Broad Web,4043.49,nicolelaniganhome,https://www.tiktok.com/@nicolelaniganhome/video/7631658362731580702,7631658362731580702,2026-08-10
1862476981105794,7052601,"Shine bright at your workspace ✨🪐Wint Metal Desk Lamp from @Wayfair k, modern, and perfect for any desk! #Wayfair #DeskLamp #HomeOfficeStyle #homedecorating",Spark_lighting_Broad_2,1851727732828481,1845522176114754,Evergreen VSA Broad Web,3231.43,juliianamur,https://www.tiktok.com/@juliianamur/video/7621214727645023518,7621214727645023518,2026-08-10
1867436241773825,5335201,"Lighting can definitely change a space. I love pieces that feel collected, not perfect. These hammered pendants from @Wayfair have just the right rustic edge. I spend a lot of time in this kitchen, so I want it to feel warm and cozy... but at the end of the day, it still has to be a working kitchen. These pendant lights can be found in my Wayfair Storefront, OR here's my link:  ⬇️ https://creatorlink.shop/4acCokL #wayfair #wayfaircreator #wayfairelevate #ad #kitchenlighting _wcp_elevate_17stories_xeniya_pen",Spark_lighting_Broad_2,1851727732828481,1845522176114754,Evergreen VSA Broad Web,3087.12,tinatealhome,https://www.tiktok.com/@tinatealhome/video/7617639600932031774,7617639600932031774,2026-08-10
1862476981710882,4985001,"#gifted_by_wayfair  This Metal Desk Lamp by Mercer41 adds a modern and elegant touch to my space. I love the minimal design with the gold finish — it looks so aesthetic and elevated. The light is soft and warm, creating a cozy and calming atmosphere, perfect for slow mornings and relaxing evenings. It’s not just lighting, it’s a decor piece that completes the whole vibe 🤍 @Wayfair  #wayfair #wayfairfinds #homedecor #interiorstyle",Spark_lighting_Broad_2,1851727732828481,1845522176114754,Evergreen VSA Broad Web,2295.72,vlogsbyvedh,https://www.tiktok.com/@vlogsbyvedh/video/7621783207561743630,7621783207561743630,2026-08-10
1869090116756578,587389,it’s even better at night! @Wayfair #ad #sponsoredbywayfair #linkinbio #decor _search_mercer41_decorative_ceilingfan_broad_adurltest,Spark_lighting_Broad_2,1851727732828481,1845522176114754,Evergreen VSA Broad Web,1663.59,,,,2026-08-10
1866536430545249,1120501,latest @Wayfair find for less than $60💡  #wayfair #lightfixture #wayfaircreator #wayfairfinds _search_mercer41_mount_ceiling_light_broad,Spark_lighting_Broad_2,1851727732828481,1845522176114754,Evergreen VSA Broad Web,1598.26,vicky.blanco,https://www.tiktok.com/@vickyy.blanco/video/7638782071174941982,7638782071174941982,2026-08-10
1864460528212018,3865801,#ad I’m in loveee I’m obsessed with this chandelier from @wayfair 😍 can’t wait for this area to come together #wayfaircreator #wayfair #wayfairelevate,Spark_lighting_Broad_2,1851727732828481,1845522176114754,Evergreen VSA Broad Web,1514.66,athomewithnene,https://www.tiktok.com/@athomewithnene/video/7623394515629411614,7623394515629411614,2026-08-10
1862476981710866,4985001,gifted by Wayfair - Mercer 41 metal desk lamp  #wayfairfinds #wayfairlamp #homedecorideas #homeinspo #lighting,Spark_lighting_Broad_2,1851727732828481,1845522176114754,Evergreen VSA Broad Web,1113.94,vlogsbyvedh,https://www.tiktok.com/@vlogsbyvedh/video/7621783207561743630,7621783207561743630,2026-08-10
1862733259782530,4212901,I’m slowly coming to terms with mood lighting 💡 / gifted by Wayfair @Wayfair @Wayfair  #ugccontent #nyccontentcreator,Spark_lighting_Broad_2,1851727732828481,1845522176114754,Evergreen VSA Broad Web,647.14,sizzlingsamisg,https://www.tiktok.com/@sizzlingsamsig/video/7619419709007564045,7619419709007564045,2026-08-10
1862476981710898,4985001,"gifted by Wayfair @Wayfair  aesthetic desk lamp, adjustable desk lamp, best desk lamp for studying, desk lamp aesthetic, desk setup #lighting #homedecor #wayfair #desksetup #wayfairfinds",Spark_lighting_Broad_2,1851727732828481,1845522176114754,Evergreen VSA Broad Web,551.79,vlogsbyvedh,https://www.tiktok.com/@vlogsbyvedh/video/7621783207561743630,7621783207561743630,2026-08-10
1867436242690498,2682801,the fact that the actual light fixture spot wasn’t in line with the center of the dining room was driving me crazy but love our new @Wayfair chandelier #houseupdate #chandelier #diningroom #wayfair #wayfaircreator _search_birchlane_abigeal_light_broad,Spark_lighting_Broad_2,1851727732828481,1845522176114754,Evergreen VSA Broad Web,454.52,savannahhhleahhh,https://www.tiktok.com/@savannahhhleahhh/video/7617626599235521805,7617626599235521805,2026-08-10
1856032021644290,,Everything is linked on my LTK ( Link under my bio) table and table lamp is from Wayfair and on sale.  #wayfairfinds #wayfair #affordablehomedecor #affordableluxury,Spark_lighting_Broad_2,1851727732828481,1845522176114754,Evergreen VSA Broad Web,157.65,,,,2026-08-10
1862733275520754,2155601,UPDATE: I ordered the most perfect bedside lamps @Wayfair  I love lamp! #wayfaircreator #wayfair #lamp #1975,Spark_lighting_Broad_2,1851727732828481,1845522176114754,Evergreen VSA Broad Web,0.02,mirandafaye01,https://www.tiktok.com/@mirandafaye01/video/7613852919426714893?lang=en,7613852919426714893,2026-08-10
