tiktok_item_id,creator,tiktok_link
7499840476514766111,britainbennett,https://www.tiktok.com/@britainbennett/video/7499840476514766111
7501743716680404255,britainbennett,https://www.tiktok.com/@britainbennett/video/7501743716680404255
7497987361037454622,carrieithome,https://www.tiktok.com/@carrieithome/video/7497987361037454622
7497031781535730975,clarityhome,https://www.tiktok.com/@clarityhome/video/7497031781535730975
7494453775915109678,lolajc777,https://www.tiktok.com/@lolajc777/video/7494453775915109678
7497775011571273003,simplysoutherncottage,https://www.tiktok.com/@simplysoutherncottage/video/7497775011571273003
7505582268795178271,alishafloryn,https://www.tiktok.com/@alishafloryn/video/7505582268795178271
7506405067788963103,alishafloryn,https://www.tiktok.com/@alishafloryn/video/7506405067788963103
7506304463158725930,allaboutmicha,https://www.tiktok.com/@allaboutmicha/video/7506304463158725930
7511776462790315307,allaboutmicha,https://www.tiktok.com/@allaboutmicha/video/7511776462790315307
7511723180814355755,allaboutmicha,https://www.tiktok.com/@allaboutmicha/video/7511723180814355755
7511523128028220715,homewithmike_,https://www.tiktok.com/@homewithmike_/video/7511523128028220715
7511379651634269483,keonasdeals,https://www.tiktok.com/@keonasdeals/video/7511379651634269483
7509559694483115294,reallyrians,https://www.tiktok.com/@reallyrians/video/7509559694483115294
7508734457117986078,carrieithome,https://www.tiktok.com/@carrieithome/video/7508734457117986078
7508545526032370975,alishafloryn,https://www.tiktok.com/@alishafloryn/video/7508545526032370975
7507579766753611051,allaboutmicha,https://www.tiktok.com/@allaboutmicha/video/7507579766753611051
7506157829691116831,carrieithome,https://www.tiktok.com/@carrieithome/video/7506157829691116831
7504291768834231583,carrieithome,https://www.tiktok.com/@carrieithome/video/7504291768834231583
7499598150097702175,sydsykes,https://www.tiktok.com/@sydsykes/video/7499598150097702175
7516610654103407914,@lafevreliving,https://www.tiktok.com/@lafevreliving/video/7516610654103407914?is_from_webapp=1&sender_device=pc
7516434175763746079,@hannah.is.home,https://www.tiktok.com/@hannah.is.home/video/7516434175763746079?is_from_webapp=1&sender_device=pc
7516341367073918254,@keonasdeals,https://www.tiktok.com/@keonasdeals/video/7516341367073918254?is_from_webapp=1&sender_device=pc
7515188095063559455,@clarityhome,https://www.tiktok.com/@clarityhome/video/7515188095063559455?is_from_webapp=1&sender_device=pc
7516810514811358495,@alishafloryn,https://www.tiktok.com/@alishafloryn/video/7516810514811358495?is_from_webapp=1&sender_device=pc
7516183096555867422,@haus.ofhart,https://www.tiktok.com/@haus.ofhart/video/7516183096555867422?is_from_webapp=1&sender_device=pc
7519118641829317901,keonasdeals,https://www.tiktok.com/@keonasdeals/video/7519118641829317901
7518403690487614751,carrieithome,https://www.tiktok.com/@carrieithome/video/7518403690487614751
7512575849640561950,britainbennett,https://www.tiktok.com/@britainbennett/video/7512575849640561950
7514018548218416427,allaboutmicha,https://www.tiktok.com/@allaboutmicha/video/7514018548218416427?is_from_webapp=1&sender_device=pc
7498071861805190430,leyshaa,https://www.tiktok.com/@leyshaa/video/7498071861805190430?is_from_webapp=1&sender_device=pc
7521792120672341279,sa.miyahh,https://www.tiktok.com/@sa.miyahh/video/7521792120672341279?is_from_webapp=1&sender_device=pc
7499185904171568430,kfogara,https://www.tiktok.com/@kfogara/video/7499185904171568430?is_from_webapp=1&sender_device=pc
7526580702960209182,carrieithome,https://www.tiktok.com/@carrieithome/video/7526580702960209182
7527051586929970463,courtneytaylorhome,https://www.tiktok.com/@courtneytaylorhome/video/7527051586929970463
7529175151867448607,clarityhome,https://www.tiktok.com/@clarityhome/video/7529175151867448607
7526728955257179405,maytecita69,https://www.tiktok.com/@mayteesanchez4/video/7526728955257179405
7522841700260252959,reallyrians,https://www.tiktok.com/@reallyrians/video/7522841700260252959?lang=en
7511879093772635422,mer__diana ,https://www.tiktok.com/@mer__diana/video/7511879093772635422?region=us_ttp
7520320540473658654,sa.miyahh,https://www.tiktok.com/@sa.miyahh/video/7520320540473658654?lang=en
7527280678770101534,citycactuscountry,https://www.tiktok.com/@citycactuscountry/video/7527280678770101534?lang=en
7527402313565097246,clarityhome,https://www.tiktok.com/@clarityhome/video/7527402313565097246
7535116843594403102,Britain Bennett,https://www.tiktok.com/@britainbennett/video/7535116843594403102
7537415117370101047,medinacolaku,https://www.tiktok.com/@medinacolaku/video/7537415117370101047?is_from_webapp=1&sender_device=pc
7538218465728007454,jasmineashantae,https://www.tiktok.com/@jasmineashantae/video/7538218465728007454?is_from_webapp=1&sender_device=pc
7537030136592436510,hannah.is.home,https://www.tiktok.com/@hannah.is.home/video/7537030136592436510?is_from_webapp=1&sender_device=pc
7543079167055711518,brittanydesignspo,https://www.tiktok.com/@brittanydesignspo/video/7543079167055711518?lang=en
7547085496321674551,allaboutmicha ,https://www.tiktok.com/@allaboutmicha/video/7547085496321674551?lang=en
7546973058586692919,allaboutmicha ,https://www.tiktok.com/@allaboutmicha/video/7546973058586692919?lang=en
7547716137971240222,@courtneytaylorhome,https://www.tiktok.com/@courtneytaylorhome/video/7547716137971240222?is_from_webapp=1&sender_device=pc
7544845153303891231,@hannah.is.home,https://www.tiktok.com/@hannah.is.home/video/7544845153303891231?is_from_webapp=1&sender_device=pc
7544931836573519135,@zoeyylagoni,https://www.tiktok.com/@zoeyylagoni/video/7544931836573519135?is_from_webapp=1&sender_device=pc
7544892822776777998,@t1d.mel,https://www.tiktok.com/@t1d.mel/video/7544892822776777998?is_from_webapp=1&sender_device=pc
7544020052614368543,@ourmountainsidehome,https://www.tiktok.com/@ourmountainsidehome/video/7544020052614368543?is_from_webapp=1&sender_device=pc
7542646764562550029,@ourcozycolonialct,https://www.tiktok.com/@ourcozycolonialct/video/7542646764562550029?is_from_webapp=1&sender_device=pc
7543449037568085279,j_anthony910,https://www.tiktok.com/@j_anthony910/video/7543449037568085279?_r=1&_t=ZP-8zin5I8BRbK
7538505016118742302,@courtneytaylorhome,https://www.tiktok.com/@courtneytaylorhome/video/7538505016118742302
7539227319311846686,@robinwarz.interiors,https://www.tiktok.com/@robinwarz.interiors/video/7539227319311846686
7523641256677887287,@thehartlandhome,https://www.tiktok.com/@thehartlandhome/video/7523641256677887287
7545953408541281542,iammaxnoir,https://www.tiktok.com/@iammaxnoir/video/7545953408541281542
7544526165399145742,donniemami,https://www.tiktok.com/@donniemami/video/7544526165399145742?lang=en
7550019484921122103,lachiccouture,https://www.tiktok.com/@lachiccouture/video/7550019484921122103
7555252911064812813,homewithmike_,https://www.tiktok.com/@homewithmike_/video/7555252911064812813
7554522673137585438,tannesias,https://www.tiktok.com/@tannesias/video/7554522673137585438
7554101731055979789,rachelsreno,https://www.tiktok.com/@rachelsreno/video/7554101731055979789
7554026606163971359,britainbennett,https://www.tiktok.com/@britainbennett/video/7554026606163971359
7548913142319959326,jazmynnvaughn,https://www.tiktok.com/@jazmynnvaughn/video/7548913142319959326
7555523017913191711,keonasdeals,https://www.tiktok.com/@keonasdeals/video/7555523017913191711
7554951780488989983,keonasdeals,https://www.tiktok.com/@keonasdeals/video/7554951780488989983
7553460829543337230,thetidytrendy,https://www.tiktok.com/@thetidytrendy/video/7553460829543337230
7553272851789368606,britainbennett,https://www.tiktok.com/@britainbennett/video/7553272851789368606
7551061862478007583,britainbennett,https://www.tiktok.com/@britainbennett/video/7551061862478007583
7552621985860259102,reallyrians,https://www.tiktok.com/@reallyrians/video/7552621985860259102
7551804193766526238,reallyrians,https://www.tiktok.com/@reallyrians/video/7551804193766526238
7552190592906710285,lolajc777,https://www.tiktok.com/@lolajc777/video/7552190592906710285
7557365843760401719,findingyouraesthetic__,https://www.tiktok.com/@findingyouraesthetic__/video/7557365843760401719
7557097212593884447,cookingwithpatlee,https://www.tiktok.com/@cookingwithpatlee/video/7557097212593884447
7557018313193180447,winddownathomeblog,https://www.tiktok.com/@winddownathomeblog/video/7557018313193180447
7556768721893592350,bucketlistdiary_,https://www.tiktok.com/@bucketlistdiary_/video/7556768721893592350
7556295601101507854,allaboutmicha ,https://www.tiktok.com/@allaboutmicha/video/7556295601101507854
7556031694344637726,keonasdeals,https://www.tiktok.com/@keonasdeals/video/7556031694344637726
7556613579105946893,allaboutmicha ,https://www.tiktok.com/@allaboutmicha/video/7556613579105946893
7555898418099391774,simplyilma_,https://www.tiktok.com/@simplyilma_/video/7555898418099391774
7558467464753925407,@irene_lovetolive,https://www.tiktok.com/@irene_lovetolive/video/7558467464753925407?is_from_webapp=1&sender_device=pc
7555898586337201438,clarityhome,https://www.tiktok.com/@clarityhome/video/7555898586337201438?lang=en
7536189062240062750,makingfrugalfun,https://www.tiktok.com/@makingfrugalfun/video/7536189062240062750?lang=en
7563014549192936759,christenathome,https://www.tiktok.com/@christenathome/video/7563014549192936759?lang=en
7564065280826166583,oasis.interiordesigns,https://www.tiktok.com/@oasis.interiordesigns/video/7564065280826166583?lang=en
7564140090075647245,emilyharrah,https://www.tiktok.com/@emilyharrah/video/7564140090075647245?lang=en
7564044683073096991,surryplace,https://www.tiktok.com/@surryplace/video/7564044683073096991?lang=en
7542534246305434910,ourmountainsidehome_1,https://www.tiktok.com/@ourmountainsidehome/video/7542534246305434910?lang=en
7566001173552041247,lorddgreat,https://www.tiktok.com/@lorddgreat/video/7566001173552041247?is_from_webapp=1&sender_device=pc
7565794306615676191,citycactuscountry,https://www.tiktok.com/@citycactuscountry/video/7565794306615676191?is_from_webapp=1&sender_device=pc
7565790769617849631,citycactuscountry,https://www.tiktok.com/@citycactuscountry/video/7565790769617849631?is_from_webapp=1&sender_device=pc
7565757742951025950,citycactuscountry,https://www.tiktok.com/@citycactuscountry/video/7565757742951025950?is_from_webapp=1&sender_device=pc
7565669238547959071,@shonnitap,https://www.tiktok.com/@shonnitap/video/7565669238547959071?is_from_webapp=1&sender_device=pc
7565614447302053133,cozyoncottoncreek,https://www.tiktok.com/@cozyoncottoncreek/video/7565614447302053133?is_from_webapp=1&sender_device=pc
7565606260284951839,@slaymamaday,https://www.tiktok.com/@slaymamaday/video/7565606260284951839?is_from_webapp=1&sender_device=pc
7565544442132696350,newenglandsummers1,https://www.tiktok.com/@newenglandsummers1/video/7565544442132696350?is_from_webapp=1&sender_device=pc
7565442034215980318,omgnunu,https://www.tiktok.com/@omgnunu/video/7565442034215980318?is_from_webapp=1&sender_device=pc
7565212364459625758,author.lindseyhart,https://www.tiktok.com/@author.lindseyhart/video/7565212364459625758?is_from_webapp=1&sender_device=pc
7565176387242298655,maddieurbs,https://www.tiktok.com/@maddieurbs/video/7565176387242298655?is_from_webapp=1&sender_device=pc
7565156425358429453,thee.doctor.nurse,https://www.tiktok.com/@thee.doctor.nurse/video/7565156425358429453?is_from_webapp=1&sender_device=pc
7564910588627913998,brooks.kinsley,https://www.tiktok.com/@brooks.kinsley/video/7564910588627913998?is_from_webapp=1&sender_device=pc
7564856800844074253,brooks.kinsley,https://www.tiktok.com/@brooks.kinsley/video/7564856800844074253?is_from_webapp=1&sender_device=pc
7564219325171731742,tannesias,https://www.tiktok.com/@tannesias/video/7564219325171731742?is_from_webapp=1&sender_device=pc
7564253096033930526,xocrystalm,https://www.tiktok.com/@xocrystalm/video/7564253096033930526?is_from_webapp=1&sender_device=pc
7564089364381273374,yourdesignerbff.com,https://www.tiktok.com/@yourdesignerbff.com/video/7564089364381273374?is_from_webapp=1&sender_device=pc
7563870325729971469,@homesweetlibot,https://www.tiktok.com/@homesweetlibot/video/7563870325729971469?is_from_webapp=1&sender_device=pc
7563733948568702221,@justina.c.franklin,https://www.tiktok.com/@justina.c.franklin/video/7563733948568702221?is_from_webapp=1&sender_device=pc
7563761217295174943,@flowersbysunshine,https://www.tiktok.com/@flowersbysunshine/video/7563761217295174943?is_from_webapp=1&sender_device=pc
7563688125847932174,@itsjoycecreates,https://www.tiktok.com/@itsjoycecreates/video/7563688125847932174?is_from_webapp=1&sender_device=pc
7563682836008422686,newenglandsummers1,https://www.tiktok.com/@newenglandsummers1/video/7563682836008422686?is_from_webapp=1&sender_device=pc
7562593282405043487,yourdesignerbff.com,https://www.tiktok.com/@yourdesignerbff.com/video/7562593282405043487?is_from_webapp=1&sender_device=pc
7562249615534198046,@clarityhome,https://www.tiktok.com/@clarityhome/video/7562249615534198046?is_from_webapp=1&sender_device=pc
7561978311052774670,@rachelsreno,https://www.tiktok.com/@rachelsreno/video/7561978311052774670?is_from_webapp=1&sender_device=pc
7562209132904811807,j_anthony910,https://www.tiktok.com/@j_anthony910/video/7562209132904811807?is_from_webapp=1&sender_device=pc
7561820953370430733,allaboutmicha,https://www.tiktok.com/@allaboutmicha/video/7561820953370430733?is_from_webapp=1&sender_device=pc
7559740000305204535,allaboutmicha,https://www.tiktok.com/@allaboutmicha/video/7559740000305204535?is_from_webapp=1&sender_device=pc
7560043937877069069,luckymia_ugc,https://www.tiktok.com/@luckymia_ugc/video/7560043937877069069?is_from_webapp=1&sender_device=pc
7567075612678966541,lachiccouture ,https://www.tiktok.com/@lachiccouture/video/7567075612678966541
7568857964111580471,kelley_mom,https://www.tiktok.com/@kelley_mom/video/7568857964111580471?is_from_webapp=1&sender_device=pc
7568709450760998158,@homebodywithforlisa,https://www.tiktok.com/@homebodywithforlisa/video/7568709450760998158?is_from_webapp=1&sender_device=pc
7568707707776126239,@simplyilma,https://www.tiktok.com/@simplyilma_/video/7568707707776126239?is_from_webapp=1&sender_device=pc
7568557843108990238,@yourdesignerbff,https://www.tiktok.com/@yourdesignerbff.com/video/7568557843108990238?is_from_webapp=1&sender_device=pc
7568533027463236894,@tamaramariexoxo,https://www.tiktok.com/@tamaramariexoxo/video/7568533027463236894?is_from_webapp=1&sender_device=pc
7567886410833841438,@tamaramariexoxo,https://www.tiktok.com/@tamaramariexoxo/video/7567886410833841438?is_from_webapp=1&sender_device=pc
7568271018934979854,@thetidytrendy,https://www.tiktok.com/@thetidytrendy/video/7568271018934979854?is_from_webapp=1&sender_device=pc
7568265028638477598,@tamaramariexoxo,https://www.tiktok.com/@tamaramariexoxo/video/7568265028638477598?is_from_webapp=1&sender_device=pc
7568256220092468494,@scrublife_rn,https://www.tiktok.com/@scrublife_rn/video/7568256220092468494?is_from_webapp=1&sender_device=pc
7567836066024131870,@flowersbysunshine,https://www.tiktok.com/@flowersbysunshine/video/7567836066024131870?is_from_webapp=1&sender_device=pc
7567827597904727310,@ohheydiamond,https://www.tiktok.com/@ohheydiamond/video/7567827597904727310?is_from_webapp=1&sender_device=pc
7567754684031700279,@itsjoycecreates,https://www.tiktok.com/@itsjoycecreates/video/7567754684031700279?is_from_webapp=1&sender_device=pc
7567512948474662175,@keonasdeals,https://www.tiktok.com/@keonasdeals/video/7567512948474662175?is_from_webapp=1&sender_device=pc
7567497738779217165,@thetidytrendy,https://www.tiktok.com/@thetidytrendy/video/7567497738779217165?is_from_webapp=1&sender_device=pc
7567084612564847885,@brooks.kinsley,https://www.tiktok.com/@brooks.kinsley/video/7567084612564847885?is_from_webapp=1&sender_device=pc
7566708489830075661,@simplysheenamarie,https://www.tiktok.com/@simplysheenamarie/video/7566708489830075661?is_from_webapp=1&sender_device=pc
7566291413009190158,@queenjat,https://www.tiktok.com/@queenjat_/video/7566291413009190158?is_from_webapp=1&sender_device=pc
7566270116627811597,@homebodywithforlisa,https://www.tiktok.com/@homebodywithforlisa/video/7566270116627811597?is_from_webapp=1&sender_device=pc
7569446835908021535,carehlers,https://www.tiktok.com/@carehlers/video/7569446835908021535?lang=en
7568858637515459871,crystalhanson.home ,https://www.tiktok.com/@crystalhanson.home/video/7568858637515459871?lang=en
7568564031749999902,keepingupwithtamaraa,https://www.tiktok.com/@keepingupwithtamaraa/video/7568564031749999902
7569750967789391159,kara.graber,https://www.tiktok.com/@kara.graber/video/7569750967789391159?is_from_webapp=1&sender_device=pc
7569331281985572126,itsjoseemitchell,https://www.tiktok.com/@itsjoseemitchell/video/7569331281985572126?is_from_webapp=1&sender_device=pc
7569288948518784286,lorddgreat,https://www.tiktok.com/@lorddgreat/video/7569288948518784286?is_from_webapp=1&sender_device=pc
7570130668227661069,ashleys.lens,https://www.tiktok.com/@ashleys.lens/video/7570130668227661069?is_from_webapp=1&sender_device=pc
7570771594780429581,kaylee.christmas,https://www.tiktok.com/@kaylee.christmas/video/7570771594780429581?is_from_webapp=1&sender_device=pc
7570838387947572510,ourcozymodernlife,https://www.tiktok.com/@.ourcozymodernlife/video/7570838387947572510?is_from_webapp=1&sender_device=pc
7569650584094067998,kellitesta,https://www.tiktok.com/@kellitesta/video/7569650584094067998?is_from_webapp=1&sender_device=pc
7568920555433315639,queenjat_,https://www.tiktok.com/@queenjat_/video/7568920555433315639?is_from_webapp=1&sender_device=pc
7567773689198955831,allaboutmicha,https://www.tiktok.com/@allaboutmicha/video/7567773689198955831?is_from_webapp=1&sender_device=pc
7570927488658885918,yourdesignerbff.com,https://www.tiktok.com/@yourdesignerbff.com/video/7570927488658885918?is_from_webapp=1&sender_device=pc
7571338102669610271,corinneboofinds,https://www.tiktok.com/@corinneboofinds/video/7571338102669610271?is_from_webapp=1&sender_device=pc
7570418316955700494,homebodywithforlisa,https://www.tiktok.com/@homebodywithforlisa/video/7570418316955700494?is_from_webapp=1&sender_device=pc
7570876267990437133,kaylee.christmas,https://www.tiktok.com/@kaylee.christmas/video/7570876267990437133?is_from_webapp=1&sender_device=pc
7571151935311498509,crimewithkylie,https://www.tiktok.com/@crimewithkylie/video/7571151935311498509?is_from_webapp=1&sender_device=pc
7566288291465530654,ourmountainsidehome ,https://www.tiktok.com/@ourmountainsidehome/video/7566288291465530654
7570801534624107806,tannesias,https://www.tiktok.com/@tannesias/video/7570801534624107806?lang=en
7573841650011606302,@tamaramariexoxo,https://www.tiktok.com/@tamaramariexoxo/video/7573841650011606302?is_from_webapp=1&sender_device=pc
7573556842341715231,@simplyilma_,https://www.tiktok.com/@simplyilma_/video/7573556842341715231?is_from_webapp=1&sender_device=pc
7572970716631436575,@theebriimariee,https://www.tiktok.com/@theebriimariee/video/7572970716631436575?is_from_webapp=1&sender_device=pc
7572942057560378654,@flowersbysunshine,https://www.tiktok.com/@flowersbysunshine/video/7572942057560378654?is_from_webapp=1&sender_device=pc
7572625164433755422,@theebriimariee,https://www.tiktok.com/@theebriimariee/video/7572625164433755422?is_from_webapp=1&sender_device=pc
7571967795550833933,@styleherstrong,https://www.tiktok.com/@styleherstrong/video/7571967795550833933?is_from_webapp=1&sender_device=pc
7571631097604345102,@jrdz2009,https://www.tiktok.com/@jrdz2009/video/7571631097604345102?is_from_webapp=1&sender_device=pc
7571607348616138014,@tamaramariexoxo,https://www.tiktok.com/@tamaramariexoxo/video/7571607348616138014?is_from_webapp=1&sender_device=pc
7571870448670084366,@kara.graber,https://www.tiktok.com/@kara.graber/video/7571870448670084366?is_from_webapp=1&sender_device=pc
7574112170686811423,@lorddgreat,https://www.tiktok.com/@lorddgreat/video/7574112170686811423?is_from_webapp=1&sender_device=pc
7574103922751638814,@organicmodernhome,https://www.tiktok.com/@organicmodernhome/video/7574103922751638814?is_from_webapp=1&sender_device=pc
7573732754429414686,@shonnitap,https://www.tiktok.com/@shonnitap/video/7573732754429414686?is_from_webapp=1&sender_device=pc
7573811728731999543,@r3igun,https://www.tiktok.com/@r3igun/video/7573811728731999543?is_from_webapp=1&sender_device=pc
7571077633178422542,kelley_mom,https://www.tiktok.com/@kelley_mom/video/7571077633178422542?lang=en
7520318405690363166,britainbennett,https://www.tiktok.com/@britainbennett/video/7520318405690363166?lang=en
7574168439774907662,mariawedding,https://www.tiktok.com/@mariawedding/video/7574168439774907662?lang=en
7571571475803622669,cozyoncottoncreek,https://www.tiktok.com/@cozyoncottoncreek/video/7571571475803622669
7572191394698218807,allthingshomefashion,https://www.tiktok.com/@allthingshomefashion/video/7572191394698218807
7576073669332585758,@keely_dawn,https://www.tiktok.com/@keely_dawn/video/7576073669332585758?is_from_webapp=1&sender_device=pc
7576143643547864333,@lotusbloom28,https://www.tiktok.com/@lotusbloom28/video/7576143643547864333?is_from_webapp=1&sender_device=pc
7576034152068173087,@tamaramariexoxo,https://www.tiktok.com/@tamaramariexoxo/video/7576034152068173087?is_from_webapp=1&sender_device=pc
7576047873372982541,@keysbykiana,https://www.tiktok.com/@keysbykiana/video/7576047873372982541?is_from_webapp=1&sender_device=pc
7575994676960857399,@kaylee.christmas,https://www.tiktok.com/@kaylee.christmas/video/7575994676960857399?is_from_webapp=1&sender_device=pc
7575945036680957197,@itsjoycecreates,https://www.tiktok.com/@itsjoycecreates/video/7575945036680957197?is_from_webapp=1&sender_device=pc
7575717580577492255,@homebyxi/video,https://www.tiktok.com/@homebyxi/video/7575717580577492255?is_from_webapp=1&sender_device=pc
7575680160519834894,@t1d.mel,https://www.tiktok.com/@t1d.mel/video/7575680160519834894?is_from_webapp=1&sender_device=pc
7575598725486234893,@myneutralliving,https://www.tiktok.com/@myneutralliving/video/7575598725486234893?is_from_webapp=1&sender_device=pc
7575546554589695263,@homebyxi,https://www.tiktok.com/@homebyxi/video/7575546554589695263?is_from_webapp=1&sender_device=pc
7574692675023162679,vickiemnm,https://www.tiktok.com/@vickiemnm/video/7574692675023162679?q=wayfair%20cyber%20monday&t=1763657714165
7571245979148520759,birdyshome,https://www.tiktok.com/@birdyshome/video/7571245979148520759?lang=en
7549303588271475998,jalyssa_doubleu,https://www.tiktok.com/@jalyssa_doubleu/video/7549303588271475998?region=us_ttp
7533707945364819230,jalyssa_doubleu,https://www.tiktok.com/@jalyssa_doubleu/video/7533707945364819230?lang=en
7572984429472173342,tamaramariexoxo,https://www.tiktok.com/@tamaramariexoxo/video/7572984429472173342?lang=en
7570891889331686711,ashleys.lens,https://www.tiktok.com/@ashleys.lens/video/7570891889331686711?lang=en
7579827409885711646,@momswhodesign,https://www.tiktok.com/@momswhodesign/video/7579827409885711646?is_from_webapp=1&sender_device=pc
7579751242138668343,@donniemami,https://www.tiktok.com/@donniemami/video/7579751242138668343?is_from_webapp=1&sender_device=pc
7579735863844670751,@tinatealhome,https://www.tiktok.com/@tinatealhome/video/7579735863844670751?is_from_webapp=1&sender_device=pc
7579731064432758047,@tamaramariexoxo,https://www.tiktok.com/@tamaramariexoxo/video/7579731064432758047?is_from_webapp=1&sender_device=pc
7579496376455810335,@corinneboofinds,https://www.tiktok.com/@corinneboofinds/video/7579496376455810335?is_from_webapp=1&sender_device=pc
7579488088095853854,@corinneboofinds,https://www.tiktok.com/@corinneboofinds/video/7579488088095853854?is_from_webapp=1&sender_device=pc
7579358798347898142,@tamaramariexoxo,https://www.tiktok.com/@tamaramariexoxo/video/7579358798347898142?is_from_webapp=1&sender_device=pc
7580864406494481719,creativelykhy,https://www.tiktok.com/@creativelykhy/video/7580864406494481719
7580889134135315725,creativelykhy,https://www.tiktok.com/@creativelykhy/video/7580889134135315725
7581126011757006094,allaboutmicha,https://www.tiktok.com/@allaboutmicha/video/7581126011757006094
7581236783107558670,crimewithkylie,https://www.tiktok.com/@crimewithkylie/video/7581236783107558670
7580856508485782814,keonasdeals,https://www.tiktok.com/@keonasdeals/video/7580856508485782814
7580855430876859703,creativelykhy,https://www.tiktok.com/@creativelykhy/video/7580855430876859703
7580792912762490142,tamaramariexoxo,https://www.tiktok.com/@tamaramariexoxo/video/7580792912762490142
7580754156470684959,tamaramariexoxo,https://www.tiktok.com/@tamaramariexoxo/video/7580754156470684959
7580453507510177054,tinatealhome,https://www.tiktok.com/@tinatealhome/video/7580453507510177054
7580436923362086157,crimewithkylie,https://www.tiktok.com/@crimewithkylie/video/7580436923362086157
7579405930480110879,keonasdeals,https://www.tiktok.com/@keonasdeals/video/7579405930480110879
7574290084984360223,shonnitap,https://www.tiktok.com/@shonnitap/video/7574290084984360223
7579057152451513613,labarbie2113,https://www.tiktok.com/@labarbie2113/video/7579057152451513613
7579043659002187022,allaboutmicha,https://www.tiktok.com/@allaboutmicha/video/7579043659002187022
7578961703346441503,keonasdeals,https://www.tiktok.com/@keonasdeals/video/7578961703346441503
7570003415632301342,tamaramariexoxo,https://www.tiktok.com/@tamaramariexoxo/video/7570003415632301342?region=us_ttp
7568592156009434382,homebodywithforlisa,https://www.tiktok.com/@homebodywithforlisa/video/7568592156009434382?lang=en
7574104682432613663,ourmountainsidehome ,https://www.tiktok.com/@ourmountainsidehome/video/7574104682432613663?lang=en
7577400900042444063,alongwithallie,https://www.tiktok.com/@alongwithallie/video/7577400900042444063
7577822405377150222,lachiccouture,https://www.tiktok.com/@lachiccouture/video/7577822405377150222
7577879036869741879,birdyshome,https://www.tiktok.com/@birdyshome/video/7577879036869741879
7578096618222701837,karina_skyy,https://www.tiktok.com/@karina_skyy/video/7578096618222701837
7578289910042348813,onedaemoore,https://www.tiktok.com/@onedaemoore/video/7578289910042348813
7578605166681804087,vickiemnm,https://www.tiktok.com/@vickiemnm/video/7578605166681804087
7578609068823055671,thedeezignlab,https://www.tiktok.com/@thedeezignlab/video/7578609068823055671
7581511638679948558,mayteesanchez4,https://www.tiktok.com/@mayteesanchez4/video/7581511638679948558
7581650608550104351,tamaramariexoxo,https://www.tiktok.com/@tamaramariexoxo/video/7581650608550104351
7581841449096940855,melissajwellness,https://www.tiktok.com/@melissajwellness/video/7581841449096940855
7581917143088860429,kara.graber,https://www.tiktok.com/@kara.graber/video/7581917143088860429
7582153482182937887,tinatealhome,https://www.tiktok.com/@tinatealhome/video/7582153482182937887
7582293128065928461,mikayakh,https://www.tiktok.com/@mikayakh/video/7582293128065928461
7582306179502656799,tinatealhome,https://www.tiktok.com/@tinatealhome/video/7582306179502656799
7582365889589169438,author.lindseyhart,https://www.tiktok.com/@author.lindseyhart/video/7582365889589169438
7582454897136700685,emilyharrah,https://www.tiktok.com/@emilyharrah/video/7582454897136700685
7577234056580992287,flowersbysunshine,https://www.tiktok.com/@flowersbysunshine/video/7577234056580992287
7577232469204798750,keonasdeals,https://www.tiktok.com/@keonasdeals/video/7577232469204798750
7577226854231297311,keonasdeals,https://www.tiktok.com/@keonasdeals/video/7577226854231297311
7577218113683344670,tannesias,https://www.tiktok.com/@tannesias/video/7577218113683344670
7576997586498850103,melissajwellness,https://www.tiktok.com/@melissajwellness/video/7576997586498850103
7576720301388565815,kara.graber,https://www.tiktok.com/@kara.graber/video/7576720301388565815
7576256084634012983,injessicascorner,https://www.tiktok.com/@injessicascorner/video/7576256084634012983
7575741196513856799,keonasdeals,tiktok.com/@keonasdeals/video/7575741196513856799/
7583858980150201613,allaboutmicha ,https://www.tiktok.com/@allaboutmicha/video/7583858980150201613?lang=en
7583844433653730574,kara.graber,https://www.tiktok.com/@kara.graber/video/7583844433653730574?lang=en
7583218867820858679,jaylaferrell,https://www.tiktok.com/@jaylaferrell/video/7583218867820858679?lang=en
7571693780366118174,homebyxi,https://www.tiktok.com/@homebyxi/video/7571693780366118174?lang=en
7592017749623311646,cookingwithpatlee,https://www.tiktok.com/@cookingwithpatlee/video/7592017749623311646?lang=en
7589846444543184141,allaboutmicha ,https://www.tiktok.com/@allaboutmicha/video/7589846444543184141?lang=en
7591264370005462285,keysbykiana,https://www.tiktok.com/@keysbykiana/video/7591264370005462285?lang=en
7593757197637602615,slimandbuddy,https://www.tiktok.com/@slimandbuddy/video/7593757197637602615?lang=en
7589842246309006623,tannesias,https://www.tiktok.com/@tannesias/video/7589842246309006623?lang=en
7593881412156067086,jaylaferrell,https://www.tiktok.com/@jaylaferrell/video/7593881412156067086?lang=en
7593843416459447565,dailywithad,https://www.tiktok.com/@dailywithad/video/7593843416459447565?lang=en
7593445076278267166,angieinpa,https://www.tiktok.com/@angieinpa/video/7593445076278267166?lang=en
7594614154011430175,iamquinti,https://www.tiktok.com/@iamquinti/video/7594614154011430175
7595637865862696206,abraujewelry,tiktok.com/@abraujewelry/video/7595637865862696206/
7595634876724874526,tamaramariexoxo,https://www.tiktok.com/@tamaramariexoxo/video/7595634876724874526/
7595611297799015710,justina.c.franklin,https://www.tiktok.com/@justina.c.franklin/video/7595611297799015710/
7594665205175471374,arlindabkurtishi,https://www.tiktok.com/@arlindabkurtishi/video/7594665205175471374
7596451557118430494,tamaramariexoxo,https://www.tiktok.com/@tamaramariexoxo/video/7596451557118430494?q=wayfair%20valentines%20day&t=1769009552324
7597899968543870221,kara.graber,https://www.tiktok.com/@kara.graber/video/7597899968543870221
7596096248294165791,gracefulglambydanielle,https://www.tiktok.com/@gracefulglambydanielle/video/7596096248294165791
7595284308173065503,brittanydesignspo ,https://www.tiktok.com/@brittanydesignspo/video/7595284308173065503?lang=en
7596696601427594526,thenuttybrunettehome,https://www.tiktok.com/@thenuttybrunettehome/video/7596696601427594526/
7597558528441650446,chocdollt,tiktok.com/@chocdollt/video/7597558528441650446/
7594657791516724535,jaylaferrell,https://www.tiktok.com/@jaylaferrell/video/7594657791516724535
7601550229174848799,thenuttybrunettehome,https://www.tiktok.com/@thenuttybrunettehome/video/7601550229174848799
7601949064158039310,kara.graber,https://www.tiktok.com/@kara.graber/video/7601949064158039310/
7602207998223617294,melissajwellness,https://www.tiktok.com/@melissajwellness/video/7602207998223617294
7602449136834596126,surryplace,https://www.tiktok.com/@surryplace/video/7602449136834596126
7602835211751083294,keonasdeals,https://www.tiktok.com/@keonasdeals/video/7602835211751083294
7603079904900435230,keonasdeals,https://www.tiktok.com/@keonasdeals/video/7603079904900435230
7604572715562896654,danakramer_,https://www.tiktok.com/@danakramer_/video/7604572715562896654/
7604538657806028045,elaine.batista19,https://www.tiktok.com/@elaine.batista19/video/7604538657806028045
7605028758965194014,reallyrians,https://www.tiktok.com/@reallyrians/video/7605028758965194014
7598299067118079246,emilyharrah,https://www.tiktok.com/@emilyharrah/video/7598299067118079246
7598375622569659662,mariawedding,https://www.tiktok.com/@mariawedding/video/7598375622569659662
7603546793728691487,josieturl,https://www.tiktok.com/@josieturl/video/7603546793728691487?lang=en
7605740281903811853,elaine.batista19,https://www.tiktok.com/@elaine.batista19/video/7605740281903811853
7606854369585188126,tinatealhome,https://www.tiktok.com/@tinatealhome/video/7606854369585188126
7593423102176988446,houseofworth,https://www.tiktok.com/@houseofworth/video/7593423102176988446?lang=en
7607884325526228237,_queenofeverythingg,https://www.tiktok.com/@_queenofeverythingg/video/7607884325526228237?lang=en
7608006647289564447,momswhodesign,https://www.tiktok.com/@momswhodesign/video/7608006647289564447/
7608324258179091725,stephaniewolfe,https://www.tiktok.com/@stephaniemwolfe/video/7608324258179091725
7608700195424980254,taticamar7,https://www.tiktok.com/@taticamar7/video/7608700195424980254
7609865105030794510,ourcozycolonialct,https://www.tiktok.com/@ourcozycolonialct/video/7609865105030794510
7607562903608200462,allaboutmicha,https://www.tiktok.com/@allaboutmicha/video/7607562903608200462
7610517395198741791,just_brandi11,https://www.tiktok.com/@just_brandi11/video/7610517395198741791/
7610519859587239181,storyofzena,https://www.tiktok.com/@storyofzena/video/7610519859587239181
7610596705720929567,tinatealhome,https://www.tiktok.com/@tinatealhome/video/7610596705720929567
7610804980559252749,dzaninatahirovic,https://www.tiktok.com/@dzaninatahirovic_/video/7610804980559252749
7584552562297146637,emmylewdecorates,https://www.tiktok.com/@emmylewdecorates/video/7584552562297146637?_r=1&_t=ZT-94CLxDfkny2
7612435917814451469,christenathome,https://www.tiktok.com/@christenathome/video/7612435917814451469
7612304281546345741,thetidytrendy,https://www.tiktok.com/@thetidytrendy/video/7612304281546345741
7611419653679615245,jaylaferrell,https://www.tiktok.com/@jaylaferrell/video/7611419653679615245?lang=en
7612430177263537439,robinwarz.interiors,https://www.tiktok.com/@robinwarz.interiors/video/7612430177263537439
7610979517271674126,ourcozycolonialct,https://www.tiktok.com/@ourcozycolonialct/video/7610979517271674126?lang=en
7612464362527214878,Clarityhome,https://www.tiktok.com/@clarityhome/video/7612464362527214878
7612861517498699038,tamaramariexoxo,https://www.tiktok.com/@tamaramariexoxo/video/7612861517498699038?lang=en
7612401486718356766,atouchofsimplicitybyrana,https://www.tiktok.com/@atouchofsimplicitybyrana/video/7612401486718356766
7614199784693452063,therealheidicarter,https://www.tiktok.com/@therealheidicarter/video/7614199784693452063?lang=en
7615249225684634894,carrieithome,https://www.tiktok.com/@carrieithome/video/7615249225684634894?lang=en
7616203698598874398,reallyrians,https://www.tiktok.com/@reallyrians/video/7616203698598874398?lang=en
7618629741343444255,brittanydesignspo,https://www.tiktok.com/@brittanydesignspo/video/7618629741343444255
7618777006154534175,tinatealhome,https://www.tiktok.com/@tinatealhome/video/7618777006154534175
7618305020731149581,thatgirlneishh,https://www.tiktok.com/@thatgirlneishh/video/7618305020731149581?lang=en
7619345713964535053,Anainteriors,https://www.tiktok.com/@anainteriors/video/7619345713964535053
7618649699267972383,homewithshanna,https://www.tiktok.com/@homewithshanna/video/7618649699267972383?lang=en
7607916415521148173,danakramer_,https://www.tiktok.com/@danakramer_/video/7607916415521148173
7623101337017781534,homewithjamie,https://www.tiktok.com/@homewithjami/video/7623101337017781534
7622909681144499487,knowingkrescent,https://www.tiktok.com/@knowingkrescent/video/7622909681144499487
7622895826439818527,knowingkrescent,https://www.tiktok.com/@knowingkrescent/video/7622895826439818527
7622888132714712351,knowingkrescent,https://www.tiktok.com/@knowingkrescent/video/7622888132714712351
7620632720795766029,heydanasia,https://www.tiktok.com/@heydanasia/video/7620632720795766029
7618076888866589982,sashhaaa._,https://www.tiktok.com/@sashhaaa._/video/7618076888866589982?lang=en
7618100081832512798,so_cal_mom,https://www.tiktok.com/@so_cal_mom/video/7618100081832512798?lang=en
7618273679297858846,homewithshanna,https://www.tiktok.com/@homewithshanna/video/7618273679297858846?lang=en
7617862851952151839,homewithjamie,https://www.tiktok.com/@homewithjami/video/7617862851952151839
7617639600932031774,tinatealhome,https://www.tiktok.com/@tinatealhome/video/7617639600932031774
7617697443873885470,tamaramariexoxo,https://www.tiktok.com/@tamaramariexoxo/video/7617697443873885470
7616182336123669773,lachiccouture,https://www.tiktok.com/@lachiccouture/video/7616182336123669773
7616180136223821070,lachiccouture,https://www.tiktok.com/@lachiccouture/video/7616180136223821070
7616178058814295310,lachiccouture,https://www.tiktok.com/@lachiccouture/video/7616178058814295310
7616339950149045535,erinszoch,https://www.tiktok.com/@erinszoch/video/7616339950149045535?lang=en
7622696027581205773,itsjoycecreates,https://www.tiktok.com/@itsjoycecreates/video/7622696027581205773
7622668990963354894,farmhouse40_,https://www.tiktok.com/@farmhouse40_/video/7622668990963354894
7622334943980522783,destinystylesss,https://www.tiktok.com/@destinystylesss/video/7622334943980522783
7622815047483411725,naylani,https://www.tiktok.com/@naylani/video/7622815047483411725
7622459969916472607,angieinpa,https://www.tiktok.com/@angieinpa/video/7622459969916472607
7623104648303414542,triedandtruemom,https://www.tiktok.com/@triedandtruemom/video/7623104648303414542
7623006744209394957,carolinafinnegan,https://www.tiktok.com/@carolinafinnegan/video/7623006744209394957
7622012812595924255,evsmokeatx,tiktok.com/@evsmokeatx/video/7622012812595924255/
7622960748846714142,thepinkpalace93,https://www.tiktok.com/@thepinkpalace93/video/7622960748846714142
7623144412012416270,christaandthecity,https://www.tiktok.com/@christaandthecity/video/7623144412012416270
7622832478025223455,boredmoms,https://www.tiktok.com/@boredmoms/video/7622832478025223455
7622706640827043102,jennmontoya_,https://www.tiktok.com/@jennmontoya_/video/7622706640827043102
7605270420035505421,danakramer_,https://www.tiktok.com/@danakramer_/video/7605270420035505421?lang=en
7623559568840264990,chilldesignsbyjess,https://www.tiktok.com/@chilldesignsbyjess/video/7623559568840264990/
7623076024296819981,carolinafinnegan,https://www.tiktok.com/@carolinafinnegan/video/7623076024296819981
7626407477466139934,irene_lovetolive,https://www.tiktok.com/@irene_lovetolive/video/7626407477466139934
7613788731522157855,britianbennett,https://www.tiktok.com/@britainbennett/video/7613788731522157855?lang=en
7617699578971802911,whatlydia,https://www.tiktok.com/@whatlydia/video/7617699578971802911
7628361046738226446,stephaniemwolfe,https://www.tiktok.com/@stephaniemwolfe/video/7628361046738226446
7623181268057853197,christenathome,https://www.tiktok.com/@christenathome/video/7623181268057853197
7623227415803858206,tannesias,https://www.tiktok.com/@tannesias/video/7623227415803858206
7628749162070232351,irene_lovetolive,https://www.tiktok.com/@irene_lovetolive/video/7628749162070232351
7629008033804242206,ourmountainsidehome,https://www.tiktok.com/@ourmountainsidehome/video/7629008033804242206
7631244662296022285,savannahprattsharma,https://www.tiktok.com/@savannahprattsharma/video/7631244662296022285
7630963681299303710,keepupwithtrend,https://www.tiktok.com/@keepupwithtrend/video/7630963681299303710
7628299412845972750,teci.xo,https://www.tiktok.com/@teci.xo/video/7628299412845972750?lang=en
7630789492407897357,heydanasia,https://www.tiktok.com/@heydanasia/video/7630789492407897357
7633573001925119245,dzaninatahirovic_,https://www.tiktok.com/@dzaninatahirovic_/video/7633573001925119245
7633820415844044045,itsjoycecreates,https://www.tiktok.com/@itsjoycecreates/video/7633820415844044045
7614896229704584462,dzaninatahirovic_,https://www.tiktok.com/@dzaninatahirovic_/video/7614896229704584462
7632087505147317534,elizhowell,https://www.tiktok.com/@elizhowell/video/7632087505147317534
7632403428026682638,mariawedding,https://www.tiktok.com/@mariawedding/video/7632403428026682638
7632034041356733709,rachelsreno,https://www.tiktok.com/@rachelsreno/video/7632034041356733709
7632740613456186637,abzstylz,https://www.tiktok.com/@abzstylz/video/7632740613456186637
7632776473954307342,simplysheenamarie,https://www.tiktok.com/@simplysheenamarie/video/7632776473954307342
7634706358339718431,tinatealhome,https://www.tiktok.com/@tinatealhome/video/7634706358339718431
7623394515629411614,athomewithnene,https://www.tiktok.com/@athomewithnene/video/7623394515629411614
7621223967566662926,itsjoycecreates,https://www.tiktok.com/@itsjoycecreates/video/7621223967566662926
7621778309826776350,thesoftestglow,https://www.tiktok.com/@thesoftestglow/video/7621778309826776350
7631746471968230669,rachelsreno,https://www.tiktok.com/@rachelsreno/video/7631746471968230669
7632111291997490445,chelsealizgreer,https://www.tiktok.com/@chelsealizgreer/video/7632111291997490445
7638605123060649229,sagenferns,https://www.tiktok.com/@sagenferns/video/7638605123060649229?lang=en
7637678009067031838,tinatealhome,https://www.tiktok.com/@tinatealhome/video/7637678009067031838?lang=en
7506205862369692970,white.at.home,https://www.tiktok.com/@white.at.home/video/7506205862369692970?lang=en
7638425087879695629,farmhouse40,https://www.tiktok.com/@farmhouse40_/video/7638425087879695629?lang=en
7638669164932074766,jaylaferrell,https://www.tiktok.com/@jaylaferrell/video/7638669164932074766?lang=en
7638669903746157855,meggieferrerhome,https://www.tiktok.com/@meggieferrerhome/video/7638669903746157855?lang=en
7638682744733568286,maloun__rogers,https://www.tiktok.com/@malaun_rogers/video/7638682744733568286
7638729255014190350,jennmontoya_,https://www.tiktok.com/@jennmontoya_/video/7638729255014190350?lang=en
7638720309994016014,lfabbri,https://www.tiktok.com/@lfabbri/video/7638720309994016014
7638961320502578462,carrieithome,https://www.tiktok.com/@carrieithome/video/7638961320502578462?lang=en
7638782860622597389,donnettahaynes,https://www.tiktok.com/@donnettahaynes/video/7638782860622597389
7638820262598790431,katelazarski,https://www.tiktok.com/@katelazarski/video/7638820262598790431
7638998798127189262,elliedulude,https://www.tiktok.com/@elliedulude/video/7638998798127189262
7639133716932988174,styledbybrimarie,https://www.tiktok.com/@stylebybrimarie/video/7639133716932988174
7639365479672450318,lightscamerajacksons,https://www.tiktok.com/@lightscamerajacksons10/video/7639365479672450318
7625702598149999903,tinatealhome,https://www.tiktok.com/@tinatealhome/video/7625702598149999903?lang=en
7644237918906617119,jalyssa_doubleu,https://www.tiktok.com/@jalyssa_doubleu/video/7644237918906617119?lang=en
7644280443935804685,justsusyl,https://www.tiktok.com/@justsusyl/video/7644280443935804685
7624272472170614046,cookingwithpatlee,https://www.tiktok.com/@cookingwithpatlee/video/7624272472170614046/
7568857056422186253,christenathome,https://www.tiktok.com/@christenathome/video/7568857056422186253?lang=en
7649132755388828941,katedavidsun,https://www.tiktok.com/@katedavidsun/video/7649132755388828941?q=wayfair%20deals&t=1781013261749
7651775847929498894,mollyconnorss,https://www.tiktok.com/@mollyconnorss/video/7651775847929498894
7651987251743690014,averypred,https://www.tiktok.com/@averypred/video/7651987251743690014
7653965726935469326,emmaaaaaaa24,https://www.tiktok.com/@emmaaaaaaa24/video/7653965726935469326?lang=en
7660248972816092447,emery.norsworthy,https://www.tiktok.com/@emery.norsworthy/video/7660248972816092447?q=wayfair%20elevate&t=1783622800322
7657440179254299934,madelinermartin,https://www.tiktok.com/@madelinermartin/video/7657440179254299934
7669116563760598286,wayfair,https://www.tiktok.com/@wayfair/video/7669116563760598286
7669514309864606989,wayfair,https://www.tiktok.com/@wayfair/video/7669514309864606989
7501741529002773791,loyra_nu,https://www.tiktok.com/@loyra_nu/video/7501741529002773791?region=us_ttp
7500299145303903510,our_no.8_reno,https://www.tiktok.com/@our_no.8_reno/video/7500299145303903510?q=our_no.8_reno&t=1747769277612
7510021262329023774,xariajohnson,https://www.tiktok.com/@xariajohnson/video/7510021262329023774
7509671781418929439,carleydurant,https://www.tiktok.com/@carleydurant/video/7509671781418929439?region=us_ttp
7511457382698847518,vivalabeckyy_,https://www.tiktok.com/@vivalabeckyy_/video/7511457382698847518?region=us_ttp
7477643319397354783,strollinginthesuburbs,https://www.tiktok.com/@strollinginthesuburbs/video/7477643319397354783
7511752581828463915,myneutralliving,https://www.tiktok.com/@myneutralliving/video/7511752581828463915?region=us_ttp
7509559189170162974,kylieoguma,https://www.tiktok.com/@kylieoguma/video/7509559189170162974?region=us_ttp
7501393567701683499,_tishhest,https://www.tiktok.com/@_tishhest/video/7501393567701683499?region=us_ttp
7513754423978495278,benitosbungalow,https://www.tiktok.com/@benitosbungalow/video/7513754423978495278?lang=en
7498019247411580190,laurenodessa,https://www.tiktok.com/@laurenodessa/video/7498019247411580190?region=us_ttp
7513017963025419550,dananicoledesigns,https://www.tiktok.com/@dananicoledesigns/video/7513017963025419550?lang=en
7518962813398732063,sincerelyginalee,https://www.tiktok.com/@sincerelyginalee/video/7518962813398732063?lang=en
7481054222792969518,emilydseidman,https://www.tiktok.com/@emilydseidman/video/7481054222792969518
7517864329677491486,macyjaemoore,https://www.tiktok.com/@macyjaemoore/video/7517864329677491486
7526355535923367182,livingwithjani,https://www.tiktok.com/@livingwithjani/video/7526355535923367182?lang=en
7480288184866327850,britney.wn,https://www.tiktok.com/@britney.wn/video/7480288184866327850?lang=en
7430137659231604014,christingracehome,https://www.tiktok.com/@christingracehome/video/7430137659231604014?q=wayfair%20fall%20deco&t=1752847713719
7528236201321549111,the.cobbled.nest,https://www.tiktok.com/@the.cobbled.nest/video/7528236201321549111?lang=en
7527655850182249759,amandabhome,https://www.tiktok.com/@amandabhome/video/7527655850182249759?lang=en
7520043596280565005,itsmoodylove,https://www.tiktok.com/@itsmoodylove/video/7520043596280565005?lang=en
7422769441559022890,caras_atl,https://www.tiktok.com/@caras_atl/video/7422769441559022890?q=wayfair%20%20halloween&t=1752774737948
7405678722746944798,www.gardenfairy.org,https://www.tiktok.com/@www.gardenfairy.org/video/7405678722746944798?is_from_webapp=1&sender_device=pc&web_id=7527757441255081503
7365176251302022443,_paolabenitez,https://www.tiktok.com/@_paolabenitez/video/7365176251302022443?q=wayfair%20beanbag%20couch&t=1753192681147
7433536481366396190,hausofsavos,https://www.tiktok.com/@hausofsavos/video/7433536481366396190
7530091221612563725,hospitalitykim,https://www.tiktok.com/@hospitalitykim/video/7530091221612563725
7528179310717406494,keepingupwithkikii13,https://www.tiktok.com/@keepingupwithkikii13/video/7528179310717406494
7530510461448588574,farah.sulliban,https://www.tiktok.com/@farah.sulliban/video/7530510461448588574
7530706928427666702,kaylahrochellee,https://www.tiktok.com/@kaylahrochellee/video/7530706928427666702
7471857387343842591,thehesterstyle,https://www.tiktok.com/@thehesterstyle/video/7471857387343842591?q=wayfair%20art&t=1753469419300
7494018734139526430,.ourcozymodernlife,https://www.tiktok.com/@.ourcozymodernlife/video/7494018734139526430?lang=en
7534856603225312525,kfinteriors,https://www.tiktok.com/@kfinteriors/video/7534856603225312525
7535484720017083662,nicolekess,https://www.tiktok.com/@nicolekess/video/7535484720017083662?lang=en
7534395353601199390,cozywithjen,https://www.tiktok.com/@cozywithjen/video/7534395353601199390?lang=en
7527693091109702942,laurenodessa,https://www.tiktok.com/@laurenodessa/video/7527693091109702942?lang=en
7537319528699677982,kelseykooima,https://www.tiktok.com/@kelseykooima/video/7537319528699677982
7530856455847578910,kylenct,https://www.tiktok.com/@kylenct/video/7530856455847578910?lang=en
7525455571705777438,kelseykooima,https://www.tiktok.com/@kelseykooima/video/7525455571705777438
7537741633060654367,.ourcozymodernlife,https://www.tiktok.com/@.ourcozymodernlife/video/7537741633060654367?lang=en
7526615886107594039,sapeony,https://www.tiktok.com/@sapeony/video/7526615886107594039?lang=en
7531827656132726030,elijahbanks_,https://www.tiktok.com/@elijahbanks_/video/7531827656132726030?lang=en
7531533778557226270,meggieferrerhome,https://www.tiktok.com/@meggieferrerhome/video/7531533778557226270
7538243643719601438,carleydurant,https://www.tiktok.com/@carleydurant/video/7538243643719601438
7531092547754544398,spreadalil_sunshine,https://www.tiktok.com/@spreadalil_sunshine/video/7531092547754544398
7536414002113482014,chloe_j_barker,https://www.tiktok.com/@chloe_j_barker/video/7536414002113482014
7516986003450629407,shefba_,https://www.tiktok.com/@shefba_/video/7516986003450629407?lang=en
7516978734415596830,j_kilaa,https://www.tiktok.com/@j_kilaa/video/7516978734415596830?lang=en
7516730811484327198,j_kilaa,https://www.tiktok.com/@j_kilaa/video/7516730811484327198?lang=en
7538275670749613367,kansashuntress123,https://www.tiktok.com/@kansashuntress123/video/7538275670749613367
7538813362541563191,sheelaziari,https://www.tiktok.com/@sheelaziari/video/7538813362541563191?lang=en
7539168451122728205,tuxedofarmhouse,https://www.tiktok.com/@tuxedofarmhouse/video/7539168451122728205?lang=en
7539660602294193422,keysbykiana,https://www.tiktok.com/@keysbykiana/video/7539660602294193422
7539683106475773239,marcialachae,https://www.tiktok.com/@marcialachae/video/7539683106475773239
7530040689351101727,vnewms,https://www.tiktok.com/@vnewms/video/7530040689351101727?lang=en
7393707535749877022,michelle_thach,https://www.tiktok.com/@michelle_thach/video/7393707535749877022?lang=en
7540084346129026334,j_kilaa,https://www.tiktok.com/@j_kilaa/video/7540084346129026334
7409077134930742574,la_mexicanaa0,https://www.tiktok.com/@la_mexicanaa0/video/7409077134930742574?q=wayfair%20utensisl&t=1755617050882
7531551581049752862,triedandtruemom,https://www.tiktok.com/@triedandtruemom/video/7531551581049752862
7540454316964941070,dzaninatahirovic_,https://www.tiktok.com/@dzaninatahirovic_/video/7540454316964941070
7538513804297080119,gwennewg,https://www.tiktok.com/@gwennewg/video/7538513804297080119
7437215283330321710,medinacolaku,https://www.tiktok.com/@medinacolaku/video/7437215283330321710?lang=en
7441314100023708974,cassianndra,https://www.tiktok.com/@cassianndra/video/7441314100023708974?q=weird%20wayfair&t=1756131957540
7263549936602598662,carmenjavierco,https://www.tiktok.com/@carmenjavierco/video/7263549936602598662?q=weird%20wayfair&t=1756131957540
7541444795919551799,sydneyrekaps,https://www.tiktok.com/@sydneyrekaps/video/7541444795919551799?lang=en
7540086422024310046,jordan_kristine,https://www.tiktok.com/@jordan_kristine/video/7540086422024310046?lang=en
7530288738828619021,likeherstyle,https://www.tiktok.com/@likeherstyle/video/7530288738828619021
7411179403578789151,vidalys_menendez,https://www.tiktok.com/@vidalys_menendez/video/7411179403578789151
7543611372681170231,itskiera.nitae_,https://www.tiktok.com/@itskiera.nitae_/video/7543611372681170231
7543390547545771278,justsusylo,https://www.tiktok.com/@justsusylo/video/7543390547545771278?q=wayfair%20halloween&t=1756401123393
7540833991650282782,michaelagadawski,https://www.tiktok.com/@michaelagadawski/video/7540833991650282782?lang=en
7541588623217462542,skylerwahlberg,https://www.tiktok.com/@skylerwahlberg/video/7541588623217462542?lang=en
7545292865933544759,meganitpretty,https://www.tiktok.com/@meganitpretty/video/7545292865933544759
7513312989869559071,digitalbaylie,https://www.tiktok.com/@digitalbaylie/video/7513312989869559071?q=wayfair%20couch&t=1757006356338
7341976856054320427,vivalabeckyy_,https://www.tiktok.com/@vivalabeckyy_/video/7341976856054320427?q=wayfair%20couch&t=1757006356338
7461054273095224607,moriaaahb,https://www.tiktok.com/@moriaaahb/video/7461054273095224607
7461253955415199007,moriaaahb,https://www.tiktok.com/@moriaaahb/video/7461253955415199007
7461413340821179678,moriaaahb,https://www.tiktok.com/@moriaaahb/video/7461413340821179678
7546658738669620494,itsperrino,https://www.tiktok.com/@itsperrino/video/7546658738669620494
7545916845434391821,perlaliberati,https://www.tiktok.com/@perlaliberati/video/7545916845434391821?lang=en
7545515711611915550,blanche.lifestyle,https://www.tiktok.com/@blanche.lifestyle/video/7545515711611915550?lang=en
7544911261025193230,life_with_rai,https://www.tiktok.com/@life_with_rai/video/7544911261025193230?lang=en
7548156792946035999,kailarecommends,https://www.tiktok.com/@kailarecommends/video/7548156792946035999?lang=en
7262036300235099435,coreymjones3,https://www.tiktok.com/@coreymjones3/video/7262036300235099435?lang=en
7459499507340905770,thefurnitureplug,https://www.tiktok.com/@thefurnitureplug/video/7459499507340905770?q=wayfair%20desks&t=1757525088183
7128851801612406062,fancenance13,https://www.tiktok.com/@fancenance13/video/7128851801612406062?q=wayfair%20desks&t=1757525088183
7530765759924997390,ninascozykitchen,https://www.tiktok.com/@ninascozykitchen/video/7530765759924997390?q=wayfair%20dresser&t=1757535854868
7530346629522574623,maddyferraro,https://www.tiktok.com/@maddyferraro/video/7530346629522574623?q=wayfair%20dresser&t=1757535854868
7527487254579694878,knowingkrescent,https://www.tiktok.com/@knowingkrescent/video/7527487254579694878
7492936086256143646,heatherluu,https://www.tiktok.com/@heatherluu/video/7492936086256143646?q=wayfair%20dresser&t=1757535854868
7548869309074853151,jasinyavanputten,https://www.tiktok.com/@jasinyavanputten/video/7548869309074853151
7548496105789459713,maura_whitman,https://www.tiktok.com/@maura_whitman/video/7548496105789459713
7548850756594502925,notmayasharpe,https://www.tiktok.com/@notmayasharpe/video/7548850756594502925
7548517091784150286,val.abama,https://www.tiktok.com/@val.abama/video/7548517091784150286?lang=en
7547914493754428702,maranashara,https://www.tiktok.com/@maranashara/video/7547914493754428702?lang=en
7299137357729631534,taylor.dannise,https://www.tiktok.com/@taylor.dannise/video/7299137357729631534?q=wayfair%20christmas%20tree&t=1729796204151
7540408834993573134,avafrancis101,https://www.tiktok.com/@avafrancis101/video/7540408834993573134?cid=NzU0MDQ4MDAyNzYxNjgzODQxNA
7550323902229138702,sheelaziari,https://www.tiktok.com/@sheelaziari/video/7550323902229138702?lang=en
7057649809687219502,kelseyjld,https://www.tiktok.com/@kelseyjld/video/7057649809687219502?q=wayfair%20bookshelf&t=1757950514507
7413856303501643039,maryamhomedecor,https://www.tiktok.com/@maryamhomedecor/video/7413856303501643039?q=wayfair%20cookware&t=1758033745887
7053700616744455471,joshuas_space,https://www.tiktok.com/@joshuas_space/video/7053700616744455471?q=wayfair%20bookcase&t=1758028502782
7555881095858900254,the_real_lin_shady,https://www.tiktok.com/@the_real_lin_shady/video/7555881095858900254
7546968419883617566,thenuttybrunettehome,https://www.tiktok.com/@thenuttybrunettehome/video/7546968419883617566?lang=en
7551237818761219342,cecilybauchmann,https://www.tiktok.com/@cecilybauchmann/video/7551237818761219342
7551819544885513503,carrieithome,https://www.tiktok.com/@carrieithome/video/7551819544885513503
7551261185740442910,books.with.demi,https://www.tiktok.com/@books.with.demi/video/7551261185740442910?lang=en
7552161612560436510,adoseofnicki,https://www.tiktok.com/@adoseofnicki/video/7552161612560436510?lang=en
7551213837689670925,edwardjrgreen,https://www.tiktok.com/@edwardjrgreen/video/7551213837689670925?lang=en
7555905666964049166,benito.gthefrenchie,https://www.tiktok.com/@benito.gthefrenchie/video/7555905666964049166
7551264900824173854,libby.loving,https://www.tiktok.com/@libby.loving/video/7551264900824173854?lang=en
7552608825593941262,coastalcaitlin,https://www.tiktok.com/@coastalcaitlin/video/7552608825593941262?lang=en
7276596109122784558,illuminaaari,https://www.tiktok.com/@illuminaaari/video/7276596109122784558
7460888043306814766,myneutralliving,https://www.tiktok.com/@myneutralliving/video/7460888043306814766
7553758585021320478,goddessbrownbabe,https://www.tiktok.com/@goddessbrownbabe/video/7553758585021320478
7553737143776972046,bytaylareese,https://www.tiktok.com/@bytaylareese/video/7553737143776972046
7539213185916669197,chelseabednardesign,https://www.tiktok.com/@chelseabednardesign/video/7539213185916669197
7554042202217860382,living_with_dem,https://www.tiktok.com/@living_with_dem/video/7554042202217860382?lang=en
7528963617333447967,triedandtruemom,https://www.tiktok.com/@triedandtruemom/video/7528963617333447967
7553431306319711502,keepingupwithverona,https://www.tiktok.com/@keepingupwithverona/video/7553431306319711502?region=us_ttp
7537395114717531423,sianichanel,https://www.tiktok.com/@sianichanel/video/7537395114717531423?region=us_ttp
7501010520703651102,sianichanel,https://www.tiktok.com/@sianichanel/video/7501010520703651102?region=us_ttp
7552731245982010655,lins.lab,https://www.tiktok.com/@lins.lab/video/7552731245982010655?region=us_ttp
7548925280715296055,keepingupwithverona,https://www.tiktok.com/@keepingupwithverona/video/7548925280715296055?region=us_ttp
7553702672625421581,bytaylareese,https://www.tiktok.com/@bytaylareese/video/7553702672625421581
7554876549518904607,clarityhome,https://www.tiktok.com/@clarityhome/video/7554876549518904607
7555145939334335799,tuxedofarmhouse,https://www.tiktok.com/@tuxedofarmhouse/video/7555145939334335799
7554028719371865375,kellitesta,https://www.tiktok.com/@kellitesta/video/7554028719371865375
7500431467034496286,maria..pelayo,https://www.tiktok.com/@maria..pelayo/video/7500431467034496286?region=us_ttp
7530663324111899935,snoeaschman,https://www.tiktok.com/@snoeaschman/video/7530663324111899935?region=us_ttp
7444226299255606574,sierrahe_,https://www.tiktok.com/@sierrahe_/video/7444226299255606574?lang=en
7553047064049962248,lamaisonencampagne,https://www.tiktok.com/@lamaisonencampagne/video/7553047064049962248?lang=en
7531147769877122334,author.lindseyhart,https://www.tiktok.com/@author.lindseyhart/video/7531147769877122334
7555998560433556766,kristengaraffo,https://www.tiktok.com/@kristengaraffo/video/7555998560433556766
7549631944821198111,kelseykooima,https://www.tiktok.com/@kelseykooima/video/7549631944821198111
7555152841648737591,j_hop_5,https://www.tiktok.com/@j_hop_5/video/7555152841648737591
7554530956896455950,hotmesshelen,https://www.tiktok.com/@hotmesshelen/video/7554530956896455950
7555658772992019742,kinsbolton,https://www.tiktok.com/@kinsbolton/video/7555658772992019742?lang=en
7556299297650658590,courtneytaylorhome,https://www.tiktok.com/@courtneytaylorhome/video/7556299297650658590
7556409460252478775,harlemmmwright,https://www.tiktok.com/@harlemmmwright/video/7556409460252478775
7556423534382206221,hollybslp1,https://www.tiktok.com/@hollybslp1/video/7556423534382206221
7556669358903282957,keysbykiana,https://www.tiktok.com/@keysbykiana/video/7556669358903282957
7556389803458055438,leslie.elizabethc,https://www.tiktok.com/@leslie.elizabethc/video/7556389803458055438?lang=en
7558246595293154591,candijessie,https://www.tiktok.com/@candijessie/video/7558246595293154591
7558545971429346590,blanche.lifestyle,https://www.tiktok.com/@blanche.lifestyle/video/7558545971429346590?lang=en
7558537919108041998,_.kelseey,https://www.tiktok.com/@_.kelseey/video/7558537919108041998?lang=en
7501018546403642655,author.lindseyhart,https://www.tiktok.com/@author.lindseyhart/video/7501018546403642655
7466222657701154078,author.lindseyhart,https://www.tiktok.com/@author.lindseyhart/video/7466222657701154078
7557508254801218847,3m.i.ly_c,https://www.tiktok.com/@3m.i.ly_c/video/7557508254801218847?lang=en
7556499963073678606,goldendabo,https://www.tiktok.com/@goldendabo/video/7556499963073678606?lang=en
7558898320584838455,laura_bruj,https://www.tiktok.com/@laura_bruj/video/7558898320584838455?lang=en
7551838744698015006,yourdesignerbff.com,https://www.tiktok.com/@yourdesignerbff.com/video/7551838744698015006?lang=en
7550697458486054199,itsjoycecreates,https://www.tiktok.com/@itsjoycecreates/video/7550697458486054199?lang=en
7558650936239934733,creatingyourcasa,https://www.tiktok.com/@creatingyourcasa/video/7558650936239934733
7558627131446545694,virtu_interiors,https://www.tiktok.com/@virtu_interiors/video/7558627131446545694
7558624226580761869,miaavoo,https://www.tiktok.com/@miaavoo/video/7558624226580761869
7488986013986147630,lenaj22,https://www.tiktok.com/@lenaj22/video/7488986013986147630?region=us_ttp
7556054630858345759,theebonymartin,https://www.tiktok.com/@theebonymartin/video/7556054630858345759?region=us_ttp
7545638127528889631,theebonymartin,https://www.tiktok.com/@theebonymartin/video/7545638127528889631?region=us_ttp
7560503634081893687,berryfae19,https://www.tiktok.com/@berryfae19/video/7560503634081893687
7560375525072489742,poison_irey__,https://www.tiktok.com/@poison_irey__/video/7560375525072489742?lang=en
7559315791074692383,allipaige19,https://www.tiktok.com/@allipaige19/video/7559315791074692383?lang=en
7560415108619341087,cookingwithpatlee,https://www.tiktok.com/@cookingwithpatlee/video/7560415108619341087?region=us_ttp
7521841173590265119,korbf,https://www.tiktok.com/@korbf/video/7521841173590265119?region=us_ttp
7517278540774247698,_kmwbeauty,https://www.tiktok.com/@_kmwbeauty/video/7517278540774247698?region=us_ttp
7525858162126228767,jalyssa_doubleu,https://www.tiktok.com/@jalyssa_doubleu/video/7525858162126228767?region=us_ttp
7523781588769869086,jalyssa_doubleu,https://www.tiktok.com/@jalyssa_doubleu/video/7523781588769869086?region=us_ttp
7563726430996057358,hasbrouckhome,https://www.tiktok.com/@hasbrouckhome/video/7563726430996057358
7564181288945552653,kaelynpage,https://www.tiktok.com/@kaelynpage/video/7564181288945552653
7564165939789450510,alexandriaaarlene,https://www.tiktok.com/@alexandriaaarlene/video/7564165939789450510
7543651287812803895,nikimnash,https://www.tiktok.com/@nikimnash/video/7543651287812803895?region=us_ttp
7559719521452412174,platinumhome.interiors,https://www.tiktok.com/@platinumhome.interiors/video/7559719521452412174?lang=en
7565905167984413982,adoseofnicki,https://www.tiktok.com/@adoseofnicki/video/7565905167984413982?lang=en
7559336476463435039,ndethomasi,https://www.tiktok.com/@ndethomasi/video/7559336476463435039?lang=en
7562558461200944398,rinchristina,https://www.tiktok.com/@rinchristina/video/7562558461200944398?lang=en
7566122728948862239,homebyxi,https://www.tiktok.com/@homebyxi/video/7566122728948862239?lang=en
7561261914479807775,acthatsme19,https://www.tiktok.com/@acthatsme19/video/7561261914479807775?lang=en
7566329398949891358,tinatealhome,https://www.tiktok.com/@tinatealhome/video/7566329398949891358?lang=en
7561894253132008734,kristina.roy_,https://www.tiktok.com/@kristina.roy_/video/7561894253132008734?lang=en
7566369769662860575,nataliastewart_,https://www.tiktok.com/@nataliastewart_/video/7566369769662860575
7566424364321639711,knowingkrescent,https://www.tiktok.com/@knowingkrescent/video/7566424364321639711
7565968887032958221,kshawnee,https://www.tiktok.com/@kshawnee/video/7565968887032958221
7563422333063531789,mellissawith2ls,https://www.tiktok.com/@mellissawith2ls/video/7563422333063531789
7560496283211943223,takemeoutsidee,https://www.tiktok.com/@takemeoutsidee/video/7560496283211943223?lang=en
7567413225763917087,ashleyarcement,https://www.tiktok.com/@ashleyarcement/video/7567413225763917087?region=us_ttp
7568928368930966797,reneelakewood,https://www.tiktok.com/@reneelakewood/video/7568928368930966797?lang=en
7568926054589451551,flowersbysunshine,https://www.tiktok.com/@flowersbysunshine/video/7568926054589451551?lang=en
7566356502865382686,audra_brown,https://www.tiktok.com/@audra_brown/video/7566356502865382686?lang=en
7569297719882255630,fromcitytosuburbs,https://www.tiktok.com/@fromcitytosuburbs/video/7569297719882255630?lang=en
7569280178237590815,carrieithome,https://www.tiktok.com/@carrieithome/video/7569280178237590815?lang=en
7565642045637790989,leighastepp,https://www.tiktok.com/@leighastepp/video/7565642045637790989?lang=en
7540743838600531231,iamtati.b,https://www.tiktok.com/@iamtati.b/video/7540743838600531231?lang=en
7568529430423932173,ambaggett,https://www.tiktok.com/@ambaggett/video/7568529430423932173?lang=en
7567582928234876191,tahjaem,https://www.tiktok.com/@tahjaem/video/7567582928234876191?lang=en
7569718742209400077,criistalsalinas,https://www.tiktok.com/@criistalsalinas/video/7569718742209400077
7570910442386623775,homebyxi,https://www.tiktok.com/@homebyxi/video/7570910442386623775?lang=en
7571108556099882270,callmehomey_,https://www.tiktok.com/@callmehomey_/video/7571108556099882270?lang=en
7570388104582810911,carrieithome,https://www.tiktok.com/@carrieithome/video/7570388104582810911?lang=en
7568910662441635103,jasmineashantae,https://www.tiktok.com/@jasmineashantae/video/7568910662441635103?lang=en
7571145651401116983,alexandriaaarlene,https://www.tiktok.com/@alexandriaaarlene/video/7571145651401116983?lang=en
7565990901898644744,stylewithgigi,https://www.tiktok.com/@stylewithgigi/video/7565990901898644744?lang=en
7571838493391899917,mambo_ntseh,https://www.tiktok.com/@mambo_ntseh/video/7571838493391899917?lang=en
7572193504915492126,duves_creative,https://www.tiktok.com/@duves_creative/video/7572193504915492126?lang=en
7572289990261099807,mer__diana,https://www.tiktok.com/@mer__diana/video/7572289990261099807?lang=en
7552272589482118430,luvmno,https://www.tiktok.com/@luvmno/video/7552272589482118430
7573332450961607967,carrieithome,https://www.tiktok.com/@carrieithome/video/7573332450961607967
7573568504461266190,thehydrangeaohome,https://www.tiktok.com/@thehydrangeahome/video/7573568504461266190?lang=en
7573509575438126367,a_fitqueen,https://www.tiktok.com/@a_fitqueen/video/7573509575438126367?lang=en
7571155903446060343,sheelaziari,https://www.tiktok.com/@sheelaziari/video/7571155903446060343?lang=en
7571230214445976887,rinchristina,https://www.tiktok.com/@rinchristina/video/7571230214445976887?lang=en
7573677128231832887,coryellhome,https://www.tiktok.com/@coryellhome/video/7573677128231832887?lang=en
7572340909426167054,r3igun,https://www.tiktok.com/@r3igun/video/7572340909426167054
7574241829277748510,tannesias,https://www.tiktok.com/@tannesias/video/7574241829277748510?lang=en
7543438871829302558,spifforganizing,https://www.tiktok.com/@spifforganizing/video/7543438871829302558
7574790972400209183,duves_creative,https://www.tiktok.com/@duves_creative/video/7574790972400209183
7574215376423226655,mrsmillerteaches4th,https://www.tiktok.com/@mrsmillerteaches4th/video/7574215376423226655
7574899316263816461,marissajoyyy,https://www.tiktok.com/@marissajoyyy/video/7574899316263816461
7574575769331027213,babygonzilla,https://www.tiktok.com/@babygonzilla/video/7574575769331027213?lang=en
7573327785653996813,tuxedofarmhouse,https://www.tiktok.com/@tuxedofarmhouse/video/7573327785653996813
7572726195159125260,makayla.merry,https://www.tiktok.com/@makayla.merry/video/7572726195159125260?region=us_ttp
7573022538150792462,yanau_ugc,https://www.tiktok.com/@yanau_ugc/video/7573022538150792462?region=us_ttp
7532599556643573023,citycactuscountry,https://www.tiktok.com/@citycactuscountry/video/7532599556643573023?region=us_ttp
7576366224536390967,sheelaziari,https://www.tiktok.com/@sheelaziari/video/7576366224536390967?lang=en
7576265915428293919,allthingsdouglasville,https://www.tiktok.com/@allthingsdouglasville/video/7576265915428293919?lang=en
7481302571232038190,yeribearrr,https://www.tiktok.com/@yeribearrr/video/7481302571232038190?lang=en
7463264529825451310,alexa.elizabeth.style,https://www.tiktok.com/@alexa.elizabeth.style/video/7463264529825451310?lang=en
7577292481209978142,3m.i.ly_c,https://www.tiktok.com/@3m.i.ly_c/video/7577292481209978142?lang=en
7528913542423006477,stephwilkyy,https://www.tiktok.com/@stephwilkyy/video/7528913542423006477?lang=en
7519905535055990047,nicolemarieaesthetics,https://www.tiktok.com/@nicolemarieaesthetics/video/7519905535055990047?lang=en
7578960949592231181,cammdev,https://www.tiktok.com/@cammdev/video/7578960949592231181
7578944333202591031,kaymcre,https://www.tiktok.com/@kaymcre/video/7578944333202591031
7578966395363364109,chantelle.ballestero,https://www.tiktok.com/@chantelle.ballesteros/video/7578966395363364109
7578590670500154679,hamiltonhaven5,https://www.tiktok.com/@hamiltonhaven5/video/7578590670500154679
7576759626083929375,manegratia,https://www.tiktok.com/@manegratia/video/7576759626083929375
7578997216564497678,allaboutmicha,https://www.tiktok.com/@allaboutmicha/video/7578997216564497678
7577415564243537183,livingwithneen,https://www.tiktok.com/@livingwithneen/video/7577415564243537183
7579048661934492941,shayewaterman,https://www.tiktok.com/@shayewaterman/video/7579048661934492941?lang=en
7579338892269210910,lildebbiefan,https://www.tiktok.com/@lildebbiefan/video/7579338892269210910?lang=en
7577863278097911053,ashleyaangg,https://www.tiktok.com/@ashleyaangg/video/7577863278097911053?lang=en
7577756163811396895,housederene,https://www.tiktok.com/@housederene/video/7577756163811396895?lang=en
7577585885110078750,karismaangelle,https://www.tiktok.com/@karismaangelle/video/7577585885110078750?lang=en
7577533596110523703,notmayasharpe,https://www.tiktok.com/@notmayasharpe/video/7577533596110523703?lang=en
7577498892095327501,dreamnychome,https://www.tiktok.com/@dreamnychome/video/7577498892095327501?lang=en
7578566863488060686,tuxedofarmhouse,https://www.tiktok.com/@tuxedofarmhouse/video/7578566863488060686?region=us_ttp
7575925149401140493,tuxedofarmhouse,https://www.tiktok.com/@tuxedofarmhouse/video/7575925149401140493?region=us_ttp
7579630702765886751,_thelittletownhome,https://www.tiktok.com/@_thelittletownhome_/video/7579630702765886751?lang=en
7579628378811075854,hope.decarlo,https://www.tiktok.com/@hope.decarlo/video/7579628378811075854?lang=en
7579435246639271182,medinacolaku,https://www.tiktok.com/@medinacolaku/video/7579435246639271182?lang=en
7579458567212682510,melinatesi,https://www.tiktok.com/@melinatesi/video/7579458567212682510?lang=en
7579406571063610654,megleonardco,https://www.tiktok.com/@megleonardco/video/7579406571063610654?lang=en
7579742040175430967,katie.kurb,https://www.tiktok.com/@katie.kurb/video/7579742040175430967?lang=en
7580004468989725966,annas_dec or8,https://www.tiktok.com/@annas_decor8/video/7580004468989725966?lang=en
7579877906738990367,barbieblanco,https://www.tiktok.com/@barbieblancoo/video/7579877906738990367?lang=en
7579867140862315807,3m.i.ly_c,https://www.tiktok.com/@3m.i.ly_c/video/7579867140862315807?lang=en
7579382104417422622,athomewithash,https://www.tiktok.com/@athomewithash/video/7579382104417422622
7579826622283500831,larissa_malk,https://www.tiktok.com/@larissa_malk/video/7579826622283500831
7578658289777446157,catherinejgroves,https://www.tiktok.com/@catherinejgroves/video/7578658289777446157
7579424382376758541,jessq18,https://www.tiktok.com/@jessq18/video/7579424382376758541
7579390001012559135,flowersbysunshine,https://www.tiktok.com/@flowersbysunshine/video/7579390001012559135
7575256811738008887,thezoeconley,https://www.tiktok.com/@thezoeconley/video/7575256811738008887?lang=en
7574988768633982263,withlovekenz,https://www.tiktok.com/@withlovekenz/video/7574988768633982263?lang=en
7580209669411441934,caycirnai,https://www.tiktok.com/@caycirnai/video/7580209669411441934?lang=en
7580171148785126687,.callmekay,https://www.tiktok.com/@.callmekay/video/7580171148785126687?lang=en&q=.callmekay&t=1765207508847
7580139765761117453,jadebosss,https://www.tiktok.com/@jadebosss/video/7580139765761117453?lang=en
7577116342503886135,baily_langston,https://www.tiktok.com/@bailey_langston/video/7577116342503886135?lang=en
7576000230412258574,allabout_dash,https://www.tiktok.com/@allabout_dash/video/7576000230412258574
7578701898623077687,styledbymckenz,https://www.tiktok.com/@styledbymckenz/video/7578701898623077687?lang=en
7581595330689371422,tannesias,https://www.tiktok.com/@tannesias/video/7581595330689371422
7581898946511932685,sunflowersofiax,https://www.tiktok.com/@sunflowersofiax/video/7581898946511932685
7580156109302910221,nicolekess,https://www.tiktok.com/@nicolekess/video/7580156109302910221
7582029615498071326,alixandrabritt,https://www.tiktok.com/@alixandrabritt/video/7582029615498071326
7573798185613757710,val.abama,https://www.tiktok.com/@val.abama/video/7573798185613757710?lang=en
7574159722102803726,only1jasmyne,https://www.tiktok.com/@only1jasmyne/video/7574159722102803726?lang=en
7581189347504950559,jennifer.spearman,https://www.tiktok.com/@jennifer.spearman/video/7581189347504950559?lang=en
7582624311429598519,lafevreliving,https://www.tiktok.com/@lafevreliving/video/7582624311429598519
7581975028908952846,looksbymaitri,https://www.tiktok.com/@looksbymaitri/video/7581975028908952846
7579830904684678430,livingwithneen,https://www.tiktok.com/@livingwithneen/video/7579830904684678430?lang=en
7584082623023058190,dzaninatahirovic_,https://www.tiktok.com/@dzaninatahirovic_/video/7584082623023058190?lang=en
7583889060700146957,shayewaterman,https://www.tiktok.com/@shayewaterman/video/7583889060700146957?lang=en
7584571514305940749,lachiccouture,https://www.tiktok.com/@lachiccouture/video/7584571514305940749
7584720823420718391,movingwmo_,https://www.tiktok.com/@movingwmo_/video/7584720823420718391
7584651119737965838,jaylaferrell,https://www.tiktok.com/@jaylaferrell/video/7584651119737965838
7584603217019882765,malloryb___,https://www.tiktok.com/@malloryb___/video/7584603217019882765
7584576778371337503,kareneladji,https://www.tiktok.com/@kareneladji/video/7584576778371337503?lang=en
7582381957930061069,smoothepiphany,https://www.tiktok.com/@smoothepiphany/video/7582381957930061069?lang=en
7584639615999429919,themindofjulius,https://www.tiktok.com/@themindofjulius/video/7584639615999429919?lang=en
7584590034666360095,tamaramariexoxo,https://www.tiktok.com/@tamaramariexoxo/video/7584590034666360095?lang=en
7588202831446904078,laurenroll,https://www.tiktok.com/@laurenroll/video/7588202831446904078?lang=en
7591934698062990647,kshawnee,https://www.tiktok.com/@kshawnee/video/7591934698062990647?lang=en
7591939354910526734,youhaveadriiixo,https://www.tiktok.com/@youhaveadriiixo/video/7591939354910526734?lang=en
7591925768196787470,britttsheri,https://www.tiktok.com/@britttsheri/video/7591925768196787470?lang=en
7591757054621109517,tionitamsing,https://www.tiktok.com/@tionitamsing/video/7591757054621109517
7592163464114638110,londonvegas,https://www.tiktok.com/@londonvegas/video/7592163464114638110?lang=en
7592258512957213982,keely_dawn,https://www.tiktok.com/@keely_dawn/video/7592258512957213982
7590938738834853175,aliviamcullins,https://www.tiktok.com/@aliviamcmullins/video/7590938738834853175?lang=en
7591668703457004830,jalyssa_doubleu,https://www.tiktok.com/@jalyssa_doubleu/video/7591668703457004830?lang=en
7586044773312531725,melissajwellness,https://www.tiktok.com/@melissajwellness/video/7586044773312531725?lang=en
7590577784645258510,broker.mariah,https://www.tiktok.com/@broker.mariah/video/7590577784645258510?lang=en
7588708827898465549,mymotherhoodme,https://www.tiktok.com/@mymotherhoodmethod/video/7588708827898465549?lang=en
7592614056654130463,lifewith____liv,https://www.tiktok.com/@lifewith____liv/video/7592614056654130463?lang=en
7592525635663269150,amyna900,https://www.tiktok.com/@amyna900/video/7592525635663269150?lang=en
7592474150829149470,dailywithsamantha,https://www.tiktok.com/@dailywithsamantha/video/7592474150829149470?lang=en
7592398819187330334,jalyssa_doubleu,https://www.tiktok.com/@jalyssa_doubleu/video/7592398819187330334
7592644182997503262,inspirationbycp7,https://www.tiktok.com/@inspirationbycp7/video/7592644182997503262
7592330257512893751,candieanderson3,https://www.tiktok.com/@candieanderson3/video/7592330257512893751
7591153114481249567,carrieithome,https://www.tiktok.com/@carrieithome/video/7591153114481249567
7591977774668156173,sophiamrobles,https://www.tiktok.com/@sophiamrobles/video/7591977774668156173
7592683593198095647,simplyilma_,https://www.tiktok.com/@simplyilma_/video/7592683593198095647
7591240084167445773,devinawyatt,https://www.tiktok.com/@devinawyatt/video/7591240084167445773
7592690766623935758,stephanierose947,https://www.tiktok.com/@stephanierose947/video/7592690766623935758
7592031126106000670,hannahsevans,https://www.tiktok.com/@hannahsevans/video/7592031126106000670
7588356355543600439,aminahtiyee,https://www.tiktok.com/@aminahtiyee/video/7588356355543600439
7528535825777249567,themarmendoza,https://www.tiktok.com/@themarmendoza/video/7528535825777249567
7592727899300482335,livingwithneen,https://www.tiktok.com/@livingwithneen/video/7592727899300482335
7591289867561159950,sincerelysarahhome,https://www.tiktok.com/@sincerelysarahhome/video/7591289867561159950
7592030043384155422,julianriordan,https://www.tiktok.com/@julianariordan/video/7592030043384155422?lang=en
7592851167508499743,gaaabrielles,https://www.tiktok.com/@gaaabrielles/video/7592851167508499743?lang=en
7592323505882959134,sarahbuehlerdesigns,https://www.tiktok.com/@sarahbuehlerdesigns/video/7592323505882959134?lang=en
7588992117779828023,tkcollins,https://www.tiktok.com/@tkcollins/video/7588992117779828023?lang=en
7589653331493063949,linzkwalsh,https://www.tiktok.com/@linzkwalsh/video/7589653331493063949?lang=en
7435792896709676330,ittybittysamm_,https://www.tiktok.com/@ittybittysamm_/video/7435792896709676330?lang=en
7593442193075997983,flowersbysunshine,https://www.tiktok.com/@flowersbysunshine/video/7593442193075997983?lang=en
7593809613456215310,mc.wakefield,https://www.tiktok.com/@mc.wakefield/video/7593809613456215310?lang=en
7594513584172829965,farmhouse40_,https://www.tiktok.com/@farmhouse40_/video/7594513584172829965?lang=en
7594120939734945079,caro.finnegan,https://www.tiktok.com/@carolinafinnegan/video/7594120939734945079?lang=en
7594246160575974686,torrie___,https://www.tiktok.com/@torrie____/video/7594246160575974686?lang=en
7594849488431287565,farmhouse40_,https://www.tiktok.com/@farmhouse40_/video/7594849488431287565?lang=en
7594235137227803959,lachiccouture,https://www.tiktok.com/@lachiccouture/video/7594235137227803959
7594230644201245965,lachiccouture,https://www.tiktok.com/@lachiccouture/video/7594230644201245965
7594220994743635213,lachiccouture,https://www.tiktok.com/@lachiccouture/video/7594220994743635213
7594659399893863693,iamdcruz,https://www.tiktok.com/@iamdcruz/video/7594659399893863693
7591339290118966558,flowersbysunshine,https://www.tiktok.com/@flowersbysunshine/video/7591339290118966558?lang=en
7591330017578077470,flowersbysunshine,https://www.tiktok.com/@flowersbysunshine/video/7591330017578077470?lang=en
7592311227381058871,curatedbyreina_,https://www.tiktok.com/@curatedbyreina_/video/7592311227381058871?lang=en
7594639977028308254,callemhomey_,https://www.tiktok.com/@callmehomey_/video/7594639977028308254
7594867006881500471,itsmoodylove,https://www.tiktok.com/@itsmoodylove/video/7594867006881500471
7594531657894366495,primgal92,https://www.tiktok.com/@primgal92/video/7594531657894366495
7593524837876845838,taylornelsonn,https://www.tiktok.com/@taylorlnelsonn/video/7593524837876845838
7593180899575909662,callmehomey_,https://www.tiktok.com/@callmehomey_/video/7593180899575909662
7594891432586988814,rych_blck_girl,https://www.tiktok.com/@rych_blck_girl/video/7594891432586988814
7594912431978056991,mzsesesworld,https://www.tiktok.com/@mzsesesworld/video/7594912431978056991
7594939583071063326,mbubs96,https://www.tiktok.com/@mbubs96/video/7594939583071063326
7594935534963772686,allison.bounds,https://www.tiktok.com/@allison.bounds/video/7594935534963772686
7594935364750445854,abaforewa,https://www.tiktok.com/@abaforewa/video/7594935364750445854
7595225614416743710,homewithshanna,https://www.tiktok.com/@homewithshanna/video/7595225614416743710
7595183620071968014,lizdoesugc,https://www.tiktok.com/@lizdoesugc/video/7595183620071968014
7594282566304156983,rych_blck_girl,https://www.tiktok.com/@rych_blck_girl/video/7594282566304156983?lang=en
7593081769415429406,corinneboofinds,https://www.tiktok.com/@corinneboofinds/video/7593081769415429406?lang=en
7595314318019726623,chilldesignsbyjess,https://www.tiktok.com/@chilldesignsbyjess/video/7595314318019726623?lang=en
7595328660152913183,enerlivin,https://www.tiktok.com/@enerlivin/video/7595328660152913183?lang=en
7595584722370088223,athomewithash,https://www.tiktok.com/@athomewithash/video/7595584722370088223?lang=en
7592763284323847454,carleydurant,https://www.tiktok.com/@carleydurant/video/7592763284323847454?lang=en
7595668178047438093,dzaninatahirovic_,https://www.tiktok.com/@dzaninatahirovic_/video/7595668178047438093?lang=en
7595683607432236318,micaleamorgan,https://www.tiktok.com/@micaleamorgan/video/7595683607432236318?lang=en
7595677535992597790,whimsymimi,https://www.tiktok.com/@whimsymimi/video/7595677535992597790?lang=en
7597424908846615839,cysstyles,https://www.tiktok.com/@cysstyles/video/7597424908846615839?lang=en
7597407898490178871,youhaveadriixo,https://www.tiktok.com/@youhaveadriiixo/video/7597407898490178871?lang=en
7597249665511345463,rych_blck_girl,https://www.tiktok.com/@rych_blck_girl/video/7597249665511345463?lang=en
7597117982929587469,sydneyreede,https://www.tiktok.com/@sydneyreede/video/7597117982929587469?lang=en
7597452635301514526,lorddgreat,https://www.tiktok.com/@lorddgreat/video/7597452635301514526?lang=en
7596902332969880846,muakalie,https://www.tiktok.com/@muakalie/video/7596902332969880846?lang=en
7594955677722889493,juliagvi,https://www.tiktok.com/@juliagvi/video/7594955677722889493?lang=en
7597474445900401934,styledbybeck21,https://www.tiktok.com/@styledbybeck21/video/7597474445900401934
7597249274551799053,sayyestothismess,https://www.tiktok.com/@sayestothismess/video/7597249274551799053
7597816585075674388,ugcwithkaytelynn,https://www.tiktok.com/@ugcwithkaytelynn/video/7597816585075674388
7597809927473630477,newenglanddesignmama,https://www.tiktok.com/@newenglanddesignmama/video/7597809927473630477
7597667562431859998,xsephorastar,https://www.tiktok.com/@xsephorastar/video/7597667562431859998
7597653984551226655,eme_harper,https://www.tiktok.com/@eme_harper/video/7597653984551226655
7597911044270394637,curatedbynezi,https://www.tiktok.com/@curatedbynezi/video/7597911044270394637
7598087696455617847,_itstiffanyyyyy,https://www.tiktok.com/@_itstiffanyyyyy/video/7598087696455617847
7598013062905384205,sunkissedcorners,https://www.tiktok.com/@sunkissedcorners/video/7598013062905384205
7597992503215672590,jazminnicole219,https://www.tiktok.com/@jazminnicole219/video/7597992503215672590
7598211756997004575,allaboutwhitney,https://www.tiktok.com/@allaboutwhitney/video/7598211756997004575
7597916116874235149,houseofkatecreates,https://www.tiktok.com/@houseofkatecreates/video/7597916116874235149
7598025555803491597,ourbarelybeigehome,https://www.tiktok.com/@ourbarelybeigehome/video/7598025555803491597
7598243414798339383,kailajenice,https://www.tiktok.com/@kailajenice/video/7598243414798339383
7597615553313852685,ourcozycolonialct,https://www.tiktok.com/@ourcozycolonialct/video/7597615553313852685
7600167252280790302,doelaur,https://www.tiktok.com/@doelaur/video/7600167252280790302?lang=en
7600462212972547342,mic_morg,https://www.tiktok.com/@mic_morg/video/7600462212972547342?lang=en
7600458154123463966,sheelaziari,https://www.tiktok.com/@sheelaziari/video/7600458154123463966?lang=en
7594596702166813966,tk.jopinilla,https://www.tiktok.com/@tk.jopinilla/video/7594596702166813966
7593104011419536671,shika_ugc,https://www.tiktok.com/@shikha_ugc/video/7593104011419536671
7593163624999308574,ddenisee08,https://www.tiktok.com/@ddenisee08/video/7593163624999308574
7595384774504582414,aneta.baker,https://www.tiktok.com/@aneta.baker/video/7595384774504582414
7596049382764580110,cla__sh,https://www.tiktok.com/@cla__sh/video/7596049382764580110
7593064063362436382,stonetownmom,https://www.tiktok.com/@stonetownmom/video/7593064063362436382
7600505306807831838,kristiemwong,https://www.tiktok.com/@kristiemwong/video/7600505306807831838?lang=en
7595438025870527774,shawnstinsong,https://www.tiktok.com/@shawnstinsong/video/7595438025870527774?lang=en
7600596333128469790,.ourcozymodernlife,https://www.tiktok.com/@.ourcozymodernlife/video/7600596333128469790?lang=en
7600526377208548638,carrieithome,https://www.tiktok.com/@carrieithome/video/7600526377208548638?lang=en
7600779912831683871,reallyrians,https://www.tiktok.com/@reallyrians/video/7600779912831683871?lang=en
7600740517453778189,popwentthewaffle,https://www.tiktok.com/@popwentthewaffle/video/7600740517453778189
7600587515317243167,libby.loving,https://www.tiktok.com/@libby.loving/video/7600587515317243167
7600581996770823437,kelley_mom,https://www.tiktok.com/@kelley_mom/video/7600581996770823437?lang=en
7600880520074939703,candieanderson3,https://www.tiktok.com/@candieanderson3/video/7600880520074939703?lang=en
7598674030400392503,sheelaziari,https://www.tiktok.com/@sheelaziari/video/7598674030400392503?lang=en
7601148152552426782,kmdesigndecor,https://www.tiktok.com/@kmdesigndecor/video/7601148152552426782?lang=en
7602063704707861774,homewithsaja,https://www.tiktok.com/@homewithsaja/video/7602063704707861774
7602024264673348895,jessbeerme,https://www.tiktok.com/@jessbeerme/video/7602024264673348895
7601611804476853559,ashley_homeinteriors,https://www.tiktok.com/@ashley_homeinterior/video/7601611804476853559
7602321861950688543,knowingkrescent,https://www.tiktok.com/@knowingkrescent/video/7602321861950688543
7600926854047960333,hope.decarlo,https://www.tiktok.com/@hope.decarlo/video/7600926854047960333
7600959550136618295,_estacie,https://www.tiktok.com/@_estacie/video/7600959550136618295
7602497435411221773,stephaniemwolfe,https://www.tiktok.com/@stephaniemwolfe/video/7602497435411221773
7602443105148620046,abbey_bowen,https://www.tiktok.com/@abbey_bowen/video/7602443105148620046
7602398483781274893,hamiltonhaven5,https://www.tiktok.com/@hamiltonhaven5/video/7602398483781274893
7602672091325861133,seasons.poemdecor,https://www.tiktok.com/@seasons.poemdecor/video/7602672091325861133
7602671263177379086,athomewithamanda,https://www.tiktok.com/@athomewithamandaa/video/7602671263177379086
7470571180320197918,meggieferrerhome,https://www.tiktok.com/@meggieferrerhome/video/7470571180320197918
7601715744719588622,deandraadunn,https://www.tiktok.com/@deandraadunn/video/7601715744719588622
7603016258988117269,anasthasia.a,https://www.tiktok.com/@anasthasia.a/video/7603016258988117269
7602862455739436318,najaa.xoo,https://www.tiktok.com/@najaa.xoo/video/7602862455739436318
7603058652584398111,romeotherottie,https://www.tiktok.com/@romeotherottiee/video/7603058652584398111
7602804001167412493,bookofjenesys,https://www.tiktok.com/@bookofjenesys/video/7602804001167412493
7601227706512035127,platinumhome.interiors,https://www.tiktok.com/@platinumhome.interiors/video/7601227706512035127
7603127829752040734,faithnicoledj,https://www.tiktok.com/@faithnicoledj/video/7603127829752040734
7603226106149293325,nikhol.francis,https://www.tiktok.com/@nikhol.francis/video/7603226106149293325
7569339397959634207,itsneutralcatt,https://www.tiktok.com/@itsneutralcatt/video/7569339397959634207
7565542988101848350,itsneutralcatt,https://www.tiktok.com/@itsneutralcatt/video/7565542988101848350
7603450148844326158,beautywithraami,https://www.tiktok.com/@raamisavannah/video/7603450148844326158
7604912728309828878,sydneyreede,https://www.tiktok.com/@sydneyreede/video/7604912728309828878?lang=en
7604293478029298975,virtu_interiors,https://www.tiktok.com/@virtu_interiors/video/7604293478029298975?lang=en
7604618507933732127,hyde_home,https://www.tiktok.com/@hyde_home/video/7604618507933732127?lang=en
7604647719528844574,julia_cotten,https://www.tiktok.com/@julia.cotten/video/7604647719528844574?lang=en
7604611209429552415,_rileyliving,https://www.tiktok.com/@_rileyliving/video/7604611209429552415?lang=en
7604607673425759502,jorrelizabeth,https://www.tiktok.com/@jorrelizabeth/video/7604607673425759502?lang=en
7603489180215282975,leanaplans,https://www.tiktok.com/@leanaplans/video/7603489180215282975?lang=en
7603598984493550861,lexikorneman,https://www.tiktok.com/@lexiekornemann/video/7603598984493550861?lang=en
7604971684566715678,shannon.cc,https://www.tiktok.com/@shannonn.cc/video/7604971684566715678?lang=en
7605243216253799710,freckledlaur,https://www.tiktok.com/@freckledlaur/video/7605243216253799710?lang=en
7604835772532788493,keilaademi,https://www.tiktok.com/@keilaademi/video/7604835772532788493?lang=en
7605027454670867743,ayeayeyooo,https://www.tiktok.com/@ayeayeyooo/video/7605027454670867743?lang=en
7605274506122284318,taticamar,https://www.tiktok.com/@taticamar7/video/7605274506122284318?lang=en
7603475181046091038,redothezoo,https://www.tiktok.com/@redothezoo/video/7603475181046091038?lang=en
7605297619442683167,julia.cotten,https://www.tiktok.com/@julia.cotten/video/7605297619442683167?lang=en
7605325040736865550,tatyana.brianna,https://www.tiktok.com/@tatyana.brianna/video/7605325040736865550
7605610783736630542,jamiegraydesigns,https://www.tiktok.com/@jamiegraydesigns/video/7605610783736630542
7604665403167542559,travelbyfelicia,https://www.tiktok.com/@travelbyefelicia/video/7604665403167542559
7605452414509927694,donnettahaynes,https://www.tiktok.com/@donnettahaynes/video/7605452414509927694
7605410295795715359,designsbydavidtorres,https://www.tiktok.com/@designsbydavidtorres/video/7605410295795715359
7605369153318358302,athomewithnadira,https://www.tiktok.com/@athomewithnadira/video/7605369153318358302
7605638461470674207,michaela..flanagan,https://www.tiktok.com/@michaela..flanagan/video/7605638461470674207
7605640323972205854,kyndalelisephoto,https://www.tiktok.com/@kyndalelisephoto/video/7605640323972205854
7603860188797357343,boredmoms,https://www.tiktok.com/@boredmoms/video/7603860188797357343
7605372827805535519,redothezoo,https://www.tiktok.com/@redothezoo/video/7605372827805535519?lang=en
7605718253016452366,ninascozyhome,https://www.tiktok.com/@ninascozyhome/video/7605718253016452366?lang=en
7605967937643564301,curatedbyreina_,https://www.tiktok.com/@curatedbyreina_/video/7605967937643564301
7577197344609930527,cf__designs,https://www.tiktok.com/@cf__designs/video/7577197344609930527
7599719096632069406,elvira__perez,https://www.tiktok.com/@elvira__perez/video/7599719096632069406
7605790090027175181,sheisjasminexxo,https://www.tiktok.com/@sheisjasminexxo/video/7605790090027175181
7605758792244022541,moemadison,https://www.tiktok.com/@moemadison/video/7605758792244022541
7605739895574793503,kelsimack,https://www.tiktok.com/@kelsimack/video/7605739895574793503
7605740635856964878,fromcitytobsuburbs,https://www.tiktok.com/@fromcitytosuburbs/video/7605740635856964878
7605747920326954253,ashley_homeinteriors,https://www.tiktok.com/@ashley_homeinterior/video/7605747920326954253
7606145319952207134,lavinialiving,https://www.tiktok.com/@lavinialiving/video/7606145319952207134
7606114161323429151,oem.home,https://www.tiktok.com/@oem.home/video/7606114161323429151
7606106786596195597,jai..wayyy,https://www.tiktok.com/@jai..wayyy/video/7606106786596195597
7607462516804816141,fromcitytosuburbs,https://www.tiktok.com/@fromcitytosuburbs/video/7607462516804816141?lang=en
7607415809396182302,tinatealhome,https://www.tiktok.com/@tinatealhome/video/7607415809396182302?lang=en
7508770299676986654,thedelpenaslife,https://www.tiktok.com/@thedelapenaslife/video/7508770299676986654?lang=en
7607267516737490190,lillianharkley,https://www.tiktok.com/@lillianharkley/video/7607267516737490190?lang=en
7607265697269353759,libby.loving,https://www.tiktok.com/@libby.loving/video/7607265697269353759?lang=en
7607251645445066015,princess jura,https://www.tiktok.com/@princessjura/video/7607251645445066015?lang=en
7607246095940324639,giovanna_theeverydaymom,https://www.tiktok.com/@giovanna_theeverydaymom/video/7607246095940324639?lang=en
7607202464621710622,bakeklee,https://www.tiktok.com/@bakeklee/video/7607202464621710622?lang=en
7607184052105350414,tarajanesstyle,https://www.tiktok.com/@tarajanestyle/video/7607184052105350414?lang=en
7607172088260054286,akarchive.sf,https://www.tiktok.com/@akarchive.sf/video/7607172088260054286?lang=en
7607465777423305997,courtcoyle,https://www.tiktok.com/@courtycoyle/video/7607465777423305997
7606726165532790046,bredoddsmith,https://www.tiktok.com/@bredoddsmith/video/7606726165532790046
7607539866255019277,hasbrouckhome,https://www.tiktok.com/@hasbrouckhome/video/7607539866255019277?lang=en
7607536001946275102,juliaaaaav_0,https://www.tiktok.com/@juliaaaaav_0/video/7607536001946275102?lang=en
7579867398300257566,najahlashae,https://www.tiktok.com/@najahlashae/video/7579867398300257566?lang=en
7607837501159410974,lemonsandlacellc,https://www.tiktok.com/@lemonsandlacellc/video/7607837501159410974?lang=en
7607302825449622815,signedsafiya,https://www.tiktok.com/@signedsafiya/video/7607302825449622815?lang=en
7603799882960342285,rokiyya,https://www.tiktok.com/@rokiyya/video/7603799882960342285?lang=en
7607591287981706509,carose_hockle,https://www.tiktok.com/@carose_hockle/video/7607591287981706509?lang=en
7607592820274236685,poppys_home,https://www.tiktok.com/@poppys_home/video/7607592820274236685?lang=en
7607900181060734239,malaun_rogers,https://www.tiktok.com/@malaun_rogers/video/7607900181060734239
7607924630178794782,thebargainholic,https://www.tiktok.com/@thebargainholic/video/7607924630178794782?lang=en
7607939774573235486,tamaramariexoxo,https://www.tiktok.com/@tamaramariexoxo/video/7607939774573235486?lang=en
7606518409127316766,emma_hunzinger,https://www.tiktok.com/@emma_hunzinger/video/7606518409127316766?lang=en
7607451489124109598,glorious__momma,https://www.tiktok.com/@glorious__momma/video/7607451489124109598?lang=en
7598328519562677535,___joshuaa___,https://www.tiktok.com/@___joshuaa___/video/7598328519562677535?lang=en
7607991606490238221,whatsinrestore,https://www.tiktok.com/@whatsinrestore/video/7607991606490238221?lang=en
7607990163817483533,heyhannahnoelle,https://www.tiktok.com/@heyhannahnoelle/video/7607990163817483533?lang=en
7607986241107152142,bronxbaee,https://www.tiktok.com/@bronxbaee/video/7607986241107152142?lang=en
7608284789912685837,ashleelauren1989,https://www.tiktok.com/@ashleelauren1989/video/7608284789912685837?lang=en
7600099278375144735,surryplace,https://www.tiktok.com/@surryplace/video/7600099278375144735
7608634635630824735,kynzyrae,https://www.tiktok.com/@knzyrae/video/7608634635630824735?lang=en
7608400941787794718,jonathanbetancourt,https://www.tiktok.com/@jonathanbetancourt/video/7608400941787794718?lang=en
7608584712679984415,kendallstamper,https://www.tiktok.com/@kendallstamper/video/7608584712679984415?lang=en
7608393351506742558,homebyharkins,https://www.tiktok.com/@homebyharkins/video/7608393351506742558?lang=en
7608361566576053534,hannahgbanana,https://www.tiktok.com/@hannagbanana/video/7608361566576053534?lang=en
7610456568223599885,secondswithsarah,https://www.tiktok.com/@secondswithsarah/video/7610456568223599885?lang=en
7610426506967272735,torrie__,https://www.tiktok.com/@torrie____/video/7610426506967272735?lang=en
7609736447335107871,dentxdays,https://www.tiktok.com/@dentxdays/video/7609736447335107871
7609120013647138079,homebyxi,https://www.tiktok.com/@homebyxi/video/7609120013647138079
7610297891898264862,3m.i.ly_c,https://www.tiktok.com/@3m.i.ly_c/video/7610297891898264862
7610270028939693342,kendallmeadebaker,https://www.tiktok.com/@kendallmeadebaker/video/7610270028939693342
7602323782941805837,taketwobymac,https://www.tiktok.com/@taketwobymac/video/7602323782941805837
7610206301154544926,designsbydavidtorres,https://www.tiktok.com/@designsbydavidtorres/video/7610206301154544926
7610244693175176479,libbyloving,https://www.tiktok.com/@libby.loving/video/7610244693175176479
7610475876605562125,alli.maries,https://www.tiktok.com/@alli.maries/video/7610475876605562125
7610079151529217294,coastalcaitlin,https://www.tiktok.com/@coastalcaitlin/video/7610079151529217294
7608769143159966989,katelynshankle,https://www.tiktok.com/@katelynshankle/video/7608769143159966989
7609740484944137486,kkasiaizabella,https://www.tiktok.com/@kkasiaizabella/video/7609740484944137486
7608706322049027341,nicolesmook,https://www.tiktok.com/@nicolesmook/video/7608706322049027341
7610093248564055327,madeleinejuliet_,https://www.tiktok.com/@madeleinejuliet_/video/7610093248564055327
7610083704295214349,sydneyeileenm,https://www.tiktok.com/@sydneyeileenm/video/7610083704295214349
7609772216036658446,lisalindemulder,https://www.tiktok.com/@lisalindemulder8/video/7609772216036658446
7610489102458227982,tablescape.designs,https://www.tiktok.com/@tablescape.designs/video/7610489102458227982
7610529747289820447,brittannydesignspo,https://www.tiktok.com/@brittanydesignspo/video/7610529747289820447
7609026783563861262,thehausofwilliams,https://www.tiktok.com/@thehausofwilliams/video/7609026783563861262
7610798479861894413,aratariathome,https://www.tiktok.com/@aratariathome/video/7610798479861894413?lang=en
7610793191641582862,fromcitytosuburbs,https://www.tiktok.com/@fromcitytosuburbs/video/7610793191641582862
7610780723280137502,chilldesignsbyjess,https://www.tiktok.com/@chilldesignsbyjess/video/7610780723280137502
7610671769095048479,lanteannette,https://www.tiktok.com/@lanteannette/video/7610671769095048479
7610858306847952158,taticamar7,https://www.tiktok.com/@taticamar7/video/7610858306847952158
7610584440271572238,mckennagehrke,https://www.tiktok.com/@mckennagehrke/video/7610584440271572238
7610532503153020173,elijahbanks_,https://www.tiktok.com/@elijahbanks_/video/7610532503153020173?lang=en
7610988937967963406,immonielove,https://www.tiktok.com/@immonielove/video/7610988937967963406?lang=en
7611187798275558687,irene_lovetolive,https://www.tiktok.com/@irene_lovetolive/video/7611187798275558687?lang=en
7611234112854084877,ourcozycraftedhome,https://www.tiktok.com/@ourcozycraftedhome/video/7611234112854084877?lang=en
7611228829033565453,thetidytrendy,https://www.tiktok.com/@thetidytrendy/video/7611228829033565453?lang=en
7611218296406396173,littlebitlately,https://www.tiktok.com/@littlebitlately/video/7611218296406396173?lang=en
7612413452207803678,tamaramariexoxo,https://www.tiktok.com/@tamaramariexoxo/video/7612413452207803678?lang=en
7611608415718231309,myneutralliving,https://www.tiktok.com/@myneutralliving/video/7611608415718231309?lang=en
7611610341390257421,nicolesmook,https://www.tiktok.com/@nicolesmook/video/7611610341390257421?lang=en
7611332926906633485,melinatesi,https://www.tiktok.com/@melinatesi/video/7611332926906633485?lang=en
7612511012159229215,citycactuscounty,https://www.tiktok.com/@citycactuscountry/video/7612511012159229215
7611970425286888734,Jenn_dunning,https://www.tiktok.com/@jenn_dunning/video/7611970425286888734
7612085977485528333,chloecbowen,https://www.tiktok.com/@chloecbowen/video/7612085977485528333
7612286579792416013,outfitsbyashley,https://www.tiktok.com/@outfitsbyashley/video/7612286579792416013?lang=en
7612943681233915150,stephaniemwolfe,https://www.tiktok.com/@stephaniemwolfe/video/7612943681233915150?lang=en
7612822100235062542,kaliyahkayyy,https://www.tiktok.com/@kaliyahkayyy/video/7612822100235062542
7612819232358714655,mashiamajor,https://www.tiktok.com/@mashiamajor/video/7612819232358714655
7612817533330115854,akdress91,https://www.tiktok.com/@akdress91/video/7612817533330115854
7612718931400346894,_britneyjean07,https://www.tiktok.com/@_britneyjean07/video/7612718931400346894
7612860634652314893,nicolesmook,https://www.tiktok.com/@nicolesmook/video/7612860634652314893
7613389936741420318,farmhouse40_,https://www.tiktok.com/@farmhouse40_/video/7613389936741420318
7613276236193828126,taticamar7,https://www.tiktok.com/@taticamar7/video/7613276236193828126
7613226555795328286,casacallaway,https://www.tiktok.com/@casacallaway/video/7613226555795328286
7417523562530999594,mattdavis_7,https://www.tiktok.com/@mattdavis_7/video/7417523562530999594
7613158662961401118,sammmficchi,https://www.tiktok.com/@sammficchi/video/7613158662961401118
7613154491310804254,irelanddvbetta,https://www.tiktok.com/@irelandvbetta/video/7613154491310804254
7613476197242129695,itsneutralcatt,https://www.tiktok.com/@itsneutralcatt/video/7613476197242129695
7613475930010340639,ourcozycraftedhome,https://www.tiktok.com/@ourcozycraftedhome/video/7613475930010340639
7613468324244032799,jenn_dunning,https://www.tiktok.com/@jenn_dunning/video/7613468324244032799
7613579188204834079,carrieithome,https://www.tiktok.com/@carrieithome/video/7613579188204834079?lang=en
7613759563791191309,layeredbymonay,https://www.tiktok.com/@layeredbymonay/video/7613759563791191309?lang=en
7613640287738498335,shanellwitdaskates,https://www.tiktok.com/@shanellwitdaskates/video/7613640287738498335
7613592326669110559,jalyssa_doubleu,https://www.tiktok.com/@jalyssa_doubleu/video/7613592326669110559
7613584288096767263,kiasia.janelle,https://www.tiktok.com/@kiasia.janell/video/7613584288096767263
7613578953722334495,erinelizrundle,https://www.tiktok.com/@erinelizrundle/video/7613578953722334495
7613517936728362270,brianneamartin,https://www.tiktok.com/@brianneamartin/video/7613517936728362270
7613887089003744525,myneutralliving,https://www.tiktok.com/@myneutralliving/video/7613887089003744525?lang=en
7612429826229554446,skylaraelexaa,https://www.tiktok.com/@skylaralexaa/video/7612429826229554446?lang=en
7613957938444569886,homebyharkins,https://www.tiktok.com/@homebyharkins/video/7613957938444569886?lang=en
7613934715455769870,carolinafinnegan,https://www.tiktok.com/@carolinafinnegan/video/7613934715455769870?lang=en
7614117628021427469,carolinafinnegan,https://www.tiktok.com/@carolinafinnegan/video/7614117628021427469?lang=en
7613765980598062350,teci.xo,https://www.tiktok.com/@teci.xo/video/7613765980598062350
7613839719847251214,poison_irey__,https://www.tiktok.com/@poison_irey__/video/7613839719847251214
7614222867298913550,meadowandmama,https://www.tiktok.com/@meadowandmama/video/7614222867298913550
7615272729947819294,kellitesta,https://www.tiktok.com/@kellitesta/video/7615272729947819294
7615107748430155039,3m.i.ly,https://www.tiktok.com/@3m.i.ly_c/video/7615107748430155039
7615079452753546526,k80matteson,https://www.tiktok.com/@k80matteson/video/7615079452753546526
7615058937175346462,libbyloving,https://www.tiktok.com/@libby.loving/video/7615058937175346462
7615286022829624606,jalyssa_doubleu,https://www.tiktok.com/@jalyssa_doubleu/video/7615286022829624606?lang=en
7615304174502186271,athomewithdevin,https://www.tiktok.com/@athomewithdevin/video/7615304174502186271?lang=en
7615301914116377870,hasbrouckhome,https://www.tiktok.com/@hasbrouckhome/video/7615301914116377870?lang=en
7614177144335371533,houseofsaintdesign,https://www.tiktok.com/@houseofsaintdesign/video/7614177144335371533?lang=en
7615244305363684622,curatedbyreina_,https://www.tiktok.com/@curatedbyreina_/video/7615244305363684622?lang=en
7615334686734191902,nickbella.lifestyle,https://www.tiktok.com/@nickbella.lifestyle/video/7615334686734191902?lang=en
7609774282696068383,zoemiyoko,https://www.tiktok.com/@zoemiyoko/video/7609774282696068383?lang=en
7614661195362077972,kalila.craig,https://www.tiktok.com/@kalila.craig/video/7614661195362077972?lang=en
7614160658963238175,elizhowell,https://www.tiktok.com/@elizhowell/video/7614160658963238175?lang=en
7615371375456341262,keepingupwithtamaraa,https://www.tiktok.com/@keepingupwithtamaraa/video/7615371375456341262?lang=en
7615435471874739486,steph_sandoval23,https://www.tiktok.com/@steph_sandoval23/video/7615435471874739486?lang=en
7615433894774639885,jillaaybean,https://www.tiktok.com/@jillaaybean/video/7615433894774639885?lang=en
7615380078649822477,skillinhome,https://www.tiktok.com/@skillinhome/video/7615380078649822477?lang=en
7615416956883045646,lexie_townsend,https://www.tiktok.com/@lexie_townsend_/video/7615416956883045646?lang=en
7615764302468812046,elliejuengel,https://www.tiktok.com/@ellie_juengel/video/7615764302468812046?lang=en
7614961518987234590,munoslifedecor,https://www.tiktok.com/@munoslifedecor/video/7614961518987234590?lang=en
7615374259774393614,medinacolaku,https://www.tiktok.com/@medinacolaku/video/7615374259774393614?lang=en
7614284826748767501,blondemomdiaries,https://www.tiktok.com/@blondemomdiaries/video/7614284826748767501?lang=en
7614118217094630687,carleydurant,https://www.tiktok.com/@carleydurant/video/7614118217094630687?lang=en
7609735687788678431,munoslifedecor,https://www.tiktok.com/@munoslifedecor/video/7609735687788678431?lang=en
7614605169065577758,juna_not_juno,https://www.tiktok.com/@juna_not_juno/video/7614605169065577758?lang=en
7615680331911417118,ava930933,https://www.tiktok.com/@ava930933/video/7615680331911417118?lang=en
7615376771571092767,em.con,https://www.tiktok.com/@em.con/video/7615376771571092767?lang=en
7614631531964910878,acthatsme19,https://www.tiktok.com/@acthatsme19/video/7614631531964910878?lang=en
7613852919426714893,mirandafaye01,https://www.tiktok.com/@mirandafaye01/video/7613852919426714893?lang=en
7615729309809937694,brittannydesignspo,https://www.tiktok.com/@brittanydesignspo/video/7615729309809937694?lang=en
7615979252671892767,tinatealhome,https://www.tiktok.com/@tinatealhome/video/7615979252671892767?lang=en
7615335674765511967,abbiekonnick,https://www.tiktok.com/@abbiekonnick/video/7615335674765511967?lang=en
7615794123542400270,jameranaquai,https://www.tiktok.com/@jameranaquai/video/7615794123542400270?lang=en
7615845411361721630,atouchofsimplicitybyrana,https://www.tiktok.com/@atouchofsimplicitybyrana/video/7615845411361721630?lang=en
7615775994149866783,meggieferrerhome,https://www.tiktok.com/@meggieferrerhome/video/7615775994149866783?lang=en
7615983298514341134,marinamomof2,https://www.tiktok.com/@marinamomof2/video/7615983298514341134?lang=en
7614928703583259935,chilldesignsbyjess,https://www.tiktok.com/@chilldesignsbyjess/video/7614928703583259935?lang=en
7614259362139311391,chilldesignsbyjess,https://www.tiktok.com/@chilldesignsbyjess/video/7614259362139311391?lang=en
7614611861509524766,jin4thewin,https://www.tiktok.com/@jin4thewin/video/7614611861509524766?lang=en
7614534929547922718,maloun_rogers,https://www.tiktok.com/@malaun_rogers/video/7614534929547922718?lang=en
7614923728387935501,eschinds,https://www.tiktok.com/@eschinds/video/7614923728387935501?lang=en
7614923589581671694,karagraber,https://www.tiktok.com/@kara.graber/video/7614923589581671694?lang=en
7614682381219286303,alishafloryn,https://www.tiktok.com/@alishafloryn/video/7614682381219286303?lang=en
7615999587945336094,carrieithome,https://www.tiktok.com/@carrieithome/video/7615999587945336094?lang=en
7615645023425678606,myorganizedlife,https://www.tiktok.com/@myyorganizedlife/video/7615645023425678606?lang=en
7616346380973427998,chilldesignsbyjess,https://www.tiktok.com/@chilldesignsbyjess/video/7616346380973427998?lang=en
7616231466552364319,jataisha.gay,https://www.tiktok.com/@jataisha.gay/video/7616231466552364319?lang=en
7616198164839730462,heatherlynnfl,https://www.tiktok.com/@heatherlynnfl/video/7616198164839730462?lang=en
7616177788965506324,theraymonds_,https://www.tiktok.com/@theraymonds_/video/7616177788965506324
7616152961957367053,iamcherylhess,https://www.tiktok.com/@iamcherylhess/video/7616152961957367053
7616115178047802655,jadaalicait,https://www.tiktok.com/@jadaaliciat/video/7616115178047802655
7616115596605787422,edenbonwell,https://www.tiktok.com/@edenbonwell/video/7616115596605787422
7616400567656631583,_forthehome,https://www.tiktok.com/@_forthehome/video/7616400567656631583?lang=en
7616026277975215374,sheelaziari,https://www.tiktok.com/@sheelaziari/video/7616026277975215374
7616071479804841247,brittanydesignspo,https://www.tiktok.com/@brittanydesignspo/video/7616071479804841247
7616372078995983647,rubaasfour77,https://www.tiktok.com/@rubaasfour77/video/7616372078995983647
7616412201196326158,katydoesalot,https://www.tiktok.com/@katydoesalot/video/7616412201196326158
7616071699989007630,artariahome,https://www.tiktok.com/@aratariathome/video/7616071699989007630
7616015153649241357,dajanayy,https://www.tiktok.com/@dajanaayy/video/7616015153649241357
7615778619234749727,jennmontoya_,https://www.tiktok.com/@jennmontoya_/video/7615778619234749727
7617695546030951693,iamcherylhess,https://www.tiktok.com/@iamcherylhess/video/7617695546030951693
7617657594261425439,haileyathompson1,https://www.tiktok.com/@haileyathompson1/video/7617657594261425439
7617609798632213773,ali_nmartin,https://www.tiktok.com/@ali_nmartin/video/7617609798632213773
7617158756610215199,readingwithryann,https://www.tiktok.com/@readingwithryann/video/7617158756610215199
7617629155072544031,mellywellykinz,https://www.tiktok.com/@mellywellykinz/video/7617629155072544031
7617626599235521805,savannahhhleahhh,https://www.tiktok.com/@savannahhhleahhh/video/7617626599235521805
7610654213055581454,allabouthome_,https://www.tiktok.com/@allabouthome_/video/7610654213055581454
7617852159123655950,antionettelong89,https://www.tiktok.com/@antoinettelong89/video/7617852159123655950
7617669971027463454,itscarolinesacca,https://www.tiktok.com/@itscarolinesacca/video/7617669971027463454?lang=en
7616759076654976269,ourhoustonsmithhome,https://www.tiktok.com/@ourhoustonsmithhome/video/7616759076654976269?lang=en
7616801439037312286,cass.spinelli,https://www.tiktok.com/@cass.spinelli/video/7616801439037312286?lang=en
7617535908669050142,asiaraecosmetics,https://www.tiktok.com/@asiaraecosmetics/video/7617535908669050142?lang=en
7616795135786994975,kencradic,https://www.tiktok.com/@kencradic/video/7616795135786994975?lang=en
7617481726595566862,tuxedofarmhouse,https://www.tiktok.com/@tuxedofarmhouse/video/7617481726595566862?lang=en
7616429536078515470,teci.xo,https://www.tiktok.com/@teci.xo/video/7616429536078515470?lang=en
7618256798339927310,medinacolaku,https://www.tiktok.com/@medinacolaku/video/7618256798339927310?lang=en
7618249888681217294,itsgretawilson,https://www.tiktok.com/@itsgretawilson/video/7618249888681217294?lang=en
7617512446319742239,destinystylesss,https://www.tiktok.com/@destinystylesss/video/7617512446319742239?lang=en
7618184171604725005,taylormorganhome,https://www.tiktok.com/@taylormorganhome/video/7618184171604725005?lang=en
7617924997641784589,elijahbanks_,https://www.tiktok.com/@elijahbanks_/video/7617924997641784589?lang=en
7618573890893204766,hayesandjames,https://www.tiktok.com/@hayesandjames/video/7618573890893204766?lang=en
7618407656562101518,smoothepiphany,https://www.tiktok.com/@smoothepiphany/video/7618407656562101518?lang=en
7618335176996736287,homewithkatrina,https://www.tiktok.com/@homewithkatrina/video/7618335176996736287?lang=en
7618607333303749901,poison_irey__,https://www.tiktok.com/@poison_irey__/video/7618607333303749901?lang=en
7607610259112217887,itsjoseemitchell,https://www.tiktok.com/@itsjoseemitchell/video/7607610259112217887?lang=en
7616898808231759135,chilldesignsbyjess,https://www.tiktok.com/@chilldesignsbyjess/video/7616898808231759135?lang=en
7422732907573153066,accordingtomandy,https://www.tiktok.com/@accordingtomandy/video/7422732907573153066?lang=en
7565257003237428535,theforagedabode,https://www.tiktok.com/@theforagedabode/video/7565257003237428535?lang=en
7497658545996090670,ourcozycolonialct,https://www.tiktok.com/@ourcozycolonialct/video/7497658545996090670?lang=en
7226474875425164587,stephanystyled,https://www.tiktok.com/@stephanystyled/video/7226474875425164587
7566080158336027959,takemehomeacedaroad,https://www.tiktok.com/@takemehomecedarroad/video/7566080158336027959
7565621059047787807,spifforganizing,https://www.tiktok.com/@spifforganizing/video/7565621059047787807
7497995861327334702,cozyoncottoncreek,https://www.tiktok.com/@cozyoncottoncreek/video/7497995861327334702
7621151218794106125,teci.xo,https://www.tiktok.com/@teci.xo/video/7621151218794106125
7621174241165151502,heydanasia,https://www.tiktok.com/@heydanasia/video/7621174241165151502
7620943848096681246,hoojadaddy,https://www.tiktok.com/@hoojadaddy/video/7620943848096681246
7620599446623046926,carrieithome,https://www.tiktok.com/@carrieithome/video/7620599446623046926
7620593986251574541,elijahbanks_,https://www.tiktok.com/@elijahbanks_/video/7620593986251574541
7620590597010754847,shonnitap,https://www.tiktok.com/@shonnitap/video/7620590597010754847
7619419709007564045,sizzlingsamisg,https://www.tiktok.com/@sizzlingsamsig/video/7619419709007564045
7619523747900394782,brit.costa,https://www.tiktok.com/@brit.costa/video/7619523747900394782
7619901563087195422,Jenngabrielaa,https://www.tiktok.com/@jenngabrielaa/video/7619901563087195422
7621210013175926029,efergss,https://www.tiktok.com/@efergss/video/7621210013175926029
7621664307637472526,itsmariasantos,https://www.tiktok.com/@itsmariasantos/video/7621664307637472526
7621783207561743630,vlogsbyvedh,https://www.tiktok.com/@vlogsbyvedh/video/7621783207561743630
7621798490238110990,bryanna_ruiz_,https://www.tiktok.com/@bryanna_ruiz_/video/7621798490238110990
7621960850223533333,ramiliaup,https://www.tiktok.com/@ramiliaup/video/7621960850223533333
7622783340868799757,cecilyduh,https://www.tiktok.com/@cecilyduh/video/7622783340868799757
7614718545041116447,cyaquelin,https://www.tiktok.com/@cyaquelin/video/7614718545041116447?lang=en
7615746841627479326,k_ketchup_,https://www.tiktok.com/@k_ketchup__/video/7615746841627479326?lang=en
7618350078809427230,juliianamur,https://www.tiktok.com/@juliianamur/video/7618350078809427230?lang=en
7619039759763082526,morganswagner5,https://www.tiktok.com/@morganswagner5/video/7619039759763082526?lang=en
7618646676902907150,sabi.ugcc,https://www.tiktok.com/@sabi.ugcc/video/7618646676902907150?lang=en
7622854245183704333,selina__bedard,https://www.tiktok.com/@selina__bedard/video/7622854245183704333
7621954621866609934,sheelaziari,https://www.tiktok.com/@sheelaziari/video/7621954621866609934?q=wayfair%20finds&t=1774889305099
7622766239965777165,livbrink,https://www.tiktok.com/@livbrink/video/7622766239965777165
7620991937406913823,ava.gallo,https://www.tiktok.com/@ava.gallo/video/7620991937406913823
7621340496668937502,littylitlizzzzz,https://www.tiktok.com/@littylitlizzzzz/video/7621340496668937502
7621520877074599182,carolinafinnegan,https://www.tiktok.com/@carolinafinnegan/video/7621520877074599182
7620993958184848671,ellemenzel,https://www.tiktok.com/@ellemenzel/video/7620993958184848671
7599159891395087638,treshiquebeauty,https://www.tiktok.com/@treshiquebeauty/video/7599159891395087638
7623121259685072159,athomewithnene,https://www.tiktok.com/@athomewithnene/video/7623121259685072159
7623238293500480781,chelseamakesmagic,https://www.tiktok.com/@chelseamakesmagic/video/7623238293500480781
7623419528042548510,dananicolestyles,https://www.tiktok.com/@dananicolestyles/video/7623419528042548510
7622739154580802830,islamarie94,https://www.tiktok.com/@islamarie94/video/7622739154580802830
7621258927585381662,kateinfullbloom,https://www.tiktok.com/@kateinfullbloom/video/7621258927585381662
7623163239559449886,jin4thewin,https://www.tiktok.com/@jin4thewin/video/7623163239559449886
7622479281792322829,noahhaneman,https://www.tiktok.com/@noahhaneman/video/7622479281792322829
7623199503935458574,maijadavis,https://www.tiktok.com/@maijadavis/video/7623199503935458574
7623100759432875277,vlogsbyvedh,https://www.tiktok.com/@vlogsbyvedh/video/7623100759432875277
7623292304454995230,rachelliang,https://www.tiktok.com/@rachellliang/video/7623292304454995230
7623453829341646093,yulissaas_,https://www.tiktok.com/@yulissaas_/video/7623453829341646093
7623458905909202190,r3igun,https://www.tiktok.com/@r3igun/video/7623458905909202190
7623440795068157198,tablescape.design,https://www.tiktok.com/@tablescape.designs/video/7623440795068157198
7622660322297384222,parkerstyle_,https://www.tiktok.com/@parkerstyle_/video/7622660322297384222
7620627523314978062,kkasiaizabella,https://www.tiktok.com/@kkasiaizabella/video/7620627523314978062
7620606634515074317,arceriinteriors,https://www.tiktok.com/@arceriinteriors/video/7620606634515074317
7620876102902254862,white.at.home,https://www.tiktok.com/@white.at.home/video/7620876102902254862
7620616989224029453,the.littlebird,https://www.tiktok.com/@the.littlebird/video/7620616989224029453
7621974450078092558,studioten25,https://www.tiktok.com/@studioten25/video/7621974450078092558
7623772442305039646,ellemenzel,https://www.tiktok.com/@ellemenzel/video/7623772442305039646
7623642981387619614,emilaylester2,https://www.tiktok.com/@emilaylester2/video/7623642981387619614
7623633694342810894,vlogsbyvedh,https://www.tiktok.com/@vlogsbyvedh/video/7623633694342810894
7623623190513749278,simplyilma_,https://www.tiktok.com/@simplyilma_/video/7623623190513749278
7623500215034645791,itsjoseemitchell,https://www.tiktok.com/@itsjoseemitchell/video/7623500215034645791
7623846566532631822,megank_home,https://www.tiktok.com/@megank_home/video/7623846566532631822
7623842477174295821,the.littlebird,https://www.tiktok.com/@the.littlebird/video/7623842477174295821
7623810557799435534,cristinagomezg,https://www.tiktok.com/@cristinagomezg/video/7623810557799435534
7623854576436890910,sincerelyginalee,https://www.tiktok.com/@sincerelyginalee/video/7623854576436890910
7623855303506857246,tamaramariexoxo,https://www.tiktok.com/@tamaramariexoxo/video/7623855303506857246
7623854702790184205,myneutralliving,https://www.tiktok.com/@myneutralliving/video/7623854702790184205
7623856150894677278,carleydurant,https://www.tiktok.com/@carleydurant/video/7623856150894677278
7623869217158319390,lightheartedliving,https://www.tiktok.com/@lightheartedliving/video/7623869217158319390
7614929010811866399,lightheartedliving,https://www.tiktok.com/@lightheartedliving/video/7614929010811866399
7623896535083863310,houseofsaintdesign,https://www.tiktok.com/@houseofsaintdesign/video/7623896535083863310
7624151922160831758,mckenoodle,https://www.tiktok.com/@mckenoodle/video/7624151922160831758
7624146008183704863,destinystylesss,https://www.tiktok.com/@destinystylesss/video/7624146008183704863
7624118251882073358,carolinafinnegan,https://www.tiktok.com/@carolinafinnegan/video/7624118251882073358
7623507842049363213,teci.xo,https://www.tiktok.com/@teci.xo/video/7623507842049363213
7624043344863284510,steph_sandoval23,https://www.tiktok.com/@steph_sandoval23/video/7624043344863284510
7624203345015606541,nicoleee2853,https://www.tiktok.com/@nicoleee2853/video/7624203345015606541
7624186906695273742,castcasita,https://www.tiktok.com/@castcasita/video/7624186906695273742
7624151513195138335,ellemenzel,https://www.tiktok.com/@ellemenzel/video/7624151513195138335
7623871462146903326,itsjoseemitchell,https://www.tiktok.com/@itsjoseemitchell/video/7623871462146903326
7621441658961366302,jazzminwiththecurls,https://www.tiktok.com/@jazzminwiththecurls/video/7621441658961366302
7621214727645023518,juliianamur,https://www.tiktok.com/@juliianamur/video/7621214727645023518
7620897588715244814,sadieslifebelike,https://www.tiktok.com/@sadieslifebelike/video/7620897588715244814
7625730398210805006,val.abama,https://www.tiktok.com/@val.abama/video/7625730398210805006?lang=en
7626002446468353293,thetidytrendy,https://www.tiktok.com/@thetidytrendy/video/7626002446468353293?lang=en
7625871258093194509,julesinthechity,https://www.tiktok.com/@julesinchicity/video/7625871258093194509?lang=en
7625991532692213023,rebhulle,https://www.tiktok.com/@rebhulle/video/7625991532692213023?lang=en
7625803991309372685,blissfulboholiving,https://www.tiktok.com/@blissfulboholiving/video/7625803991309372685?lang=en
7625986508150902030,annas_decor8,https://www.tiktok.com/@annas_decor8/video/7625986508150902030?lang=en
7625699330724220173,annas_decor8,https://www.tiktok.com/@annas_decor8/video/7625699330724220173?lang=en
7625889800683343118,khaylaraelynn,https://www.tiktok.com/@khaylaraelynn/video/7625889800683343118?lang=en
7624154558834543886,byleahclaire,https://www.tiktok.com/@byleahclaire/video/7624154558834543886
7624642432226954527,carrieithome,https://www.tiktok.com/@carrieithome/video/7624642432226954527?lang=en
7625440989745827086,karleyjaeetheredge,https://www.tiktok.com/@karleyjaeetheredge/video/7625440989745827086?lang=en
7625808246195899679,books.with.demi,https://www.tiktok.com/@books.with.demi/video/7625808246195899679?lang=en
7625725365738065166,blondemomdiaries,https://www.tiktok.com/@blondemomdiaries/video/7625725365738065166?lang=en
7626095936678268191,redothezoo,https://www.tiktok.com/@redothezoo/video/7626095936678268191
7626364903162383630,val.abama,https://www.tiktok.com/@val.abama/video/7626364903162383630
7625768548253650207,ashali123_,https://www.tiktok.com/@ashali123_/video/7625768548253650207?lang=en
7625696788632161567,ashali123_,https://www.tiktok.com/@ashali123_/video/7625696788632161567?lang=en
7624633480583908622,theemercedesb,https://www.tiktok.com/@theemercedesb/video/7624633480583908622?lang=en
7606243749294984461,ourbarelybeigehome,https://www.tiktok.com/@ourbarelybeigehome/video/7606243749294984461
7606143844970728734,chilldesignsbyjess,https://www.tiktok.com/@chilldesignsbyjess/video/7606143844970728734
7626466316982996254,keke.j,https://www.tiktok.com/@keke.j_/video/7626466316982996254
7626440354534853909,lexydelicataa,https://www.tiktok.com/@lexydelicataa/video/7626440354534853909
7626413059891842317,fromcitytosuburbs,https://www.tiktok.com/@fromcitytosuburbs/video/7626413059891842317
7626412584727596302,carrieithome,https://www.tiktok.com/@carrieithome/video/7626412584727596302
7626408617704459534,ourcozycraftedhome,https://www.tiktok.com/@ourcozycraftedhome/video/7626408617704459534
7626364287350557966,rileyelisewelner,https://www.tiktok.com/@rileyelisewelner/video/7626364287350557966
7626482067865488653,alannabarron,https://www.tiktok.com/@alannabarron/video/7626482067865488653
7626378804667354381,sheelaziari,https://www.tiktok.com/@sheelaziari/video/7626378804667354381
7626245154323582238,3m.i.ly_c,https://www.tiktok.com/@3m.i.ly_c/video/7626245154323582238
7625501827496152350,3m.i.ly_c,https://www.tiktok.com/@3m.i.ly_c/video/7625501827496152350
7626468944051735821,waddupitsshan,https://www.tiktok.com/@waddupitshan/video/7626468944051735821?lang=en
7626568433529867550,alongwithallie,https://www.tiktok.com/@alongwithallie/video/7626568433529867550?lang=en
7626551103689182495,itsbrittneeaspen,https://www.tiktok.com/@itsbrittneeaspen/video/7626551103689182495?lang=en
7626524280007773453,whereissmoke,https://www.tiktok.com/@whereissmoke/video/7626524280007773453?lang=en
7626507310126419230,kellyanntrimper,https://www.tiktok.com/@kellyanntrimper/video/7626507310126419230?lang=en
7626495778508279053,only1jasmyne,https://www.tiktok.com/@only1jasmyne/video/7626495778508279053?lang=en
7626556917267090719,hoojadaddy,https://www.tiktok.com/@hoojadaddy/video/7626556917267090719?lang=en
7625256651217538334,reagan_diamond,https://www.tiktok.com/@reagan_diamond/video/7625256651217538334?lang=en
7623953498324929822,graciefriedl,https://www.tiktok.com/@graciefriedl/video/7623953498324929822?lang=en
7624992802824359182,apthonolulu,https://www.tiktok.com/@apthonolulu/video/7624992802824359182?lang=en
7626211653440277774,emilydao_,https://www.tiktok.com/@emilydao_/video/7626211653440277774?lang=en
7626760992432639246,teci.xo,https://www.tiktok.com/@teci.xo/video/7626760992432639246?lang=en
7626799421883174174,jenn_dunning,https://www.tiktok.com/@jenn_dunning/video/7626799421883174174?lang=en
7626071068628897038,kshawnee,https://www.tiktok.com/@kshawnee/video/7626071068628897038?lang=en
7628184361547992334,kelley_mom,https://www.tiktok.com/@kelley_mom/video/7628184361547992334?lang=en
7628314884580609293,poison_irey_,https://www.tiktok.com/@poison_irey__/video/7628314884580609293?lang=en
7628023263578443038,hoojadaddy,https://www.tiktok.com/@hoojadaddy/video/7628023263578443038?lang=en
7626173244223114509,myneutralliving,https://www.tiktok.com/@myneutralliving/video/7626173244223114509?lang=en
7626472958206266638,nicolesmook,https://www.tiktok.com/@nicolesmook/video/7626472958206266638?lang=en
7626456792628825375,redothezoo,https://www.tiktok.com/@redothezoo/video/7626456792628825375?lang=en
7628217751076621582,curatedbyreina_,https://www.tiktok.com/@curatedbyreina_/video/7628217751076621582?lang=en
7628135655125568798,alishafloryn,https://www.tiktok.com/@alishafloryn/video/7628135655125568798?lang=en
7627924687133134110,megleonarco,https://www.tiktok.com/@megleonardco/video/7627924687133134110?lang=en
7628302495080664333,nicolekess,https://www.tiktok.com/@nicolekess/video/7628302495080664333?lang=en
7628253965330828575,books.with.demi,https://www.tiktok.com/@books.with.demi/video/7628253965330828575?lang=en
7626803376105475341,skillinhome,https://www.tiktok.com/@skillinhome/video/7626803376105475341?lang=en
7626075224538172703,paulabhome,https://www.tiktok.com/@paulabhome/video/7626075224538172703?lang=en
7627675028238208270,livingwithjani,https://www.tiktok.com/@livingwithjani/video/7627675028238208270?lang=en
7627210196900646157,val.abama,https://www.tiktok.com/@val.abama/video/7627210196900646157?lang=en
7628311528940293407,carrieithome,https://www.tiktok.com/@carrieithome/video/7628311528940293407?lang=en
7626050117224680717,elijahbanks_,https://www.tiktok.com/@elijahbanks_/video/7626050117224680717?lang=en
7629404191886232845,brooke_lynnmilne,https://www.tiktok.com/@brooke_lynnmilne/video/7629404191886232845
7629392348845395214,skillinhome,https://www.tiktok.com/@skillinhome/video/7629392348845395214
7629381607626919198,kellitesta,https://www.tiktok.com/@kellitesta/video/7629381607626919198
7629367046513446175,homewithjami,https://www.tiktok.com/@homewithjami/video/7629367046513446175
7629226985964735775,jennmontoya_,https://www.tiktok.com/@jennmontoya_/video/7629226985964735775
7624234271359634718,redothezoo,https://www.tiktok.com/@redothezoo/video/7624234271359634718?lang=en
7625292130084228382,myhomebodylife,https://www.tiktok.com/@myhomebodylife/video/7625292130084228382?lang=en
7625360000617057550,iamgeorgias,https://www.tiktok.com/@iamgeorgias/video/7625360000617057550?lang=en
7625767387513556238,belllahammock,https://www.tiktok.com/@belllahammock/video/7625767387513556238?lang=en
7626070562644790559,tianna_janece,https://www.tiktok.com/@tianna_janece/video/7626070562644790559?lang=en
7626108892967111949,whatsombuys,https://www.tiktok.com/@whatsombuys/video/7626108892967111949
7626098614456208653,tracybanura,https://www.tiktok.com/@tracybanura/video/7626098614456208653
7627458729704721694,chilldesignsbyjess,https://www.tiktok.com/@chilldesignsbyjess/video/7627458729704721694?lang=en
7627250961723051277,kkasiaizabella,https://www.tiktok.com/@kkasiaizabella/video/7627250961723051277?lang=en
7627196324772875534,houseoncalgarydowns,https://www.tiktok.com/@houseoncalgarydowns/video/7627196324772875534?lang=en
7625788871099370783,virtu_interiors,https://www.tiktok.com/@virtu_interiors/video/7625788871099370783?lang=en
7627254392302882062,scrublife.rn,https://www.tiktok.com/@scrublife_rn/video/7627254392302882062?lang=en
7627535066406620429,rohiajobe,https://www.tiktok.com/@rohiajobe/video/7627535066406620429?lang=en
7628214069421477133,thehydrangeahome,https://www.tiktok.com/@thehydrangeahome/video/7628214069421477133?lang=en
7627960932349512991,parkerstyle_,https://www.tiktok.com/@parkerstyle_/video/7627960932349512991?lang=en
7627519794954243349,kassiakoval,https://www.tiktok.com/@kassiakoval/video/7627519794954243349?lang=en
7627173926099012877,805ummadam,https://www.tiktok.com/@805ummadam/video/7627173926099012877?lang=en
7628049954019364110,deannahasan,https://www.tiktok.com/@deannahasan/video/7628049954019364110?lang=en
7626766974718201119,carrieithome,https://www.tiktok.com/@carrieithome/video/7626766974718201119?lang=en
7628284638875733278,chilldesignsbyjess,https://www.tiktok.com/@chilldesignsbyjess/video/7628284638875733278?lang=en
7627174477389942030,ariellerobyn,https://www.tiktok.com/@ariellerobyn/video/7627174477389942030?lang=en
7627629075703631124,cleaningwithmelissa,https://www.tiktok.com/@cleaningwithmelissa_/video/7627629075703631124?lang=en
7628295472976842015,dananicolestyles,https://www.tiktok.com/@dananicolestyles/video/7628295472976842015?lang=en
7628294259703205134,normanmarlowevans,https://www.tiktok.com/@normanmarlowevans/video/7628294259703205134?lang=en
7628267456687131918,theinspiredroom,https://www.tiktok.com/@theinspiredroom/video/7628267456687131918?lang=en
7628263977121860894,surryplace,https://www.tiktok.com/@surryplace/video/7628263977121860894?lang=en
7626861798557355294,surryplace,https://www.tiktok.com/@surryplace/video/7626861798557355294?lang=en
7628292316012334366,maloun_rogers,https://www.tiktok.com/@malaun_rogers/video/7628292316012334366
7628302863978007839,redothezoo,https://www.tiktok.com/@redothezoo/video/7628302863978007839
7628314717043346719,jettsettfarmhouse,https://www.tiktok.com/@jettsetfarmhouse/video/7628314717043346719?lang=en
7628647869821553933,gabriellarao,https://www.tiktok.com/@gabriellerao/video/7628647869821553933?lang=en
7628568370517953806,farmhouse40_,https://www.tiktok.com/@farmhouse40_/video/7628568370517953806?lang=en
7628419694558547214,windows.and.woods,https://www.tiktok.com/@windows.and.woods/video/7628419694558547214?lang=en
7628407607346203935,lifestyledbybecca,https://www.tiktok.com/@lifestyledbybecca/video/7628407607346203935?lang=en
7628407165962784013,hibafairy,https://www.tiktok.com/@hibafairy/video/7628407165962784013?lang=en
7625696328726613279,white.at.home,https://www.tiktok.com/@white.at.home/video/7625696328726613279?lang=en
7628259720406535437,samanthakatew,https://www.tiktok.com/@samanthakatew/video/7628259720406535437?lang=en
7628668518665407758,btrullll,https://www.tiktok.com/@btrullll/video/7628668518665407758?lang=en
7628376342521761054,tannesias,https://www.tiktok.com/@tannesias/video/7628376342521761054?lang=en
7628431565642632462,melissajwellness,https://www.tiktok.com/@melissajwellness/video/7628431565642632462?lang=en
7628806791039651103,carrieithome,https://www.tiktok.com/@carrieithome/video/7628806791039651103?lang=en
7628825875160583437,poison_irey_,https://www.tiktok.com/@poison_irey__/video/7628825875160583437?lang=en
7629032047872429325,emilyalhome,https://www.tiktok.com/@emilyalhome/video/7629032047872429325?lang=en
7629028327084313887,hello.good.buys,https://www.tiktok.com/@hello.good.buys/video/7629028327084313887?lang=en
7627569758761717006,hasbrouckhome,https://www.tiktok.com/@hasbrouckhome/video/7627569758761717006?lang=en
7629026626684128525,vsvstheworld,https://www.tiktok.com/@vsvstheworld/video/7629026626684128525?lang=en
7629024908001021215,kaylee_brice,https://www.tiktok.com/@kaylee_brice/video/7629024908001021215?lang=en
7629024685321145631,tinatealhome,https://www.tiktok.com/@tinatealhome/video/7629024685321145631?lang=en
7629005079193865502,lifeofmamalex,https://www.tiktok.com/@lifeofmamalex/video/7629005079193865502?lang=en
7628999253972552973,byleahclaire,https://www.tiktok.com/@byleahclaire/video/7628999253972552973?lang=en
7628995120448294158,ourcozycraftedhome,https://www.tiktok.com/@ourcozycraftedhome/video/7628995120448294158?lang=en
7628994707841961230,partywithpeach,https://www.tiktok.com/@partywithpeach/video/7628994707841961230?lang=en
7628991271809387789,wowworld_decor,https://www.tiktok.com/@wowworld_decor/video/7628991271809387789?lang=en
7628987323333512462,chloebarker_5,https://www.tiktok.com/@chloebarker_5/video/7628987323333512462?lang=en
7628789158487559438,zennnny_mahat,https://www.tiktok.com/@zennnny_mahat/video/7628789158487559438?lang=en
7629048863684398350,tyler_whitley,https://www.tiktok.com/@tyler_whitley/video/7629048863684398350?lang=en
7628739880947911967,ellemenzel,https://www.tiktok.com/@ellemenzel/video/7628739880947911967?lang=en
7628816315926547742,calichohome,https://www.tiktok.com/@calicohome/video/7628816315926547742?lang=en
7628679888647638285,atelayan,https://www.tiktok.com/@atelalyan/video/7628679888647638285?lang=en
7628704572940356878,thehausofwilliams,https://www.tiktok.com/@thehausofwilliams/video/7628704572940356878?lang=en
7628775568619654430,graciefriedl,https://www.tiktok.com/@graciefriedl/video/7628775568619654430?lang=en
7628369488358001933,criistalsalinas,https://www.tiktok.com/@criistalsalinas/video/7628369488358001933?lang=en
7629404120784309518,london_diehl,https://www.tiktok.com/@london_diehl/video/7629404120784309518
7629340986577128734,kelseykooima,https://www.tiktok.com/@kelseykooima/video/7629340986577128734
7629213750184217886,atouchofsimplicitybyrana,https://www.tiktok.com/@atouchofsimplicitybyrana/video/7629213750184217886
7629072451804187917,homewithsaja,https://www.tiktok.com/@homewithsaja/video/7629072451804187917
7629721852230782222,cortneymorris,https://www.tiktok.com/@cortneymorris_/video/7629721852230782222?lang=en
7629719911220202783,keely_dawn,https://www.tiktok.com/@keely_dawn/video/7629719911220202783?lang=en
7629713776614329630,homeonelleavenue,https://www.tiktok.com/@homeonelleavenue/video/7629713776614329630?lang=en
7629685038254165261,journeywithjehova,https://www.tiktok.com/@journeywithjehovah/video/7629685038254165261?lang=en
7629128502175976734,itskarlagom,https://www.tiktok.com/@itskarlagom/video/7629128502175976734?lang=en
7629713049473142030,sherricalnanhome,https://www.tiktok.com/@sherricalnanhome/video/7629713049473142030?lang=en
7629456422329208094,summerstyles,https://www.tiktok.com/@summertstyles/video/7629456422329208094?lang=en
7629091347458280718,_.kelseey,https://www.tiktok.com/@_.kelseey/video/7629091347458280718?lang=en
7629121836638407967,enerlivin,https://www.tiktok.com/@enerlivin/video/7629121836638407967?lang=en
7629131753675885838,mxhellellorente,https://www.tiktok.com/@mxhellellorente/video/7629131753675885838?lang=en
7629448199933103373,haily.logan,https://www.tiktok.com/@hailey.logan.thomas/video/7629448199933103373?lang=en
7629454875444743455,maggiedudeck,https://www.tiktok.com/@maggiedudeck/video/7629454875444743455
7629521300125453599,citycactuscountry,https://www.tiktok.com/@citycactuscountry/video/7629521300125453599?lang=en
7629518880112790797,allaboutmicha,https://www.tiktok.com/@allaboutmicha/video/7629518880112790797?lang=en
7629519916261035277,lailaamaniii,https://www.tiktok.com/@lailaamaniii/video/7629519916261035277?lang=en
7631203992592272670,_alyssachka,https://www.tiktok.com/@_alyssachka/video/7631203992592272670?lang=en
7631244672429477134,skillinhome,https://www.tiktok.com/@skillinhome/video/7631244672429477134?lang=en
7631206757427088653,lafevreliving,https://www.tiktok.com/@lafevreliving/video/7631206757427088653?lang=en
7631593328261303583,alongwithallie,https://www.tiktok.com/@alongwithallie/video/7631593328261303583?lang=en
7630964701744205070,cozyoncottoncreek,https://www.tiktok.com/@cozyoncottoncreek/video/7630964701744205070
7631382107066993951,audreymadstowe,https://www.tiktok.com/@audreymadstowe/video/7631382107066993951?lang=en
7631341956848831757,christenathome,https://www.tiktok.com/@christenathome/video/7631341956848831757
7631274284048076046,lindseystackhouse,https://www.tiktok.com/@lindseystackhouse/video/7631274284048076046
7631016396385799455,itshoneydone,https://www.tiktok.com/@itshoneydone/video/7631016396385799455
7627239865343610143,Saramorv,https://www.tiktok.com/@saramorv/video/7627239865343610143?lang=en
7627193499187694878,rylanmatu,https://www.tiktok.com/@rylanmatu/video/7627193499187694878?lang=en
7630969385653456159,teyakennedy,https://www.tiktok.com/@teyakennedy/video/7630969385653456159?lang=en
7630813050274188558,curatedbyreina,https://www.tiktok.com/@curatedbyreina_/video/7630813050274188558?lang=en
7630908539027885343,morganswagner5,https://www.tiktok.com/@morganswagner5/video/7630908539027885343?lang=en
7631002133625687310,lizmarymarie,https://www.tiktok.com/@lizmarymarie/video/7631002133625687310?lang=en
7631339055187299614,annaconda902,https://www.tiktok.com/@annaconda902/video/7631339055187299614
7631411833013849375,sammilla,https://www.tiktok.com/@sammillla/video/7631411833013849375
7626407427629387039,carleydurant,https://www.tiktok.com/@carleydurant/video/7626407427629387039
7627194962395843854,elijahbanks_,https://www.tiktok.com/@elijahbanks_/video/7627194962395843854
7628319535782694157,poison_irey_,https://www.tiktok.com/@poison_irey_/video/7628319535782694157
7628715038932602125,curatedbyreina_,https://www.tiktok.com/@curatedbyreina_/video/7628715038932602125
7628471490438024461,val.abama,https://www.tiktok.com/@val.abama/video/7628471490438024461
7628615265999162638,kshawnee,https://www.tiktok.com/@kshawnee/video/7628615265999162638
7628685565046590750,redothezoo,https://www.tiktok.com/@redothezoo/video/7628685565046590750
7629042177062030606,houseoncalgarydowns,https://www.tiktok.com/@houseoncalgarydowns/video/7629042177062030606
7629041844097207566,skillinhome,https://www.tiktok.com/@skillinhome/video/7629041844097207566
7629345979799571742,jenn_dunning,https://www.tiktok.com/@jenn_dunning/video/7629345979799571742
7629548698615155981,livingwithjani,https://www.tiktok.com/@livingwithjani/video/7629548698615155981
7629471865127423246,teci.xo,https://www.tiktok.com/@teci.xo/video/7629471865127423246
7630821212452670751,hoojadaddy,https://www.tiktok.com/@hoojadaddy/video/7630821212452670751
7631223533401591053,homewithsaja,https://www.tiktok.com/@homewithsaja/video/7631223533401591053
7631013691546144013,beesandburlap ,https://www.tiktok.com/@beesnburlaphome/video/7631013691546144013
7632323495833242893,Hai Trinh,https://www.tiktok.com/@haikettua_atl/video/7632323495833242893
7632326194393861389,Becky George,https://www.tiktok.com/@styledbybeck21/video/7632326194393861389
7632299229456633118,Carrie Passaro,https://www.tiktok.com/@carrieithome/video/7632299229456633118
7632319462447926559,Kelli Testa,https://www.tiktok.com/@kellitesta/video/7632319462447926559
7632262984496057631,Julie Berset,https://www.tiktok.com/@citycactuscountry/video/7632262984496057631
7632288359997639950,Micha Butler,https://www.tiktok.com/@allaboutmicha/video/7632288359997639950
7632305022981672206,Alma Tahirovic,https://www.tiktok.com/@houseoncalgarydowns/video/7632305022981672206
7632319191093120286,Jami Santor,https://www.tiktok.com/@homewithjami/video/7632319191093120286
7632064060695121165,Emily Harrah,https://www.tiktok.com/@emilyharrah/video/7632064060695121165
7632283313989782797,Jill Jones,https://www.tiktok.com/@thetidytrendy/video/7632283313989782797
7631663404788370719,alishafloryn,https://www.tiktok.com/@alishafloryn/video/7631663404788370719
7630947318342208799,meilii_zzz,https://www.tiktok.com/@meili_zzz/video/7630947318342208799
7629695533581421837,myneutralliving,https://www.tiktok.com/@myneutralliving/video/7629695533581421837?lang=en
7629406046615915789,elijahbanks_,https://www.tiktok.com/@elijahbanks_/video/7629406046615915789?lang=en
7628985443610103053,aneesahlasaan,https://www.tiktok.com/@aneesahlasaan/video/7628985443610103053?lang=en
7629317793611058463,alishafloryn,https://www.tiktok.com/@alishafloryn/video/7629317793611058463?lang=en
7629340859342851341,teci.xo,https://www.tiktok.com/@teci.xo/video/7629340859342851341
7630529804369972510,books.with.demi,https://www.tiktok.com/@books.with.demi/video/7630529804369972510
7631583897431690510,livingwithjani,https://www.tiktok.com/@livingwithjani/video/7631583897431690510
7631667474496228621,sakliber,https://www.tiktok.com/@sakliber/video/7631667474496228621
7631658486434172173,sheelaziari,https://www.tiktok.com/@sheelaziari/video/7631658486434172173
7631639724804934925,iamshinewine,https://www.tiktok.com/@iamshinewine/video/7631639724804934925
7631676354253147423,cassandra.noel,https://www.tiktok.com/@cassandra.noel/video/7631676354253147423
7629830587578207519,conowaytwinss,https://www.tiktok.com/@conawaytwins/video/7629830587578207519
7631648968564395277,brimleymcgrath,https://www.tiktok.com/@brimleymcgrath/video/7631648968564395277
7631053813817822478,melissaannmariee,https://www.tiktok.com/@melissaannmariee/video/7631053813817822478
7631984524385193230,ashley.paiige,https://www.tiktok.com/@ashley.paiige/video/7631984524385193230
7631980357629267221,thelafleurhouse,https://www.tiktok.com/@thelafleurhouse/video/7631980357629267221
7631658362731580702,nicolelaniganhome,https://www.tiktok.com/@nicolelaniganhome/video/7631658362731580702
7631943820741070093,bri_yarbs,https://www.tiktok.com/@bri_yarbs/video/7631943820741070093
7631849022830955806,tinatealhome,https://www.tiktok.com/@tinatealhome/video/7631849022830955806
7633474371935423775,ikexnna,https://www.tiktok.com/@ikexnna/video/7633474371935423775?lang=en
7633468332645109023,thisismyjones,https://www.tiktok.com/@thisismyjones/video/7633468332645109023?lang=en
7633437828348644621,adrienneleekelly,https://www.tiktok.com/@adrienneleekelly/video/7633437828348644621?lang=en
7633429980290010399,brandoncurrysmith,https://www.tiktok.com/@brandoncurrysmith/video/7633429980290010399?lang=en
7633407722100215071,destinystylesss,https://www.tiktok.com/@destinystylesss/video/7633407722100215071?lang=en
7633396607794449678,hasbrouckhome,https://www.tiktok.com/@hasbrouckhome/video/7633396607794449678?lang=en
7633479597870419231,theindecisivegirlfriend,https://www.tiktok.com/@theindecisivegirlfriend/video/7633479597870419231?lang=en
7633299934191553823,livingwithneen,https://www.tiktok.com/@livingwithneen/video/7633299934191553823?lang=en
7633031601634479374,kelley_mom,https://www.tiktok.com/@kelley_mom/video/7633031601634479374?lang=en
7631996147229396254,emily.e.olson,https://www.tiktok.com/@emily.e.olson/video/7631996147229396254?lang=en
7629781662880042254,houseofsaintdesign,https://www.tiktok.com/@houseofsaintdesign/video/7629781662880042254?lang=en
7632865495124823326,its.staceee,https://www.tiktok.com/@its.staceee/video/7632865495124823326?lang=en
7633489637767449869,brittney_gage,https://www.tiktok.com/@brittney_gage/video/7633489637767449869?lang=en
7633124038000299277,lauren.lieser,https://www.tiktok.com/@lauren.lieser19/video/7633124038000299277?lang=en
7632435331643624735,carolinafreixa,https://www.tiktok.com/@carolinafreixa/video/7632435331643624735?lang=en
7632779658232188174,thehannahestelle,https://www.tiktok.com/@thehannahestelle/video/7632779658232188174?lang=en
7633513770265939230,megleanordco,https://www.tiktok.com/@megleonardco/video/7633513770265939230?lang=en
7632358064649276703,sarabarloww,https://www.tiktok.com/@sarabarloww/video/7632358064649276703?lang=en
7628953169204169997,kelley_mom,https://www.tiktok.com/@kelley_mom/video/7628953169204169997?lang=en
7633802975575674125,sheelaziari,https://www.tiktok.com/@sheelaziari/video/7633802975575674125?lang=en
7633795666531110158,stefffine,https://www.tiktok.com/@stefffine/video/7633795666531110158?lang=en
7631687453853666573,805ummaadam,https://www.tiktok.com/@805ummadam/video/7631687453853666573?lang=en
7633552112730819871,sarahmhealy,https://www.tiktok.com/@sarahmhealy/video/7633552112730819871?lang=en
7633587112994016526,jotitup,https://www.tiktok.com/@jotitup/video/7633587112994016526?lang=en
7633586830822165774,keysbykiana,https://www.tiktok.com/@keysbykiana/video/7633586830822165774?lang=en
7633580823005973774,platinumhome.interiors,https://www.tiktok.com/@platinumhome.interiors/video/7633580823005973774?lang=en
7633536248224828686,shardaeorr,https://www.tiktok.com/@shardaeorr/video/7633536248224828686?lang=en
7632812405487062302,erikadmarinn,https://www.tiktok.com/@erikadmarinn/video/7632812405487062302?lang=en
7633855859294047502,white.at.home,https://www.tiktok.com/@white.at.home/video/7633855859294047502?lang=en
7633849983824923918,bri_yarbs,https://www.tiktok.com/@bri_yarbs/video/7633849983824923918?lang=en
7632099218278173965,vlogsbyvedh,https://www.tiktok.com/@vlogsbyvedh/video/7632099218278173965?lang=en
7632140588443290911,candiejessie,https://www.tiktok.com/@candijessie/video/7632140588443290911?lang=en
7633188647302368525,itsmariasantos,https://www.tiktok.com/@itsmariasantos/video/7633188647302368525?lang=en
7633806835757092109,sophiaidewald,https://www.tiktok.com/@sophiaidewald/video/7633806835757092109?lang=en
7634193862042455309,katelyn_ruby1,https://www.tiktok.com/@katelyn_ruby1/video/7634193862042455309
7634192969637137678,gabriellarao,https://www.tiktok.com/@gabriellerao/video/7634192969637137678
7634178362990218509,laurenashleyhansen,https://www.tiktok.com/@laurenashleyhansen/video/7634178362990218509
7634039136097144078,bryndogg,https://www.tiktok.com/@bryndogg/video/7634039136097144078
7633998915112570126,mschrissydaily,https://www.tiktok.com/@mschrissydaily/video/7633998915112570126
7633981521157770509,joannaolandt,https://www.tiktok.com/@joannaolandt/video/7633981521157770509
7619321910161165582,hasbrouckhome,https://www.tiktok.com/@hasbrouckhome/video/7619321910161165582
7634215167798119687,veerusso,https://www.tiktok.com/@veerusso/video/7634215167798119687
7634214909521169695,lyndairene.anderson,https://www.tiktok.com/@lyndairene.anderson/video/7634214909521169695
7630825190880054558,malaun_rogers,https://www.tiktok.com/@malaun_rogers/video/7630825190880054558?lang=en
7630658131407670541,livingwothjani,https://www.tiktok.com/@livingwithjani/video/7630658131407670541?lang=en
7631255056628616479,prenyhonarchian,https://www.tiktok.com/@prenyhonarchian/video/7631255056628616479?lang=en
7631246057032158495,meggieferrerhome,https://www.tiktok.com/@meggieferrerhome/video/7631246057032158495?lang=en
7631241016145628446,homebyxi,https://www.tiktok.com/@homebyxi/video/7631241016145628446?lang=en
7631233447025069326,megnkingg,https://www.tiktok.com/@megnkingg/video/7631233447025069326?lang=en
7631262696859651358,kathleen_barnes,https://www.tiktok.com/@kathleen_barnes/video/7631262696859651358?lang=en
7631260760856939806,hellomorellos,https://www.tiktok.com/@hellomorellos/video/7631260760856939806?lang=en
7630994918453906719,lifestyledbybecca,https://www.tiktok.com/@lifestyledbybecca/video/7630994918453906719?lang=en
7630682923171122462,neutralcuratedhome,https://www.tiktok.com/@neutralcuratedhome/video/7630682923171122462?lang=en
7630156991712857357,cecilybauchmann,https://www.tiktok.com/@cecilybauchmann/video/7630156991712857357?lang=en
7630953065218182414,kayleeandrew18,https://www.tiktok.com/@kayleeandrew18/video/7630953065218182414?lang=en
7631422747737918741,mariakrishaaa,https://www.tiktok.com/@mariakrishaaa/video/7631422747737918741?lang=en
7634231181763955982,houseofsaintdesign,https://www.tiktok.com/@houseofsaintdesign/video/7634231181763955982
7634603841173966093,atelyan,https://www.tiktok.com/@atelalyan/video/7634603841173966093?lang=en
7636015899102792991,emstyles.7 ,https://www.tiktok.com/@emstyles.7/video/7636015899102792991?lang=en
7636104330545827103,amycooperhome ,https://www.tiktok.com/@amycooperhome/video/7636104330545827103?lang=en
7634324399763639565,taylor.scates,https://www.tiktok.com/@taylor.scates/video/7634324399763639565?lang=en
7634360848961654029,keepingupwithtamaraa,https://www.tiktok.com/@keepingupwithtamaraa/video/7634360848961654029?lang=en
7632924653731859725,allaboutmicha,https://www.tiktok.com/@allaboutmicha/video/7632924653731859725?lang=en
7632935659489021197,allaboutmicha,https://www.tiktok.com/@allaboutmicha/video/7632935659489021197?lang=en
7634618897097887007,tamaramariexoxo,https://www.tiktok.com/@tamaramariexoxo/video/7634618897097887007?lang=en
7634615115756686622,caitlynscollective,https://www.tiktok.com/@caitlynscollective/video/7634615115756686622?lang=en
7634612111754153246,stylemebea,https://www.tiktok.com/@stylemebea/video/7634612111754153246?lang=en
7634610866888936735,bethanyscozycorner,https://www.tiktok.com/@bethanyscozycorner/video/7634610866888936735?lang=en
7633972787090165006,jennmontoya_,https://www.tiktok.com/@jennmontoya_/video/7633972787090165006?lang=en
7632389131947003150,taylorkhinojosa,https://www.tiktok.com/@taylorkhinojosa/video/7632389131947003150?lang=en
7634741626459426062,styledbymckenz,https://www.tiktok.com/@styledbymckenz/video/7634741626459426062?lang=en
7634925620559875341,laurenashleyhansen,https://www.tiktok.com/@laurenashleyhansen/video/7634925620559875341?lang=en
7636067195793018125,skillinhome,https://www.tiktok.com/@skillinhome/video/7636067195793018125?lang=en
7636087589870636301,emily__livia,https://www.tiktok.com/@emily__livia/video/7636087589870636301?lang=en
7636077365684079902,tinatealhome,https://www.tiktok.com/@tinatealhome/video/7636077365684079902?lang=en
7636003987971427615,destinystylesss,https://www.tiktok.com/@destinystylesss/video/7636003987971427615?lang=en
7635083762606378270,margabrod,https://www.tiktok.com/@margabrod/video/7635083762606378270?lang=en
7635853738317532429,chloelysssa,https://www.tiktok.com/@chloelysssa/video/7635853738317532429?lang=en
7635670521283169549,lizzz_webb,https://www.tiktok.com/@lizzz_webb/video/7635670521283169549?lang=en
7635821039557070110,alishafloryn,https://www.tiktok.com/@alishafloryn/video/7635821039557070110?lang=en
7636271164620344607,3m.i.ly_c,https://www.tiktok.com/@3m.i.ly_c/video/7636271164620344607?lang=en
7636368121367940383,destinystylesss,https://www.tiktok.com/@destinystylesss/video/7636368121367940383?lang=en
7636243907239496990,simplyilma_,https://www.tiktok.com/@simplyilma_/video/7636243907239496990?lang=en
7636238387082513694,madelineeunes,https://www.tiktok.com/@madelineunes/video/7636238387082513694?lang=en
7636178292281806093,adventuresofthehaleys,https://www.tiktok.com/@adventuresofthehaleys/video/7636178292281806093?lang=en
7636422484002147597,allaboutmicha,https://www.tiktok.com/@allaboutmicha/video/7636422484002147597?lang=en
7636442697091370271,deliakesto,https://www.tiktok.com/@deliakesto/video/7636442697091370271?lang=en
7636111524792225054,marissa_forgione,https://www.tiktok.com/@marissa_forgione/video/7636111524792225054?lang=en
7635713986830421279,noah_in_nyc,https://www.tiktok.com/@noah_in_nyc/video/7635713986830421279?lang=en
7636494636982291742,emily.e.olson,https://www.tiktok.com/@emily.e.olson/video/7636494636982291742?lang=en
7636429842220633374,carleydurant,https://www.tiktok.com/@carleydurant/video/7636429842220633374?lang=en
7636574442096708877,rebekah_moon22,https://www.tiktok.com/@rebekah_moon22/video/7636574442096708877?lang=en
7636526266316885278,itsanniech,https://www.tiktok.com/@itsanniech/video/7636526266316885278?lang=en
7636476374424784158,sabinesunshine13,https://www.tiktok.com/@sabinesunshine133/video/7636476374424784158?lang=en
7636765696017353997,teci.xo,https://www.tiktok.com/@teci.xo/video/7636765696017353997?lang=en
7636845716299730190,emm_interiors,https://www.tiktok.com/@emm_interiors/video/7636845716299730190?lang=en
7636836265928822023,veerusso,https://www.tiktok.com/@veerusso/video/7636836265928822023?lang=en
7636822993385032981,nnekaezeanya,https://www.tiktok.com/@nnekaezeanya/video/7636822993385032981?lang=en
7636810169476713742,laurentaylorhome,https://www.tiktok.com/@laurentaylorhome/video/7636810169476713742?lang=en
7636809227410902303,tamaramariexoxo,https://www.tiktok.com/@tamaramariexoxo/video/7636809227410902303?lang=en
7636806443445898526,a_hunn,https://www.tiktok.com/@a_hunn/video/7636806443445898526?lang=en
7636794455852354846,ultra.boogie,https://www.tiktok.com/@ultra.boogie/video/7636794455852354846?lang=en
7638303025664150814,redothezoo,https://www.tiktok.com/@redothezoo/video/7638303025664150814?lang=en
7638420602944081165,skillinhome,https://www.tiktok.com/@skillinhome/video/7638420602944081165?lang=en
7636421706688580895,carleydurant,https://www.tiktok.com/@carleydurant/video/7636421706688580895?lang=en
7637688561784868126,carrieithome,https://www.tiktok.com/@carrieithome/video/7637688561784868126?lang=en
7638337545289338143,redothezoo,https://www.tiktok.com/@redothezoo/video/7638337545289338143?lang=en
7638485017957551373,val.abama,https://www.tiktok.com/@val.abama/video/7638485017957551373?lang=en
7638314244106145054,miadunkleyy,https://www.tiktok.com/@miadunkleyy/video/7638314244106145054?lang=en
7505044227710094623,coreyellhome,https://www.tiktok.com/@coryellhome/video/7505044227710094623?lang=en
7505829031720488238,teci.xo,https://www.tiktok.com/@teci.xo/video/7505829031720488238?lang=en
7505087071070031150,allabouthome_,https://www.tiktok.com/@allabouthome_/video/7505087071070031150?lang=en
7638629323800382733,dosesofcourtney,https://www.tiktok.com/@dosesofcourtney/video/7638629323800382733?lang=en
7638612210784144671,reallyrians,https://www.tiktok.com/@reallyrians/video/7638612210784144671?lang=en
7638247454491577613,byleahclaire,https://www.tiktok.com/@byleahclaire/video/7638247454491577613?lang=en
7638474174532570398,sarabrinka,https://www.tiktok.com/@sarabrinka/video/7638474174532570398?lang=en
7638712820086902047,redothezoo,https://www.tiktok.com/@redothezoo/video/7638712820086902047?lang=en
7638638285614615822,teci.xo,https://www.tiktok.com/@teci.xo/video/7638638285614615822?lang=en
7638764878110428447,carrieithome,https://www.tiktok.com/@carrieithome/video/7638764878110428447?lang=en
7638782071174941982,vicky.blanco,https://www.tiktok.com/@vickyy.blanco/video/7638782071174941982
7638819208238877983,whitneyrostis,https://www.tiktok.com/@whitneyrostis/video/7638819208238877983
7638822019995323679,rynelsonn,https://www.tiktok.com/@rynelsonn/video/7638822019995323679
7638640732542160141,nicolekess,https://www.tiktok.com/@nicolekess/video/7638640732542160141
7640387830090452237,styledbymckenz,https://www.tiktok.com/@styledbymckenz/video/7640387830090452237?lang=en
7640388060743617805,styledbymckenz,https://www.tiktok.com/@styledbymckenz/video/7640388060743617805?lang=en
7640870296542661901,styledbymckenz,https://www.tiktok.com/@styledbymckenz/video/7640870296542661901?lang=en
7636993559794650381,thehonorable20,https://www.tiktok.com/@thehonorable20/video/7636993559794650381?lang=en
7641414663732776223,paulabhome,https://www.tiktok.com/@paulabhome/video/7641414663732776223?lang=en
7643127691943677197,nicolekess,https://www.tiktok.com/@nicolekess/video/7643127691943677197?lang=en
7641638811788676382,carrieithome,https://www.tiktok.com/@carrieithome/video/7641638811788676382?lang=en
7445494019230141742,paytonaudreycamp,https://www.tiktok.com/@paytonaudreycamp/video/7445494019230141742
7540436242266148109,_oliviasara,https://www.tiktok.com/@_oliviasara/video/7540436242266148109?lang=en
7633254100779404558,_oliviasara,https://www.tiktok.com/@_oliviasara/video/7633254100779404558?lang=en
7532975219422579999,rachellliang,https://www.tiktok.com/@rachellliang/video/7532975219422579999?lang=en
7636874080192367885,paytonaudreycamp,https://www.tiktok.com/@paytonaudreycamp/video/7636874080192367885?lang=en
7538548917210795277,gracevickner,https://www.tiktok.com/@gracevickner/video/7538548917210795277?lang=en
7532132825324096782,susanpickett1,https://www.tiktok.com/@susanpickett1/video/7532132825324096782
7634747863267839246,theluxewife,https://www.tiktok.com/@theluxewife/video/7634747863267839246?lang=en
7636529602382335245,dxp.mo,https://www.tiktok.com/@dxp.mo/video/7636529602382335245?lang=en
7637125410853211422,tamaramariexoxo,https://www.tiktok.com/@tamaramariexoxo/video/7637125410853211422?lang=en
7637011777586335007,neutralcuratedhome,https://www.tiktok.com/@neutralcuratedhome/video/7637011777586335007?lang=en
7605365244726152461,keepingupwithmarli,https://www.tiktok.com/@keepingupwithmarli/video/7605365244726152461?lang=en
7636576949871086879,homebyella90,https://www.tiktok.com/@homebyella90/video/7636576949871086879?lang=en
7636798726077533453,sincerelysarahhome,https://www.tiktok.com/@sincerelysarahhome/video/7636798726077533453?lang=en
7637131584776293646,kristinaabeee,https://www.tiktok.com/@kristinaabeee/video/7637131584776293646?lang=en
7635297042285284622,kaelynpage,https://www.tiktok.com/@kaelynpage/video/7635297042285284622?lang=en
7514044775079775493,brycesherring,https://www.tiktok.com/@brycesherring/video/7514044775079775493?lang=en
7638769931399548190,lifestyledbybecca,https://www.tiktok.com/@lifestyledbybecca/video/7638769931399548190
7638805128102956319,marysergi7,https://www.tiktok.com/@marysergi7/video/7638805128102956319
7639226640240839967,3m.i.ly_c,https://www.tiktok.com/@3m.i.ly_c/video/7639226640240839967
7644196445817539853,sheelaziari,https://www.tiktok.com/@sheelaziari/video/7644196445817539853?lang=en
7644168276733349140,jasminebryannaaa,https://www.tiktok.com/@jasminebryannaaa/video/7644168276733349140?lang=en
7644036236897701134,laurenicole_,https://www.tiktok.com/@laurenicole_/video/7644036236897701134?lang=en
7644018062802357518,marissajenney,https://www.tiktok.com/@marissajenney/video/7644018062802357518?lang=en
7642484693971094798,mbaswell,https://www.tiktok.com/@mbaswell/video/7642484693971094798?lang=en
7641300484032089357,white.at.home,https://www.tiktok.com/@white.at.home/video/7641300484032089357?lang=en
7644382769438641421,kkailaa21,https://www.tiktok.com/@kkailaa21/video/7644382769438641421?lang=en
7642743404547280159,mollyhomejournal,https://www.tiktok.com/@mollyhomejournal/video/7642743404547280159?lang=en
7640586611759058206,juna_not_juno,https://www.tiktok.com/@juna_not_juno/video/7640586611759058206?lang=en
7644624548750494989,tayloralxs,https://www.tiktok.com/@tayloralxs/video/7644624548750494989?lang=en
7644606265804475679,kelseywizz,https://www.tiktok.com/@kelseywizz/video/7644606265804475679?lang=en
7644633254984830221,kshawnee,https://www.tiktok.com/@kshawnee/video/7644633254984830221?lang=en
7644606367273143565,heydanasia,https://www.tiktok.com/@heydanasia/video/7644606367273143565?lang=en
7644907877475388703,yiselliip,https://www.tiktok.com/@yiselliip/video/7644907877475388703?lang=en
7644905978311331102,dr.gardenfairy,https://www.tiktok.com/@dr.gardenfairy/video/7644905978311331102?lang=en
7644727264147475743,salenasfinds,https://www.tiktok.com/@salenasfinds/video/7644727264147475743?lang=en
7643265598570384670,theoriginalchichi,https://www.tiktok.com/@theeoriginalchichi/video/7643265598570384670?lang=en
7645062048925142285,val.abama,https://www.tiktok.com/@val.abama/video/7645062048925142285?lang=en
7649723993846566162,itsdailydiego,https://www.tiktok.com/@itsdailydiego/video/7649723993846566162?lang=en
7649206780739849486,val.abama,https://www.tiktok.com/@val.abama/video/7649206780739849486?lang=en
7646583670047919391,enerlivin,https://www.tiktok.com/@enerlivin/video/7646583670047919391?lang=en
7649124115051334943,baileywynnee,https://www.tiktok.com/@baileywynnee/video/7649124115051334943?lang=en
7648384105800846622,baileywynnee,https://www.tiktok.com/@baileywynnee/video/7648384105800846622?lang=en
7643131487667096863,baileywynnee,https://www.tiktok.com/@baileywynnee/video/7643131487667096863?lang=en
7649470711681043726,sydsullivan,https://www.tiktok.com/@sydsullivan/video/7649470711681043726
7647738938890800397,curatedbyreina_,https://www.tiktok.com/@curatedbyreina_/video/7647738938890800397?lang=en
7648252603163331870,amber_calderone,https://www.tiktok.com/@amber_calderone/video/7648252603163331870
7649125277179727134,jayceebrammer,https://www.tiktok.com/@jayceebrammer/video/7649125277179727134
7649036718733004046,sheelaziari,https://www.tiktok.com/@sheelaziari/video/7649036718733004046?lang=en
7647265031196871950,atelalyan,https://www.tiktok.com/@atelalyan/video/7647265031196871950?lang=en
7646786579968871694,sheelaziari,https://www.tiktok.com/@sheelaziari/video/7646786579968871694?lang=en
7646855604354419982,kshawnee,https://www.tiktok.com/@kshawnee/video/7646855604354419982?lang=en
7646817964502666510,kelseyeeasthome,https://www.tiktok.com/@kelseyeasthome/video/7646817964502666510?lang=en
7646025820355562782,ndethomasi,https://www.tiktok.com/@ndethomasi/video/7646025820355562782?lang=en
7646492503448882445,kshawnee,https://www.tiktok.com/@kshawnee/video/7646492503448882445?lang=en
7645276127082073374,itsneutralcatt,https://www.tiktok.com/@itsneutralcatt/video/7645276127082073374?lang=en
7645786116892675342,glitter_foxx,https://www.tiktok.com/@glitter_foxx/video/7645786116892675342?lang=en
7644993910648933662,itsbrittneeaspen,https://www.tiktok.com/@itsbrittneeaspen/video/7644993910648933662?lang=en
7644948413678750989,sheelaziari,https://www.tiktok.com/@sheelaziari/video/7644948413678750989?lang=en
7623960737588710670,sydsullivan,https://www.tiktok.com/@sydsullivan/video/7623960737588710670?lang=en
7649789316897525005,laurissanicolette,https://www.tiktok.com/@laurissanicolette/video/7649789316897525005?lang=en
7649771818265382157,housetohomeinteriors,https://www.tiktok.com/@housetohomeinterior/video/7649771818265382157?lang=en
7648854414177881375,homewiththechanners,https://www.tiktok.com/@homewiththechanners/video/7648854414177881375?lang=en
7649828787370200334,jai...wayyy,https://www.tiktok.com/@jai..wayyy/video/7649828787370200334?lang=en
7647319121415195918,carolinafinnegan,https://www.tiktok.com/@carolinafinnegan/video/7647319121415195918?lang=en
7648808940859362573,marksversion13,https://www.tiktok.com/@marksversion13/video/7648808940859362573
7646516186347212063,redothezoo,https://www.tiktok.com/@redothezoo/video/7646516186347212063
7646832843573841166,allabouthome_,https://www.tiktok.com/@allabouthome_/video/7646832843573841166?lang=en
7645663921692544270,lila.s.home,https://www.tiktok.com/@lila.s.home/video/7645663921692544270?lang=en&q=wayfair%20bar%20items%20&t=1780674204766
7644996569091034381,kshawnee,https://www.tiktok.com/@kshawnee/video/7644996569091034381?lang=en
7644707742371892510,ellemenzel,https://www.tiktok.com/@ellemenzel/video/7644707742371892510?lang=en
7646727832244178190,its.blayre,https://www.tiktok.com/@its.blayre/video/7646727832244178190?lang=en
7647261794674691358,kaitlyn_waters,https://www.tiktok.com/@kaitlyn_waters/video/7647261794674691358?lang=en
7647575729395338509,susanpickett1,https://www.tiktok.com/@susanpickett1/video/7647575729395338509?q=susanpickett1&t=1780951350697
7649091450075893023,itsjoseemitchell,https://www.tiktok.com/@itsjoseemitchell/video/7649091450075893023?q=wayfair&t=1781018648597
7649818657614220557,theinteriorgirl,https://www.tiktok.com/@theeinteriorgirl/video/7649818657614220557?lang=en
7648326395529055519,carleydurant,https://www.tiktok.com/@carleydurant/video/7648326395529055519?lang=en
7649106486651620622,allaboutmicha,https://www.tiktok.com/@allaboutmicha/video/7649106486651620622?lang=en
7649455757976407327,kellitesta,https://www.tiktok.com/@kellitesta/video/7649455757976407327?lang=en
7649515555283569933,macmac95,https://www.tiktok.com/@macmac95/video/7649515555283569933?lang=en
7646503146604285197,bri_yarbs,https://www.tiktok.com/@bri_yarbs/video/7646503146604285197?lang=en
7638624531493539085,bri_yarbs,https://www.tiktok.com/@bri_yarbs/video/7638624531493539085?lang=en
7650178031801208094,piajeraldinee,https://www.tiktok.com/@piajeraldinee/video/7650178031801208094?lang=en
7650194000523152653,atelalyan,https://www.tiktok.com/@atelalyan/video/7650194000523152653?lang=en
7649095718807915789,syd_erwin,https://www.tiktok.com/@syd_erwin/video/7649095718807915789?lang=en
7650278230250884383,theholidaymanor,https://www.tiktok.com/@theholidaymanor/video/7650278230250884383?lang=en
7649757750582414623,thewhitebrickhome,https://www.tiktok.com/@thewhitebrickhome/video/7649757750582414623?lang=en
7650277918073015582,brianyiatv,https://www.tiktok.com/@brianyiatv/video/7650277918073015582?lang=en
7650507995041844511,ellemenzel,https://www.tiktok.com/@ellemenzel/video/7650507995041844511?lang=en
7650536954706087181,laurentaylorhome,https://www.tiktok.com/@laurentaylorhome/video/7650536954706087181?lang=en
7650539427659271442,itsdailydiego,https://www.tiktok.com/@itsdailydiego/video/7650539427659271442?lang=en
7651616901134650637,glambytes,https://www.tiktok.com/@glambytes/video/7651616901134650637
7651348141018483981,brendamichelle__,https://www.tiktok.com/@brendamichellee_/video/7651348141018483981
7651037535539383566,deannahasan,https://www.tiktok.com/@deannahasan/video/7651037535539383566
7651387011110128926,clarityhome,https://www.tiktok.com/@clarityhome/video/7651387011110128926
7650880516564045069,alexis.naomi,https://www.tiktok.com/@alexis.naomi/video/7650880516564045069
7450305422654721310,mayasocials,https://www.tiktok.com/@mayasocials/video/7450305422654721310
7651985560684252429,alleyholland,https://www.tiktok.com/@alleyholland/video/7651985560684252429?lang=en
7652047199408344350,aleshaspov,https://www.tiktok.com/@aleshaspov/video/7652047199408344350
7652100247103032589,platinumhome.interiors,https://www.tiktok.com/@platinumhome.interiors/video/7652100247103032589?lang=en
7652129719059500318,katelazarski,https://www.tiktok.com/@katelazarski/video/7652129719059500318?lang=en
7651807869356100877,blushandbourban,https://www.tiktok.com/@blushandbourban/video/7651807869356100877?lang=en
7652507148357782815,graciebryan,https://www.tiktok.com/@graciebryann/video/7652507148357782815?lang=en
7652944455552503053,lily_elaina,https://www.tiktok.com/@lily_elaina/video/7652944455552503053
7653916114203708702,candijessie,https://www.tiktok.com/@candijessie/video/7653916114203708702
7653280354106756365,storyofzena,https://www.tiktok.com/@storyofzena/video/7653280354106756365
7652738286477184269,blondemomdiaries,https://www.tiktok.com/@blondemomdiaries/video/7652738286477184269?lang=en
7652419407922187533,karleyjaeetheredge,https://www.tiktok.com/@karleyjaeetheredge/video/7652419407922187533?lang=en
7652330480376892686,teci.xo,https://www.tiktok.com/@teci.xo/video/7652330480376892686?lang=en
7650243623929302285,skillinhome,https://www.tiktok.com/@skillinhome/video/7650243623929302285?lang=en
7651842106729778445,teci.xo,https://www.tiktok.com/@teci.xo/video/7651842106729778445?lang=en
7652023460440378637,partywithpeach,https://www.tiktok.com/@partywithpeach/video/7652023460440378637?lang=en
7652900246724381982,carrieithome,https://www.tiktok.com/@carrieithome/video/7652900246724381982?lang=en
7650535819886791967,hoojadaddy,https://www.tiktok.com/@hoojadaddy/video/7650535819886791967?lang=en
7650966049197804814,karleyjaeetheredge,https://www.tiktok.com/@karleyjaeetheredge/video/7650966049197804814?lang=en
7651010821891362062,fromcitytosuburbs,https://www.tiktok.com/@fromcitytosuburbs/video/7651010821891362062?lang=en
7652012997723884814,val.abama,https://www.tiktok.com/@val.abama/video/7652012997723884814?lang=en
7652114354699062559,paulabhome,https://www.tiktok.com/@paulabhome/video/7652114354699062559?lang=en
7652847719479790879,emily.e.olson.,https://www.tiktok.com/@emily.e.olson/video/7652847719479790879?lang=en
7651328049685859597,wayfair,https://www.tiktok.com/@wayfair/video/7651328049685859597?lang=en
7654256202246835470,kennedycgriffin,https://www.tiktok.com/@kennedycgriffin/video/7654256202246835470?lang=en
7654294163785141535,victoriadiebold,https://www.tiktok.com/@victoriadiebold/video/7654294163785141535
7654304547275394318,homeartmine,https://www.tiktok.com/@homeartmine/video/7654304547275394318?lang=en
7655412292410035486,3milyC ,https://www.tiktok.com/@3m.i.ly_c/video/7655412292410035486?lang=en
7652199127106751757,allaboutmicha,https://www.tiktok.com/@allaboutmicha/video/7652199127106751757?lang=en
7647234066227514655,itsbrittneeaspen ,https://www.tiktok.com/@itsbrittneeaspen/video/7647234066227514655?lang=en
7575976693735640375,foreignxlauryn ,https://www.tiktok.com/@foreignxlauryn/video/7575976693735640375?lang=en
7523008754497883406,thagal_ru,https://www.tiktok.com/@thagal_ru/video/7523008754497883406?lang=en
7549755865914543415,natkazz,https://www.tiktok.com/@natkazz/video/7549755865914543415?lang=en
7592774417864854815,ourwhiskeredlife ,https://www.tiktok.com/@ourwhiskeredlife/video/7592774417864854815?lang=en
7575692607372692766,luckymia_ugc,https://www.tiktok.com/@luckymia_ugc/video/7575692607372692766?lang=en
7500684071270665518,allaboutmicha,https://www.tiktok.com/@allaboutmicha/video/7500684071270665518
7483937181543714090,crystyle_nyc,https://www.tiktok.com/@crystyle_nyc/video/7483937181543714090
7521912299137813774,theforagedabode,https://www.tiktok.com/@theforagedabode/video/7521912299137813774?lang=en
7531778912880282893,libby.girl.mama,https://www.tiktok.com/@libby.girl.mama/video/7531778912880282893
7542929550800440606,itsbrittneeaspen,https://www.tiktok.com/@itsbrittneeaspen/video/7542929550800440606
7521920661187480862,jayvamyers,https://www.tiktok.com/@jayvamyers/video/7521920661187480862?q=wayfair%20dresser&t=1757535854868
7487674664429341983,nikki.influence,https://www.tiktok.com/@nikki.influence/video/7487674664429341983
7555967682990984503,taylorkhinojosa,https://www.tiktok.com/@taylorkhinojosa/video/7555967682990984503?lang=en
7559573976100523294,itsbrittneeaspen,https://www.tiktok.com/@itsbrittneeaspen/video/7559573976100523294
7564518583988931853,eliziaamore,https://www.tiktok.com/@eliziaamore/video/7564518583988931853
7565648875487284511,itsbrittneeaspen,https://www.tiktok.com/@itsbrittneeaspen/video/7565648875487284511
7568554858488286494,acthatsme19,https://www.tiktok.com/@acthatsme19/video/7568554858488286494
7558195312020540727,adelle0123,https://www.tiktok.com/@adelle0123/video/7558195312020540727?lang=en
7526366402874314015,citycactuscountry,https://www.tiktok.com/@citycactuscountry/video/7526366402874314015?region=us_ttp
7579343064741711118,danaemangold,https://www.tiktok.com/@danaemangold/video/7579343064741711118?lang=en
7577878305244761374,joyclynragira,https://www.tiktok.com/@joyclynragira/video/7577878305244761374?lang=en
7577472540575075639,anamarie_xoxo,https://www.tiktok.com/@anamarie_xoxo/video/7577472540575075639?lang=en
7579863896731798798,stayspretty,https://www.tiktok.com/@stayspretty/video/7579863896731798798
7529241133092736286,cysstyles,https://www.tiktok.com/@cysstyles/video/7529241133092736286?lang=en
7577429500221197598,mesanicole,https://www.tiktok.com/@mesanicolee/video/7577429500221197598?lang=en
7581348114137713950,kailaniparedes,https://www.tiktok.com/@kailaniparedes/video/7581348114137713950?lang=en
7583119602113088782,melinatesi,https://www.tiktok.com/@melinatesi/video/7583119602113088782?lang=en
7586452558936427790,donniemami,https://www.tiktok.com/@donniemami/video/7586452558936427790
7592005832653557006,duchess.lifetsyle,https://www.tiktok.com/@duchess.lifestyle/video/7592005832653557006
7592644541472083213,jazz.k9,https://www.tiktok.com/@jazz.k9/video/7592644541472083213
7592029449768553783,taylorkhinojosa,https://www.tiktok.com/@taylorkhinojosa/video/7592029449768553783
7581233497990303007,tonyeinstyle,https://www.tiktok.com/@tonyeinstyle/video/7581233497990303007
7597969942763277598,itssaquasa,https://www.tiktok.com/@itssaquasa/video/7597969942763277598
7600215004004060446,thatbaldmomtrepreneur,https://www.tiktok.com/@thatbaldmomtrepreneur/video/7600215004004060446?lang=en
7603472499367628046,jennmontoya_,https://www.tiktok.com/@jennmontoya_/video/7603472499367628046
7603425458792729886,mydiycasa,https://www.tiktok.com/@mydiycasa/video/7603425458792729886
7604566514037017886,kristenrstevens,https://www.tiktok.com/@kristenrstevens/video/7604566514037017886?lang=en
7605362084355886350,poppys_home,https://www.tiktok.com/@poppys_home/video/7605362084355886350?lang=en
7605980812692983070,sadethestrategist,https://www.tiktok.com/@sadethestrategist/video/7605980812692983070
7607919138656324878,erinfromriverhome,https://www.tiktok.com/@erinfromriverhomeco/video/7607919138656324878?lang=en
7607978653158247711,emma_hawkkins,https://www.tiktok.com/@emma_hawkkins/video/7607978653158247711?lang=en
7608246258607639822,jaslynstrong,https://www.tiktok.com/@jaslynstrong/video/7608246258607639822
7612505001310620958,enerlivin,https://www.tiktok.com/@enerlivin/video/7612505001310620958?lang=en
7611588686840352014,allaboutmicha,https://www.tiktok.com/@allaboutmicha/video/7611588686840352014?lang=en
7613947747556740382,parkerstyle_,https://www.tiktok.com/@parkerstyle_/video/7613947747556740382?lang=en
7614723424144936223,ailenmontanze,https://www.tiktok.com/@ailenemontanez/video/7614723424144936223?lang=en
7614602403249261838,victoriaaa_ashleyyy,https://www.tiktok.com/@victoriaaa_ashleyyy/video/7614602403249261838
7615041491102092575,got_giftss,https://www.tiktok.com/@got_giftss/video/7615041491102092575
7617194622258859295,parkerstyle_,https://www.tiktok.com/@parkerstyle_/video/7617194622258859295?lang=en
7645326182560353549,rachhlondon,https://www.tiktok.com/@rachhlondon/video/7645326182560353549?lang=en
7660205744607776013,teci.xo,https://www.tiktok.com/@teci.xo/video/7660205744607776013?lang=en
7660207276283792653,partywithpeach,https://www.tiktok.com/@partywithpeach/video/7660207276283792653?lang=en
7612434120135707935,carrieithome,https://www.tiktok.com/@carrieithome/video/7612434120135707935?lang=en
7611592251092831518,redothezoo,https://www.tiktok.com/@redothezoo/video/7611592251092831518?lang=en
7611646473813380382,megleanardco,https://www.tiktok.com/@megleonardco/video/7611646473813380382?lang=en
7612721256860830989,secondswithsarah,https://www.tiktok.com/@secondswithsarah/video/7612721256860830989?lang=en
7611296795863420191,paulabhome,https://www.tiktok.com/@paulabhome/video/7611296795863420191
7630802931389926687,alishafloryn,https://www.tiktok.com/@alishafloryn/video/7630802931389926687?lang=en
7637451057664232735,alishafloryn,https://www.tiktok.com/@alishafloryn/video/7637451057664232735?lang=en
7646830438161370398,aneesahlasaan,https://www.tiktok.com/@aneesahlasaan/video/7646830438161370398
7515089863159352606,meggieferrerhome,https://www.tiktok.com/@meggieferrerhome/video/7515089863159352606?lang=en
7610186486658436383,itsneutralcatt,https://www.tiktok.com/@itsneutralcatt/video/7610186486658436383
7543250161288350989,likeherstyle,https://www.tiktok.com/@likeherstyle/video/7543250161288350989
7635081109453147423,alishafloryn,https://www.tiktok.com/@alishafloryn/video/7635081109453147423
7615245690335218958,sheelaziari,https://www.tiktok.com/@sheelaziari/video/7615245690335218958
7605658504975748365,skillinhome ,https://www.tiktok.com/@skillinhome/video/7605658504975748365?lang=en
7610802030105365773,sheelaziari,https://www.tiktok.com/@sheelaziari/video/7610802030105365773?lang=en
7650545944747838751,julia.fei,https://www.tiktok.com/@julia.fei/video/7650545944747838751
7648796557831195935,felicitenmbaye,https://www.tiktok.com/@felicitenmbaye/video/7648796557831195935?lang=en
7506701444574154014,laneciastallworth,https://www.tiktok.com/@laneciastallworth/video/7506701444574154014?lang=en
7650221953806044429,ty4windowshopping,https://www.tiktok.com/@ty4windowshopping/video/7650221953806044429?lang=en
7499570808067493166,susanpickett1,https://www.tiktok.com/@susanpickett1/video/7499570808067493166?lang=en
7659817001283570957,tulio_sasaya,https://www.tiktok.com/@tulio_sasaya/video/7659817001283570957
7659978551814294797,marymargaretbell,https://www.tiktok.com/@marymargaretbell/video/7659978551814294797?q=wayfair%20college&t=1783527405553
7660239204911303950,nicolekess,https://www.tiktok.com/@nicolekess/video/7660239204911303950?lang=en
7657569692889976077,lisamillerinreallife,https://www.tiktok.com/@lisamillerinreallife/video/7657569692889976077?lang=en
7660558538548202765,teci.xo,https://www.tiktok.com/@teci.xo/video/7660558538548202765?lang=en
7662091654274256141,heydanasia,https://www.tiktok.com/@heydanasia/video/7662091654274256141?lang=en
7657924109191384351,megleanardco,https://www.tiktok.com/@megleonardco/video/7657924109191384351?lang=en
7657152690929110302,carrieithome,https://www.tiktok.com/@carrieithome/video/7657152690929110302?lang=en
7656596578437762334,3m.i.ly_,https://www.tiktok.com/@3m.i.ly_c/video/7656596578437762334?lang=en
7656187600121711903,paulabhome,https://www.tiktok.com/@paulabhome/video/7656187600121711903?lang=en
7654281806836944141,skillinhome,https://www.tiktok.com/@skillinhome/video/7654281806836944141?lang=en
7661974377889598733,its.blayre,https://www.tiktok.com/@its.blayre/video/7661974377889598733?lang=en
7660743205058514207,carrieithome,https://www.tiktok.com/@carrieithome/video/7660743205058514207?lang=en 
7656960388956687629,val.abama,https://www.tiktok.com/@val.abama/video/7656960388956687629?lang=en
7652053827574648077,lifeinwaheaven,https://www.tiktok.com/@lifeinwaheaven/video/7652053827574648077?lang=en
7647293148137344269,avanevajett,https://www.tiktok.com/@avanevajett/video/7647293148137344269?lang=en
7659405584701115661,poppys_home,https://www.tiktok.com/@poppys_home/video/7659405584701115661?lang=en
7650627073240780063,essentialswitheden,https://www.tiktok.com/@essentialswitheden/video/7650627073240780063
7657188955854589215,madelinermartin,https://www.tiktok.com/@madelinermartin/video/7657188955854589215
7650473937062726926,donnettahaynes,https://www.tiktok.com/@donnettahaynes/video/7650473937062726926
7646838217165032718,skillinhome,https://www.tiktok.com/@skillinhome/video/7646838217165032718?lang=en
7649107962157337886,mer__diana,https://www.tiktok.com/@mer__diana/video/7649107962157337886
7646606183402425614,lafevreliving,https://www.tiktok.com/@lafevreliving/video/7646606183402425614
7646385430341995789,brianna_zhang,https://www.tiktok.com/@brianna_zhang/video/7646385430341995789?lang=en
7646788223292771598,elliotgabey_,https://www.tiktok.com/@elliotgabey_/video/7646788223292771598?lang=en
7655088674132020494,katherine.a.baker,https://www.tiktok.com/@katherine.a.baker/video/7655088674132020494?lang=en
7534745552953642254,susanpickett1 ,https://www.tiktok.com/@susanpickett1/video/7534745552953642254?lang=en
7659911230076816654,karleyjaeetheredge,https://www.tiktok.com/@karleyjaeetheredge/video/7659911230076816654?lang=en
7659882203941244173,grwmhudson,https://www.tiktok.com/@grwmhudson/video/7659882203941244173?lang=en
7657970528644238605,partywithpeach,https://www.tiktok.com/@partywithpeach/video/7657970528644238605?lang=en
7662599134926392606,itsbrittneeaspen,https://www.tiktok.com/@itsbrittneeaspen/video/7662599134926392606?lang=en
7655014989098405134,normanmarlowevans,https://www.tiktok.com/@normanmarlowevans/video/7655014989098405134?lang=en
7654942233375935774,ellemenzel,https://www.tiktok.com/@ellemenzel/video/7654942233375935774?lang=en
7655023068896562446,kaitlynedejer,https://www.tiktok.com/@kaitlynedejer/video/7655023068896562446
7655348194011893022,pulaskisinthepines,https://www.tiktok.com/@pulaskisinthepines/video/7655348194011893022?lang=en
7655731665947381022,kristenrstevens,https://www.tiktok.com/@kristenrstevens/video/7655731665947381022?lang=en
7656437087041785102,tuxedofarmhouse,https://www.tiktok.com/@tuxedofarmhouse/video/7656437087041785102
7656830547347442958,live.love.luxury4,https://www.tiktok.com/@live.love.luxury4/video/7656830547347442958
7657258490645302558,libby.loving,https://www.tiktok.com/@libby.loving/video/7657258490645302558
7659255219699617038,katherine.a.baker,https://www.tiktok.com/@katherine.a.baker/video/7659255219699617038?lang=en
7658419688912801038,emmaraenfranklin,https://www.tiktok.com/@emmaraenfranklin/video/7658419688912801038?lang=en
7658005735107726623,acthatsme19,https://www.tiktok.com/@acthatsme19/video/7658005735107726623?lang=en&q=wayfair%20elevate&t=1783350327146
7659444638444522765,mrsmeganbranch,https://www.tiktok.com/@mrsmeganbranch/video/7659444638444522765?lang=en
7658771186486217998,oneswatch,https://www.tiktok.com/@oneswatch/video/7658771186486217998?lang=en
7659413518201916703,rolliecozydiy,https://www.tiktok.com/@rolliecozydiy/video/7659413518201916703?lang=en&q=wayfair%20elevate&t=1783369622344
7659776856173939998,ellemenzel,https://www.tiktok.com/@ellemenzel/video/7659776856173939998?lang=en
7659588173311331598,nahomijorger,https://www.tiktok.com/@nahomijorger/video/7659588173311331598?lang=en
7663541129278770445,Sarahdorothylittle,https://www.tiktok.com/@sarahdorothylittle/video/7663541129278770445?lang=en
7659797686853307678,houseofgracie,https://www.tiktok.com/@houseofgracie/video/7659797686853307678?lang=en&q=wayfair%20creator&t=1783446932091
7659558086436310286,hasbrouckhome,https://www.tiktok.com/@hasbrouckhome/video/7659558086436310286?lang=en
7659776071390317837,susanpickett1,https://www.tiktok.com/@susanpickett1/video/7659776071390317837?lang=en
7659981970926996767,homebyxi,https://www.tiktok.com/@homebyxi/video/7659981970926996767
7660154910259842325,dalshav,https://www.tiktok.com/@dalshav/video/7660154910259842325
7660597007890844948,dalshav,https://www.tiktok.com/@dalshav/video/7660597007890844948
7660367425526877471,3m.i.ly_c,https://www.tiktok.com/@3m.i.ly_c/video/7660367425526877471?lang=en
7661754539590028574,jenn_dunning,https://www.tiktok.com/@jenn_dunning/video/7661754539590028574
7661685080980540686,tracybanura,https://www.tiktok.com/@tracybanura/video/7661685080980540686
7661734546009869581,makeupgirlericakate,https://www.tiktok.com/@makeupgirlericakate/video/7661734546009869581?q=wayfair%20elevate&t=1783967529893
7662365523828608287,myhomebodylife,https://www.tiktok.com/@myhomebodylife/video/7662365523828608287?lang=en
7662362385226763550,kellitesta,https://www.tiktok.com/@kellitesta/video/7662362385226763550?lang=en
7662603863249128735,abbyprowse,https://www.tiktok.com/@abbyprowse/video/7662603863249128735
7662791894723742989,tracybanura,https://www.tiktok.com/@tracybanura/video/7662791894723742989
7662108448389106957,rlyee_schuchard,https://www.tiktok.com/@rylee_schuchard/video/7662108448389106957?q=wayfair%20finds&t=1784141167123
7550491152059862286,kkasiaizabella,https://www.tiktok.com/@kkasiaizabella/video/7550491152059862286?lang=en
7565661994720726303,unabreithaupt,https://www.tiktok.com/@unabreithaupt/video/7565661994720726303?q=wayfair%20fall&t=1784227894413
7661781032961723661,kshawnee,https://www.tiktok.com/@kshawnee/video/7661781032961723661?lang=en
7661730322752539935,megleanardco,https://www.tiktok.com/@megleonardco/video/7661730322752539935?lang=en
7659874431719705870,curatedbyreina,https://www.tiktok.com/@curatedbyreina_/video/7659874431719705870?lang=en
7565618310381899021,taylorpauley2,https://www.tiktok.com/@taylorpauley2/video/7565618310381899021?q=wayfair%20fall%20decor&t=1784228689407
7664607573894647071,abbie.meister,https://www.tiktok.com/@abbie.meister/video/7664607573894647071
7664623747965537549,kendallspell,https://www.tiktok.com/@kendallspell/video/7664623747965537549
7664646230345092365,theeinteriorgirl,https://www.tiktok.com/@theeinteriorgirl/video/7664646230345092365
7501109260072324394,elijahbanks_,https://www.tiktok.com/@elijahbanks_/video/7501109260072324394?region=us_ttp
7500775265895877934,anainteriors,https://www.tiktok.com/@anainteriors/video/7500775265895877934
7500933450929720622,curatedbyreina_,https://www.tiktok.com/@curatedbyreina_/video/7500933450929720622?region=us_ttp
7500637054389325087,redothezoo,https://www.tiktok.com/@redothezoo/video/7500637054389325087?region=us_ttp
7501389128555056427,skillinhome,https://www.tiktok.com/@skillinhome/video/7501389128555056427?region=us_ttp
7478917333910605098,doyelmichelle,https://www.tiktok.com/@doyelmichelle/video/7478917333910605098?q=wayfair%20tv%20console&t=1746025452362
7499566062409731358,jenn_dunning,https://www.tiktok.com/@jenn_dunning/video/7499566062409731358
7501396946066656555,skillinhome,https://www.tiktok.com/@skillinhome/video/7501396946066656555?region=us_ttp
7404612944895446315,vanessa_b79,https://www.tiktok.com/@vanessa_b79/video/7404612944895446315
7501165209772608814,ellendefrank,https://www.tiktok.com/@ellendefrank/video/7501165209772608814
7501301272784506143,alishafloryn,https://www.tiktok.com/@alishafloryn/video/7501301272784506143?region=us_ttp
7353846493679291691,myhomebodylife,https://www.tiktok.com/@myhomebodylife/video/7353846493679291691?q=wayfair%20kitchen%20must%20have&t=1746538468654
7499494144851873070,jaylinmotleyy,https://www.tiktok.com/@jaylinmotleyy/video/7499494144851873070
7501344444780645663,mags_therescue,https://www.tiktok.com/@mags_therescue/video/7501344444780645663
7503951414604041518,belllaquintero,https://www.tiktok.com/@belllaquintero/video/7503951414604041518?region=us_ttp
7502213687042788650,allaboutmicha,https://www.tiktok.com/@allaboutmicha/video/7502213687042788650?region=us_ttp
7503913491057724702,redothezoo,https://www.tiktok.com/@redothezoo/video/7503913491057724702?region=us_ttp
7503666607906999598,myneutralliving,https://www.tiktok.com/@myneutralliving/video/7503666607906999598?region=us_ttp
7503996373021281578,kshawnee,https://www.tiktok.com/@kshawnee/video/7503996373021281578?region=us_ttp
7504098894888930591,jengermargaretbrown,https://www.tiktok.com/@jengermargaretbrown/video/7504098894888930591?region=us_ttp
7500034975060806942,enerlivin,https://www.tiktok.com/@enerlivin/video/7500034975060806942
7501049269776960799,nyshaeg,https://www.tiktok.com/@nyshaeg/video/7501049269776960799?lang=en
7459936600064052522,barbaraoncall,https://www.tiktok.com/@barbaraoncall/video/7459936600064052522
7501107091889851694,anna.fenstermacher,https://www.tiktok.com/@anna.fenstermacher/video/7501107091889851694
7501670972865400106,dzaninatahirovic,https://www.tiktok.com/@dzaninatahirovic/video/7501670972865400106
7498720836027813166,camillebparizek,https://www.tiktok.com/@camillebparizek/video/7498720836027813166
7495609729427967278,simplyilma_,https://www.tiktok.com/@simplyilma_/video/7495609729427967278?region=us_ttp
7449108822225915182,jackmastro_,https://www.tiktok.com/@jackmastro_/video/7449108822225915182
7477640427974233390,hasbrouckhome,https://www.tiktok.com/@hasbrouckhome/video/7477640427974233390
7499926455346793759,linenoaksinteriors,https://www.tiktok.com/@linenoaksinteriors/video/7499926455346793759
7504078614217116974,beautywithraami,https://www.tiktok.com/@beautywithraami/video/7504078614217116974?region=us_ttp
7478014191069187374,allabouthome_,https://www.tiktok.com/@allabouthome_/video/7478014191069187374?lang=en
7329581949591309599,alexisarion,https://www.tiktok.com/@alexisarion/video/7329581949591309599
6974523802390760710,valleyali,https://www.tiktok.com/@valleyali/video/6974523802390760710
7418569916623686955,athomewithdevin,https://www.tiktok.com/@athomewithdevin/video/7418569916623686955
7504926220035902751,rangel.lizzy,https://www.tiktok.com/@rangel.lizzy/video/7504926220035902751?region=us_ttp
7506184192045354286,only1jasmyne,https://www.tiktok.com/@only1jasmyne/video/7506184192045354286?region=us_ttp
7497716536703028511,kpzhomee,https://www.tiktok.com/@kpzhomee/video/7497716536703028511?region=us_ttp
7506291576780492063,.allie.may,https://www.tiktok.com/@.allie.may/video/7506291576780492063?region=us_ttp
7505940739642215726,kshawnee,https://www.tiktok.com/@kshawnee/video/7505940739642215726?region=us_ttp
7506146523697237278,redothezoo,https://www.tiktok.com/@redothezoo/video/7506146523697237278?region=us_ttp
7504044019371035950,skillinhome,https://www.tiktok.com/@skillinhome/video/7504044019371035950?region=us_ttp
7500726352182512927,n.diazzz,https://www.tiktok.com/@n.diazzz/video/7500726352182512927
7192238560970362154,cityfarmhouse,https://www.tiktok.com/@cityfarmhouse/video/7192238560970362154
7498768708056124703,natslife2.o,https://www.tiktok.com/@natslife2.o/video/7498768708056124703
7469963712959401259,librababy_75,https://www.tiktok.com/@librababy_75/video/7469963712959401259?region=us_ttp
7507027698020027690,curatedbyreina_,https://www.tiktok.com/@curatedbyreina_/video/7507027698020027690?region=us_ttp
7503589135442103582,ckallenlabaume,https://www.tiktok.com/@ckallenlabaume/video/7503589135442103582?lang=en
7470893246894411013,donnadelaine_home,https://www.tiktok.com/@donnadelaine_home/video/7470893246894411013?region=us_ttp
7457729135775993134,brittanyanewcomer,https://www.tiktok.com/@brittanyanewcomer/video/7457729135775993134?lang=en
7505965503979212078,brookeoberhauser,https://www.tiktok.com/@brookeoberhauser/video/7505965503979212078?region=us_ttp
7505243361515736366,bmm993,https://www.tiktok.com/@bmm993/video/7505243361515736366
7506553985814433070,teci.xo,https://www.tiktok.com/@teci.xo/video/7506553985814433070?region=us_ttp
7479272818874764590,char.makes.things,https://www.tiktok.com/@char.makes.things/video/7479272818874764590?lang=en
7506683852757241134,makkkkkenziehamrick,https://www.tiktok.com/@makkkkkenziehamrick/video/7506683852757241134?lang=en
7505149825013337374,hannah.is.home,https://www.tiktok.com/@hannah.is.home/video/7505149825013337374?lang=en
7500356991471160606,celestemaarie,https://www.tiktok.com/@celestemaarie/video/7500356991471160606?region=us_ttp
7509149108947406126,feygarza,https://www.tiktok.com/@feygarza/video/7509149108947406126
7508922779497008427,komahhd,https://www.tiktok.com/@komahhd/video/7508922779497008427
7508917270131887402,megvanwormer,https://www.tiktok.com/@megvanwormer/video/7508917270131887402
7509874701737692447,taymaed,https://www.tiktok.com/@taymaed/video/7509874701737692447
7507381810452614431,jenn_dunning,https://www.tiktok.com/@jenn_dunning/video/7507381810452614431?region=us_ttp
7500903482417794335,ajayxthomas,https://www.tiktok.com/@ajayxthomas/video/7500903482417794335
7501150120570866974,rangel.lizzy,https://www.tiktok.com/@rangel.lizzy/video/7501150120570866974?region=us_ttp
7497982963062295850,taraelaine__,https://www.tiktok.com/@taraelaine__/video/7497982963062295850?region=us_ttp
7494029768162118942,ugcyoori,https://www.tiktok.com/@ugcyoori/video/7494029768162118942?lang=en
7503230265305599263,whoiskiarac,https://www.tiktok.com/@whoiskiarac/video/7503230265305599263
7498119783754370335,notlaurenalyciamae,https://www.tiktok.com/@notlaurenalyciamae/video/7498119783754370335
7506199937407798571,only1jasmyne,https://www.tiktok.com/@only1jasmyne/video/7506199937407798571?region=us_ttp
7501817663165943083,wowworld_decor,https://www.tiktok.com/@wowworld_decor/video/7501817663165943083
7508769551224605998,teci.xo,https://www.tiktok.com/@teci.xo/video/7508769551224605998?region=us_ttp
7507609349066460447,athomewithdevin,https://www.tiktok.com/@athomewithdevin/video/7507609349066460447?region=us_ttp
7503031233559923999,carleydurant,https://www.tiktok.com/@carleydurant/video/7503031233559923999?lang=en
7503320658647043370,meeishh,https://www.tiktok.com/@meeishh/video/7503320658647043370?lang=en
7503233357547932974,talk2tinaa,https://www.tiktok.com/@talk2tinaa/video/7503233357547932974?lang=en
7488332982122597662,carlyashira,https://www.tiktok.com/@carlyashira/video/7488332982122597662?lang=en
7501102469162863903,.callmekay,https://www.tiktok.com/@.callmekay/video/7501102469162863903
7372623837650914606,iamsimban,https://www.tiktok.com/@iamsimban/video/7372623837650914606
7504432892810939678,hoojadaddy,https://www.tiktok.com/@hoojadaddy/video/7504432892810939678?region=us_ttp
7505882585923472671,eves_mad,https://www.tiktok.com/@eves_mad/video/7505882585923472671
7485046757378886942,carolslifestyled,https://www.tiktok.com/@carolslifestyled/video/7485046757378886942?region=us_ttp
7474051020130176298,_samdenaye,https://www.tiktok.com/@_samdenaye/video/7474051020130176298?region=us_ttp
7503596406708489502,chanelgisel,https://www.tiktok.com/@chanelgisel/video/7503596406708489502?region=us_ttp
7506225199809842475,tylr.mxchl,https://www.tiktok.com/@tylr.mxchl/video/7506225199809842475
7501872456492125470,nyshaeg,https://www.tiktok.com/@nyshaeg/video/7501872456492125470
7509926680866082094,sophiarpeterson,https://www.tiktok.com/@sophiarpeterson/video/7509926680866082094?region=us_ttp
7481830118210440479,thelovelymiaa,https://www.tiktok.com/@thelovelymiaa/video/7481830118210440479?region=us_ttp
7509926911531945246,jenn_dunning,https://www.tiktok.com/@jenn_dunning/video/7509926911531945246?region=us_ttp
7509846743467494702,theessenceofnae,https://www.tiktok.com/@theessenceofnae/video/7509846743467494702?region=us_ttp
7475439517655223583,reaganncreasy,https://www.tiktok.com/@reaganncreasy/video/7475439517655223583?lang=en
7506218562269318430,emily.e.olson,https://www.tiktok.com/@emily.e.olson/video/7506218562269318430
7506875360525487402,nicolesmook,https://www.tiktok.com/@nicolesmook/video/7506875360525487402?lang=en
7509964797090352415,hakiemlewis,https://www.tiktok.com/@hakiemlewis/video/7509964797090352415
7380844656952642862,sincerelyginalee,https://www.tiktok.com/@sincerelyginalee/video/7380844656952642862
7512462720818597150,hannah.is.home,https://www.tiktok.com/@hannah.is.home/video/7512462720818597150
7513759383268953390,nicolesmook,https://www.tiktok.com/@nicolesmook/video/7513759383268953390?region=us_ttp
7501476324716891435,curatedbyreina_,https://www.tiktok.com/@curatedbyreina_/video/7501476324716891435?region=us_ttp
7502553598816193822,.callmekay,https://www.tiktok.com/@.callmekay/video/7502553598816193822?region=us_ttp
7475169549348965678,officialpaulav,https://www.tiktok.com/@officialpaulav/video/7475169549348965678?region=us_ttp
7480712320511937834,modernfarmhouse_ohio,https://www.tiktok.com/@modernfarmhouse_ohio/video/7480712320511937834?region=us_ttp
7486869492056788229,donnadelaine_home,https://www.tiktok.com/@donnadelaine_home/video/7486869492056788229?region=us_ttp
7506990611451432234,abbyjochum,https://www.tiktok.com/@abbyjochum/video/7506990611451432234?region=us_ttp
7502842889748122922,haikettua_atl,https://www.tiktok.com/@haikettua_atl/video/7502842889748122922?region=us_ttp
7502318549378157867,killamaurii,https://www.tiktok.com/@killamaurii/video/7502318549378157867?region=us_ttp
7376254975774625067,smc.living,https://www.tiktok.com/@smc.living/video/7376254975774625067
7501424954445958430,.callmekay,https://www.tiktok.com/@.callmekay/video/7501424954445958430?region=us_ttp
7506661474727709994,disneywithnicole,https://www.tiktok.com/@disneywithnicole/video/7506661474727709994
7504502417640230174,dariajw,https://www.tiktok.com/@dariajw/video/7504502417640230174?region=us_ttp
7513206212641508651,sophiarpeterson,https://www.tiktok.com/@sophiarpeterson/video/7513206212641508651?region=us_ttp
7505800628224937258,skillinhome,https://www.tiktok.com/@skillinhome/video/7505800628224937258?region=us_ttp
7508829688807099678,dananicoledesigns,https://www.tiktok.com/@dananicoledesigns/video/7508829688807099678
7511392580932750635,hasbrouckhome,https://www.tiktok.com/@hasbrouckhome/video/7511392580932750635?lang=en
7511505037777014059,outfitsbyashley,https://www.tiktok.com/@outfitsbyashley/video/7511505037777014059
7507807888241446174,j_kilaa,https://www.tiktok.com/@j_kilaa/video/7507807888241446174?region=us_ttp
7507762696805256479,obtainedvisions,https://www.tiktok.com/@obtainedvisions/video/7507762696805256479?region=us_ttp
7508224072942144810,fanmsabelle_,https://www.tiktok.com/@fanmsabelle_/video/7508224072942144810?region=us_ttp
7513285187518614830,sophiarpeterson,https://www.tiktok.com/@sophiarpeterson/video/7513285187518614830?region=us_ttp
7505627782039358763,whatjasloves,https://www.tiktok.com/@whatjasloves/video/7505627782039358763
7137782592119541038,sadielizwilliams,https://www.tiktok.com/@sadielizwilliams/video/7137782592119541038
7505782845814721823,jasmineashantae,https://www.tiktok.com/@jasmineashantae/video/7505782845814721823?region=us_ttp
7504439035033603371,sheenas_wellness_glow_up,https://www.tiktok.com/@sheenas_wellness_glow_up/video/7504439035033603371?region=us_ttp
7496560181464026399,meggieferrerhome,https://www.tiktok.com/@meggieferrerhome/video/7496560181464026399?region=us_ttp
7509609917079194911,mikalahrodgers22,https://www.tiktok.com/@mikalahrodgers22/video/7509609917079194911
7515500100794289438,larissa_malk,https://www.tiktok.com/@larissa_malk/video/7515500100794289438?region=us_ttp
7213909433833901318,lamaisonencampagne,https://www.tiktok.com/@lamaisonencampagne/video/7213909433833901318?lang=en
7506533231995505950,_madamj,https://www.tiktok.com/@_madamj/video/7506533231995505950?region=us_ttp
7506511508701023531,tyeisathome,https://www.tiktok.com/@tyeisathome/video/7506511508701023531?region=us_ttp
7506711358818389294,marisanmorales,https://www.tiktok.com/@marisanmorales/video/7506711358818389294
7506971150799424798,.allie.may,https://www.tiktok.com/@.allie.may/video/7506971150799424798?lang=en
7509106251054255406,spacesandplacesbysheila,https://www.tiktok.com/@spacesandplacesbysheila/video/7509106251054255406
7511324450067877150,laurenodessa,https://www.tiktok.com/@laurenodessa/video/7511324450067877150?lang=en
7440603389831941431,neahimani,https://www.tiktok.com/@neahimani/video/7440603389831941431
7483194599427607851,athomewithamandaapple,https://www.tiktok.com/@athomewithamandaapple/video/7483194599427607851
7499928377768414507,miaavoo,https://www.tiktok.com/@miaavoo/video/7499928377768414507?region=us_ttp
7514151445961198894,homewithsaja,https://www.tiktok.com/@homewithsaja/video/7514151445961198894?lang=en
7514119108070362399,meesh.elena,https://www.tiktok.com/@meesh.elena/video/7514119108070362399?lang=en
7514642081600654635,thenuttybrunettehome,https://www.tiktok.com/@thenuttybrunettehome/video/7514642081600654635?lang=en
7444959600564096298,totally.lucy,https://www.tiktok.com/@totally.lucy/video/7444959600564096298?lang=en
7514725700373384479,hoojadaddy,https://www.tiktok.com/@hoojadaddy/video/7514725700373384479?region=us_ttp
7516463183750565134,alexandriaaarlene,https://www.tiktok.com/@alexandriaaarlene/video/7516463183750565134?region=us_ttp
7505793381541367070,lifewithlomari,https://www.tiktok.com/@lifewithlomari/video/7505793381541367070
7508880208783559966,vivalabeckyy_,https://www.tiktok.com/@vivalabeckyy_/video/7508880208783559966?region=us_ttp
7511466417414360366,secondswithsarah,https://www.tiktok.com/@secondswithsarah/video/7511466417414360366?region=us_ttp
7511514798761250078,nikki.influence,https://www.tiktok.com/@nikki.influence/video/7511514798761250078?region=us_ttp
7508497838339345694,3m.i.ly_c,https://www.tiktok.com/@3m.i.ly_c/video/7508497838339345694?region=us_ttp
7503009157470014766,hollybslp1,https://www.tiktok.com/@hollybslp1/video/7503009157470014766?lang=en
7512923838435380526,megmullis,https://www.tiktok.com/@megmullis/video/7512923838435380526?lang=en
7435036418495237418,val.abama,https://www.tiktok.com/@val.abama/video/7435036418495237418?lang=en
7506934481861790982,housegirlcleans,https://www.tiktok.com/@housegirlcleans/video/7506934481861790982?lang=en
7508922698555280671,itsbrittneeaspen,https://www.tiktok.com/@itsbrittneeaspen/video/7508922698555280671
7508449693786066206,borsh_and_baklava,https://www.tiktok.com/@borsh_and_baklava/video/7508449693786066206
7509484722758700318,thecassie.edit,https://www.tiktok.com/@thecassie.edit/video/7509484722758700318
7509735526505942318,snezhanaolsen,https://www.tiktok.com/@snezhanaolsen/video/7509735526505942318
7501492936140508446,_itschristine0,https://www.tiktok.com/@_itschristine0/video/7501492936140508446?region=us_ttp
7505439387597950254,hope.decarlo,https://www.tiktok.com/@hope.decarlo/video/7505439387597950254?region=us_ttp
7513630843642924318,hannah.is.home,https://www.tiktok.com/@hannah.is.home/video/7513630843642924318?region=us_ttp
7513932470987803935,nicolemarieaesthetics,https://www.tiktok.com/@nicolemarieaesthetics/video/7513932470987803935?lang=en
7511311477652098350,livingwithjani,https://www.tiktok.com/@livingwithjani/video/7511311477652098350
7483534422361361694,itsbrittneeaspen,https://www.tiktok.com/@itsbrittneeaspen/video/7483534422361361694?region=us_ttp
7514909791026760991,shonnitap,https://www.tiktok.com/@shonnitap/video/7514909791026760991?region=us_ttp
7517406717295021325,nicolekess,https://www.tiktok.com/@nicolekess/video/7517406717295021325?region=us_ttp
7501516510247144747,layeredbymonay,https://www.tiktok.com/@layeredbymonay/video/7501516510247144747
7506377485097930014,samlonergan,https://www.tiktok.com/@samlonergan/video/7506377485097930014
7506578997669563678,shelby.taylor25,https://www.tiktok.com/@shelby.taylor25/video/7506578997669563678
7510775157191986462,kendraafiya,https://www.tiktok.com/@kendraafiya/video/7510775157191986462?lang=en
7504399270250827039,mikalahm_,https://www.tiktok.com/@mikalahm_/video/7504399270250827039?region=us_ttp
7512533984623021355,catveladesign,https://www.tiktok.com/@catveladesign/video/7512533984623021355?lang=en
7513339472721988910,theedgewoodhome,https://www.tiktok.com/@theedgewoodhome/video/7513339472721988910?lang=en
7514698456435395871,redothezoo,https://www.tiktok.com/@redothezoo/video/7514698456435395871?region=us_ttp
7516601247814667550,carleydurant,https://www.tiktok.com/@carleydurant/video/7516601247814667550?region=us_ttp
7516707418429017374,larissa_malk,https://www.tiktok.com/@larissa_malk/video/7516707418429017374?region=us_ttp
7511857130572549422,mishmish.honey,https://www.tiktok.com/@mishmish.honey/video/7511857130572549422?region=us_ttp
7511429016176381215,dajanaev,https://www.tiktok.com/@dajanaev/video/7511429016176381215?region=us_ttp
7506175040996543774,nikki.influence,https://www.tiktok.com/@nikki.influence/video/7506175040996543774?region=us_ttp
7502647127311437087,oddub,https://www.tiktok.com/@oddub/video/7502647127311437087?region=us_ttp
7519264137252293943,nicolesmook,https://www.tiktok.com/@nicolesmook/video/7519264137252293943?lang=en
7519297555897847053,curatedbyreina_,https://www.tiktok.com/@curatedbyreina_/video/7519297555897847053?lang=en
7496258518840888619,curatedbyreina_,https://www.tiktok.com/@curatedbyreina_/video/7496258518840888619?region=us_ttp
7451767247321730335,briannecarmella,https://www.tiktok.com/@briannecarmella/video/7451767247321730335?region=us_ttp
7513951485970402606,allison.bounds,https://www.tiktok.com/@allison.bounds/video/7513951485970402606?lang=en
7510701901558664479,dariajw,https://www.tiktok.com/@dariajw/video/7510701901558664479?region=us_ttp
7511169001645526303,_justalyssa103,https://www.tiktok.com/@_justalyssa103/video/7511169001645526303?lang=en
7511441297098558750,theeimanilee,https://www.tiktok.com/@theeimanilee/video/7511441297098558750?region=us_ttp
7511720517733256490,jen_whitaker,https://www.tiktok.com/@jen_whitaker/video/7511720517733256490?region=us_ttp
7513757321294662954,nicolesmook,https://www.tiktok.com/@nicolesmook/video/7513757321294662954?region=us_ttp
7515967678327065887,strauberryberet,https://www.tiktok.com/@strauberryberet/video/7515967678327065887?lang=en
7516562678467366174,notlaurenalyciamae,https://www.tiktok.com/@notlaurenalyciamae/video/7516562678467366174?region=us_ttp
7516819053105728781,vivianayuuu,https://www.tiktok.com/@vivianayuuu/video/7516819053105728781?region=us_ttp
7516908874251717901,kelley_mom,https://www.tiktok.com/@kelley_mom/video/7516908874251717901
7517008363964648735,jessisladoll,https://www.tiktok.com/@jessisladoll/video/7517008363964648735
7512975731660541214,haus.ofhart,https://www.tiktok.com/@haus.ofhart/video/7512975731660541214?region=us_ttp
7511902395555695915,kaitlynmackenzee,https://www.tiktok.com/@kaitlynmackenzee/video/7511902395555695915?region=us_ttp
7507704691812338966,jayjaej_,https://www.tiktok.com/@jayjaej_/video/7507704691812338966?region=us_ttp
7511157213889596703,joyclynragira,https://www.tiktok.com/@joyclynragira/video/7511157213889596703
7511794671811595550,blanche.lifestyle,https://www.tiktok.com/@blanche.lifestyle/video/7511794671811595550?region=us_ttp
7518890496840715551,hoojadaddy,https://www.tiktok.com/@hoojadaddy/video/7518890496840715551
7518879510922546445,talk2tinaa,https://www.tiktok.com/@talk2tinaa/video/7518879510922546445?lang=en
7467350493006744863,nickdineros,https://www.tiktok.com/@nickdineros/video/7467350493006744863?lang=en
7518026308522216759,layeredbymonay,https://www.tiktok.com/@layeredbymonay/video/7518026308522216759?lang=en
7518877028704193806,gabriella.craan,https://www.tiktok.com/@gabriella.craan/video/7518877028704193806?lang=en
7518924573769764127,mollybails,https://www.tiktok.com/@mollybails/video/7518924573769764127?lang=en
7511312340583746846,knowingkrescent,https://www.tiktok.com/@knowingkrescent/video/7511312340583746846?lang=en
7497388535603924267,itsjoseemitchell,https://www.tiktok.com/@itsjoseemitchell/video/7497388535603924267?lang=en
7503929812189220139,monicaefrasier,https://www.tiktok.com/@monicaefrasier/video/7503929812189220139?lang=en
7491155800807820587,pauly.jg,https://www.tiktok.com/@pauly.jg/video/7491155800807820587
7495417368940760366,myneutralliving,https://www.tiktok.com/@myneutralliving/video/7495417368940760366?region=us_ttp
7515797729453296927,.ourcozymodernlife,https://www.tiktok.com/@.ourcozymodernlife/video/7515797729453296927?region=us_ttp
7479877673418771754,sallismandel,https://www.tiktok.com/@sallismandel/video/7479877673418771754
7442430028308139306,bhaavikagaddam,https://www.tiktok.com/@bhaavikagaddam/video/7442430028308139306
7519001887522262328,sumkindahoe,https://www.tiktok.com/@sumkindahoe/video/7519001887522262328?lang=en
7519270916652567838,_mediocre.mom_,https://www.tiktok.com/@_mediocre.mom_/video/7519270916652567838?lang=en
7502393056755289386,curatedbyreina_,https://www.tiktok.com/@curatedbyreina_/video/7502393056755289386?lang=en
7519546342469946655,britainbennett,https://www.tiktok.com/@britainbennett/video/7519546342469946655?lang=en
7485599667573771566,geminibabe06_,https://www.tiktok.com/@geminibabe06_/video/7485599667573771566?lang=en
7446244493197610282,iamgeorgias,https://www.tiktok.com/@iamgeorgias/video/7446244493197610282?lang=en
7489160648505560362,syd_erwin,https://www.tiktok.com/@syd_erwin/video/7489160648505560362?lang=en
7520399335843007757,curatedbyreina_,https://www.tiktok.com/@curatedbyreina_/video/7520399335843007757?lang=en
7520426212779445534,shonnitap,https://www.tiktok.com/@shonnitap/video/7520426212779445534?lang=en
7521152745651309879,nicolesmook,https://www.tiktok.com/@nicolesmook/video/7521152745651309879?lang=en
7521772396034936078,livingwithjani,https://www.tiktok.com/@livingwithjani/video/7521772396034936078?lang=en
7521034863764393247,carrieithome,https://www.tiktok.com/@carrieithome/video/7521034863764393247?lang=en
7518084894027697422,michyy.b,https://www.tiktok.com/@michyy.b/video/7518084894027697422?lang=en
7520243426244300045,teci.xo,https://www.tiktok.com/@teci.xo/video/7520243426244300045?lang=en
7521217392878308638,larissa_malk,https://www.tiktok.com/@larissa_malk/video/7521217392878308638?lang=en
7522280656831860023,jen_whitaker,https://www.tiktok.com/@jen_whitaker/video/7522280656831860023?lang=en
7423553089610861866,danandreeew,https://www.tiktok.com/@danandreeew/video/7423553089610861866?lang=en
7516633182653992223,jadathies,https://www.tiktok.com/@jadathies/video/7516633182653992223
7510366982458543406,alexis_berge,https://www.tiktok.com/@alexis_berge/video/7510366982458543406?lang=en
7480324351154261279,locks.by.libbybrenner,https://www.tiktok.com/@locks.by.libbybrenner/video/7480324351154261279?lang=en
7494100350803119402,priscillla.xo,https://www.tiktok.com/@priscillla.xo/video/7494100350803119402?lang=en
7478145589310606638,sydneyuska,https://www.tiktok.com/@sydneyuska/video/7478145589310606638?lang=en
7518870251942006047,kamkozy,https://www.tiktok.com/@kamkozy/video/7518870251942006047?lang=en
7518894850717060407,susuri003,https://www.tiktok.com/@susuri003/video/7518894850717060407?lang=en
7520330815675436318,3m.i.ly_c,https://www.tiktok.com/@3m.i.ly_c/video/7520330815675436318?lang=en
7522571644942961950,jessisladoll,https://www.tiktok.com/@jessisladoll/video/7522571644942961950?lang=en
7524782767884750093,imcuteiglol,https://www.tiktok.com/@imcuteiglol/video/7524782767884750093
7502959688913538350,simplysheenamarie,https://www.tiktok.com/@simplysheenamarie/video/7502959688913538350?lang=en
7519271678271147295,kaylareisrn,https://www.tiktok.com/@kaylareisrn/video/7519271678271147295?lang=en
7519232819055398175,tinatealhome,https://www.tiktok.com/@tinatealhome/video/7519232819055398175?lang=en
7522291978541813022,ashleeroche,https://www.tiktok.com/@ashleeroche/video/7522291978541813022
7520676853703560462,ohhthatsboni,https://www.tiktok.com/@ohhthatsboni/video/7520676853703560462
7518892154459065631,lenawilliss,https://www.tiktok.com/@lenawilliss/video/7518892154459065631
7492526828045847854,caycirnai,https://www.tiktok.com/@caycirnai/video/7492526828045847854?lang=en
7525268497430088991,carlyonthesquare,https://www.tiktok.com/@carlyonthesquare/video/7525268497430088991?lang=en
7517709635697134878,cf__designs,https://www.tiktok.com/@cf__designs/video/7517709635697134878?lang=en
7526937292603165982,redothezoo,https://www.tiktok.com/@redothezoo/video/7526937292603165982?lang=en
7526982408311229751,skillinhome,https://www.tiktok.com/@skillinhome/video/7526982408311229751
7516596356736224517,smashj,https://www.tiktok.com/@smashj/video/7516596356736224517?lang=en
7462472779196058923,jordanlane1_,https://www.tiktok.com/@jordanlane1_/video/7462472779196058923?lang=en
7462980436264832286,ingramoneous,https://www.tiktok.com/@ingramoneous/video/7462980436264832286
7521405955674819870,dajanaev,https://www.tiktok.com/@dajanaev/video/7521405955674819870
7520642993196502285,miaavoo,https://www.tiktok.com/@miaavoo/video/7520642993196502285
7525145377843072269,karina_skyy,https://www.tiktok.com/@karina_skyy/video/7525145377843072269?lang=en
7463547839860231470,simplychristac,https://www.tiktok.com/@simplychristac/video/7463547839860231470?lang=en
7521561556660866334,madiandskyler,https://www.tiktok.com/@madiandskyler/video/7521561556660866334?lang=en
7514194179996552478,keytheedream,https://www.tiktok.com/@keytheedream/video/7514194179996552478?lang=en
7500315564682792234,ourcozycolonialct,https://www.tiktok.com/@ourcozycolonialct/video/7500315564682792234?lang=en
7479062833909468447,hyde_home,https://www.tiktok.com/@hyde_home/video/7479062833909468447?lang=en
7433835109024910634,homewithmic,https://www.tiktok.com/@homewithmic/video/7433835109024910634?lang=en
7506503558896864543,books.with.demi,https://www.tiktok.com/@books.with.demi/video/7506503558896864543?region=us_ttp
7507639311983004959,vivalabeckyy_,https://www.tiktok.com/@vivalabeckyy_/video/7507639311983004959?region=us_ttp
7502462321965468959,nyshaeg,https://www.tiktok.com/@nyshaeg/video/7502462321965468959?region=us_ttp
7512116123182173470,_thelittletownhome_,https://www.tiktok.com/@_thelittletownhome_/video/7512116123182173470?region=us_ttp
7518977423010975031,livingwithjani,https://www.tiktok.com/@livingwithjani/video/7518977423010975031?lang=en
7518523843837840671,h0m0king,https://www.tiktok.com/@h0m0king/video/7518523843837840671?lang=en
7519267983311506701,nicolesmook,https://www.tiktok.com/@nicolesmook/video/7519267983311506701?lang=en
7519180379622837518,ohhthatsboni,https://www.tiktok.com/@ohhthatsboni/video/7519180379622837518?lang=en
7492455039840046366,soyourcee,https://www.tiktok.com/@soyourcee/video/7492455039840046366?lang=en
7521772238606060855,alandradsiree,https://www.tiktok.com/@alandradsiree/video/7521772238606060855?lang=en
7521548680378338591,gabriela.recalde,https://www.tiktok.com/@gabriela.recalde/video/7521548680378338591?lang=en
7522265181519351053,anastasiamatlin,https://www.tiktok.com/@anastasiamatlin/video/7522265181519351053
7499558554421038366,paulabhome,https://www.tiktok.com/@paulabhome/video/7499558554421038366
7521736196804955405,anainteriors,https://www.tiktok.com/@anainteriors/video/7521736196804955405?lang=en
7524497898034187575,withloveleeee,https://www.tiktok.com/@withloveleeee/video/7524497898034187575
7524058406076943647,itsjoseemitchell,https://www.tiktok.com/@itsjoseemitchell/video/7524058406076943647
7522512334384844063,isabellakoos,https://www.tiktok.com/@isabellakoos/video/7522512334384844063
7522967415509044510,marisaniyah,https://www.tiktok.com/@marisaniyah/video/7522967415509044510
7520714216039255327,kamkozy,https://www.tiktok.com/@kamkozy/video/7520714216039255327
7474756807978798379,myriah.nicohl,https://www.tiktok.com/@myriah.nicohl/video/7474756807978798379?lang=en
7526230358203845901,hamiltonhaven5,https://www.tiktok.com/@hamiltonhaven5/video/7526230358203845901?lang=en
7526995307473751310,nicolesmook,https://www.tiktok.com/@nicolesmook/video/7526995307473751310?lang=en
7486974415138344222,butterpecanshea_,https://www.tiktok.com/@butterpecanshea_/video/7486974415138344222?lang=en
7525885089805323534,alain.jannette,https://www.tiktok.com/@alain.jannette/video/7525885089805323534?lang=en
7510838315235462446,_.kelseey,https://www.tiktok.com/@_.kelseey/video/7510838315235462446?region=us_ttp
7508769341274344747,teci.xo,https://www.tiktok.com/@teci.xo/video/7508769341274344747?region=us_ttp
7522462760672824589,allaboutmicha,https://www.tiktok.com/@allaboutmicha/video/7522462760672824589
7519311520816221454,nicolekess,https://www.tiktok.com/@nicolekess/video/7519311520816221454?lang=en
7497772961542343982,yulissaas_,https://www.tiktok.com/@yulissaas_/video/7497772961542343982?lang=en
7464719041421249822,paige_mariah,https://www.tiktok.com/@paige_mariah/video/7464719041421249822?lang=en
7468124371639438635,lachiccouture,https://www.tiktok.com/@lachiccouture/video/7468124371639438635?lang=en
7443901452843797806,sky_ridge_farmhouse,https://www.tiktok.com/@sky_ridge_farmhouse/video/7443901452843797806?lang=en
7524983605043399949,a_michellee,https://www.tiktok.com/@a_michellee/video/7524983605043399949?lang=en
7527014595945434381,mackenzieee.d,https://www.tiktok.com/@mackenzieee.d/video/7527014595945434381?lang=en
7527879316693191966,sa.miyahh,https://www.tiktok.com/@sa.miyahh/video/7527879316693191966?lang=en
7525664971867295031,simplylivingwithjulia,https://www.tiktok.com/@simplylivingwithjulia/video/7525664971867295031?lang=en
7528227790110395678,asweetbratvibe,https://www.tiktok.com/@asweetbratvibe/video/7528227790110395678?lang=en
7520734112081005837,allthings.sumaya,https://www.tiktok.com/@allthings.sumaya/video/7520734112081005837?lang=en
7517798643735301407,digitalbaylie,https://www.tiktok.com/@digitalbaylie/video/7517798643735301407?lang=en
7513343446296431903,budgethomeglam,https://www.tiktok.com/@budgethomeglam/video/7513343446296431903?lang=en
7518824839591759117,mariliz.diana,https://www.tiktok.com/@mariliz.diana/video/7518824839591759117?lang=en
7524886190344916255,kateinfullbloom,https://www.tiktok.com/@kateinfullbloom/video/7524886190344916255?lang=en
7527108979403574558,micaleamorgan,https://www.tiktok.com/@micaleamorgan/video/7527108979403574558
7522574955314220319,itsbrittneeaspen,https://www.tiktok.com/@itsbrittneeaspen/video/7522574955314220319?lang=en
7521857620282576158,jaylanielle,https://www.tiktok.com/@jaylanielle/video/7521857620282576158?lang=en
7530383454257564983,nicolesmook,https://www.tiktok.com/@nicolesmook/video/7530383454257564983
7530383965568421133,curatedbyreina_,https://www.tiktok.com/@curatedbyreina_/video/7530383965568421133?lang=en
7530412499234082103,hamiltonhaven5,https://www.tiktok.com/@hamiltonhaven5/video/7530412499234082103?lang=en
7525066239899634957,brittanyferrouge,https://www.tiktok.com/@brittanyferrouge/video/7525066239899634957?lang=en
7530438823201836343,its.blayre,https://www.tiktok.com/@its.blayre/video/7530438823201836343?lang=en
7530660576767282445,nicolekess,https://www.tiktok.com/@nicolekess/video/7530660576767282445?lang=en
7530695332590570782,ugcyoori,https://www.tiktok.com/@ugcyoori/video/7530695332590570782?lang=en
7530781904426011934,lifeofcrys_,https://www.tiktok.com/@lifeofcrys_/video/7530781904426011934?lang=en
7530774742631042318,teci.xo,https://www.tiktok.com/@teci.xo/video/7530774742631042318?lang=en
7530394713271078174,3m.i.ly_c,https://www.tiktok.com/@3m.i.ly_c/video/7530394713271078174?lang=en
7520728871256280334,kiralarsen5,https://www.tiktok.com/@kiralarsen5/video/7520728871256280334?lang=en
7239526459260357934,ugochinyeree,https://www.tiktok.com/@ugochinyeree/video/7239526459260357934?q=wayfair%20bar%20carts&t=1753193911717
7501777365379435819,naomiyevchuk,https://www.tiktok.com/@naomiyevchuk/video/7501777365379435819?region=us_ttp
7496485086964059438,sheelaziari,https://www.tiktok.com/@sheelaziari/video/7496485086964059438
7501410403507834118,mshaffeemirza,https://www.tiktok.com/@mshaffeemirza/video/7501410403507834118?lang=en
7509156068581297454,komahhd,https://www.tiktok.com/@komahhd/video/7509156068581297454
7524780032842124558,elizabethram,https://www.tiktok.com/@elizabethram/video/7524780032842124558
7526663668952501559,elizabethram,https://www.tiktok.com/@elizabethram/video/7526663668952501559?lang=en
7475212774407277867,blanche.lifestyle,https://www.tiktok.com/@blanche.lifestyle/video/7475212774407277867?q=wayfair%20lamp&t=1753104104860
7526036478581902623,3m.i.ly_c,https://www.tiktok.com/@3m.i.ly_c/video/7526036478581902623?lang=en
7528128824194714894,poison_irey__,https://www.tiktok.com/@poison_irey__/video/7528128824194714894?lang=en
7474689811404573998,lovisafalsdottir,https://www.tiktok.com/@lovisafalsdottir/video/7474689811404573998?q=wayfair%20cups&t=1753280216866
7518784309734526239,kendallhall21,https://www.tiktok.com/@kendallhall21/video/7518784309734526239?q=wayfair%20desk&t=1753381819183
7529873035915054367,eddaniel_,https://www.tiktok.com/@eddaniel_/video/7529873035915054367?q=wayfair%20desk&t=1753381819183
7515484299232054570,j_standonit,https://www.tiktok.com/@j_standonit/video/7515484299232054570?lang=en
7524358402537999630,thetidytrendy,https://www.tiktok.com/@thetidytrendy/video/7524358402537999630?lang=en
7526907763625184542,eddaniel_,https://www.tiktok.com/@eddaniel_/video/7526907763625184542?lang=en
7526887902664592670,coastalcaitlin,https://www.tiktok.com/@coastalcaitlin/video/7526887902664592670?lang=en
7526177615867022610,reena.dhillonn,https://www.tiktok.com/@reena.dhillonn/video/7526177615867022610?lang=en
7526987746167033118,stacy.deann,https://www.tiktok.com/@stacy.deann/video/7526987746167033118?lang=en
7524385746107518238,1rechelle,https://www.tiktok.com/@1rechelle/video/7524385746107518238?lang=en
7530052928845925646,turnergracee,https://www.tiktok.com/@turnergracee/video/7530052928845925646?lang=en
7519539222353562911,whoiskiarac,https://www.tiktok.com/@whoiskiarac/video/7519539222353562911?lang=en
7527487370103491871,iamericamarie_02,https://www.tiktok.com/@iamericamarie_02/video/7527487370103491871?lang=en
7530392330113748238,miaavoo,https://www.tiktok.com/@miaavoo/video/7530392330113748238?lang=en
7531096304517172494,maddycatlin,https://www.tiktok.com/@maddycatlin/video/7531096304517172494
7531090002822925582,maddycatlin,https://www.tiktok.com/@maddycatlin/video/7531090002822925582
7522704465263086862,christiehen_booknook,https://www.tiktok.com/@christiehen_booknook/video/7522704465263086862?lang=en
7474007558622154014,sara.gregoire,https://www.tiktok.com/@sara.gregoire/video/7474007558622154014?lang=en
7518322515022810398,katie86955,https://www.tiktok.com/@katie86955/video/7518322515022810398?lang=en
7522152759907388703,emily.e.olson,https://www.tiktok.com/@emily.e.olson/video/7522152759907388703?lang=en
7524734863430143263,emily.e.olson,https://www.tiktok.com/@emily.e.olson/video/7524734863430143263?lang=en
7525091414808464695,teci.xo,https://www.tiktok.com/@teci.xo/video/7525091414808464695?lang=en
7527287572796624158,reallyrians,https://www.tiktok.com/@reallyrians/video/7527287572796624158
7527080053834829087,designerswank,https://www.tiktok.com/@designerswank/video/7527080053834829087
7522914901921107230,gabriela.recalde,https://www.tiktok.com/@gabriela.recalde/video/7522914901921107230?lang=en
7527460060943961357,marcialachae,https://www.tiktok.com/@marcialachae/video/7527460060943961357?lang=en
7423806789235330334,haleyivers,https://www.tiktok.com/@haleyivers/video/7423806789235330334?lang=en&q=wayfair%20dresser&t=1752693105943
7528096281269374263,zariajaay,https://www.tiktok.com/@zariajaay/video/7528096281269374263
7527459120853699870,hazellshaday,https://www.tiktok.com/@hazellshaday/video/7527459120853699870?lang=en
7528178340839181598,xotiffanirosee,https://www.tiktok.com/@xotiffanirosee/video/7528178340839181598?lang=en
7528105303997435167,nikki.influence,https://www.tiktok.com/@nikki.influence/video/7528105303997435167
7529730399036001567,julia.cotten,https://www.tiktok.com/@julia.cotten/video/7529730399036001567?q=wayfair%20apartment&t=1753284317968
7531080497414311198,theerealsteph,https://www.tiktok.com/@theerealsteph/video/7531080497414311198
7525555183368146231,thecarriagecreative,https://www.tiktok.com/@thecarriagecreative/video/7525555183368146231?lang=en
7518039868094663949,aniyajenya,https://www.tiktok.com/@aniyajenya/video/7518039868094663949?lang=en
7520245106465672462,kelley_mom,https://www.tiktok.com/@kelley_mom/video/7520245106465672462
7532290101251181879,allabouthome_,https://www.tiktok.com/@allabouthome_/video/7532290101251181879
7531001743371619615,madisonnhailey,https://www.tiktok.com/@madisonnhailey/video/7531001743371619615?lang=en
7478767231791385887,haus.ofhart,https://www.tiktok.com/@haus.ofhart/video/7478767231791385887?q=%23wayfair%20%23bookgirlies&t=1753889751597
7519721370444369183,tchadtv,https://www.tiktok.com/@tchadtv/video/7519721370444369183?lang=en
7525823668174327054,malloryb___,https://www.tiktok.com/@malloryb___/video/7525823668174327054
7524398941593554207,j_anthony910,https://www.tiktok.com/@j_anthony910/video/7524398941593554207?lang=en
7139928042016918830,bgo79,https://www.tiktok.com/@bgo79/video/7139928042016918830?q=wayfair%20bean%20bag&t=1753190151513
7514017007822507307,pattyserpone,https://www.tiktok.com/@pattyserpone/video/7514017007822507307?region=us_ttp
7519748942251183391,3m.i.ly_c,https://www.tiktok.com/@3m.i.ly_c/video/7519748942251183391?lang=en
7481840951325969710,radmilasdiary,https://www.tiktok.com/@radmilasdiary/video/7481840951325969710
7526921621228031245,elyse.susan,https://www.tiktok.com/@elyse.susan/video/7526921621228031245?lang=en
7527316450390854967,julia.cotten,https://www.tiktok.com/@julia.cotten/video/7527316450390854967
7528795511193652510,drkenialeon,https://www.tiktok.com/@drkenialeon/video/7528795511193652510
7528801948833828151,hannahnickersonn,https://www.tiktok.com/@hannahnickersonn/video/7528801948833828151?lang=en
7532499782229675294,sashhaaa._,https://www.tiktok.com/@sashhaaa._/video/7532499782229675294
7443133580919835946,gianni4f,https://www.tiktok.com/@gianni4f/video/7443133580919835946?q=wayfair%20record%20player&t=1753885779742
7336591281369632046,michellereadsandspins,https://www.tiktok.com/@michellereadsandspins/video/7336591281369632046?q=wayfair%20record%20player&t=1753885779742
7521814904462904606,oliviafabryyy,https://www.tiktok.com/@oliviafabryyy/video/7521814904462904606
7525883484208975117,jaylaferrell,https://www.tiktok.com/@jaylaferrell/video/7525883484208975117?lang=en
7514036417924812063,lisi_mo,https://www.tiktok.com/@lisi_mo/video/7514036417924812063?lang=en
7529640792059546910,itsjoseemitchell,https://www.tiktok.com/@itsjoseemitchell/video/7529640792059546910?lang=en
7532566989185846542,nicolesmook,https://www.tiktok.com/@nicolesmook/video/7532566989185846542?lang=en
7533678024470957367,sydneyandreaa,https://www.tiktok.com/@sydneyandreaa/video/7533678024470957367?lang=en
7534899066644253983,emily.e.olson,https://www.tiktok.com/@emily.e.olson/video/7534899066644253983
7534856155336658231,skillinhome,https://www.tiktok.com/@skillinhome/video/7534856155336658231
7535461226466381086,carrieithome,https://www.tiktok.com/@carrieithome/video/7535461226466381086?lang=en
7491907484714650923,thatredheadedgurl,https://www.tiktok.com/@thatredheadedgurl/video/7491907484714650923?lang=en
7531062156171808055,she_will_rise_collective,https://www.tiktok.com/@she_will_rise_collective/video/7531062156171808055
7463222161008807211,kfinteriors,https://www.tiktok.com/@kfinteriors/video/7463222161008807211?q=wayfair%20art&t=1753469419300
7518831249247456543,jnaimo,https://www.tiktok.com/@jnaimo/video/7518831249247456543?lang=en
7531356141037636894,theerealsteph,https://www.tiktok.com/@theerealsteph/video/7531356141037636894?lang=en
7525834560387468599,tre0512,https://www.tiktok.com/@tre0512/video/7525834560387468599?lang=en
7526590052592274701,aariah_rojas1,https://www.tiktok.com/@aariah_rojas1/video/7526590052592274701?lang=en
7531597888518917390,anamarie_xoxo,https://www.tiktok.com/@anamarie_xoxo/video/7531597888518917390
7529528474688605471,_noteurope,https://www.tiktok.com/@_noteurope/video/7529528474688605471
7534503973261298975,chicandroam,https://www.tiktok.com/@chicandroam/video/7534503973261298975?lang=en
7535309523267964190,thristian.houseofbeauty,https://www.tiktok.com/@thristian.houseofbeauty/video/7535309523267964190?lang=en
7532976126457646350,kelley_mom,https://www.tiktok.com/@kelley_mom/video/7532976126457646350?lang=en
7521101266500603166,linenoaksinteriors,https://www.tiktok.com/@linenoaksinteriors/video/7521101266500603166?lang=en
7521544977369926942,soyourcee,https://www.tiktok.com/@soyourcee/video/7521544977369926942?lang=en
7535585934415351053,keysbykiana,https://www.tiktok.com/@keysbykiana/video/7535585934415351053?lang=en
7530709835864689926,sophiaberkk,https://www.tiktok.com/@sophiaberkk/video/7530709835864689926
7525826759195954445,ramirezzpaula,https://www.tiktok.com/@ramirezzpaula/video/7525826759195954445
7527475759590526239,alishafloryn,https://www.tiktok.com/@alishafloryn/video/7527475759590526239?lang=en
7383704206508707115,artsialexi,https://www.tiktok.com/@artsialexi/video/7383704206508707115?q=wayfair%20art&t=1753469419300
7524085830957206815,living_with_dem,https://www.tiktok.com/@living_with_dem/video/7524085830957206815?q=wayfair%20lamp&t=1753104104860
7525078346137357598,handymama_of3,https://www.tiktok.com/@handymama_of3/video/7525078346137357598?lang=en
7530619013404151070,nildy_ivfmama,https://www.tiktok.com/@nildy_ivfmama/video/7530619013404151070
7208034774559018283,artsialexi,https://www.tiktok.com/@artsialexi/video/7208034774559018283?q=wayfair%20art&t=1753469419300
7201952368857042222,maddiegdyer,https://www.tiktok.com/@maddiegdyer/video/7201952368857042222?q=wayfair%20art&t=1753469419300
7433522837727513887,shea_monique_,https://www.tiktok.com/@shea_monique_/video/7433522837727513887?is_from_webapp=1&sender_device=pc&web_id=7527757441255081503
7420123289487478047,betsybchula,https://www.tiktok.com/@betsybchula/video/7420123289487478047
7441345221851483423,karieocity,https://www.tiktok.com/@karieocity/video/7441345221851483423
7527413596570127671,camilleumm,https://www.tiktok.com/@camilleumm/video/7527413596570127671?lang=en
7462806822563351838,lalial0u,https://www.tiktok.com/@lalial0u/video/7462806822563351838?q=wayfair%20record%20stand&t=1753887668888
7534727657435434270,nyshaeg,https://www.tiktok.com/@nyshaeg/video/7534727657435434270?lang=en
7531798688050531614,charminglilyy,https://www.tiktok.com/@charminglilyy/video/7531798688050531614?lang=en
7534114822732909854,o.shae,https://www.tiktok.com/@o.shae/video/7534114822732909854?lang=en
7521001051667975454,megleonardco,https://www.tiktok.com/@megleonardco/video/7521001051667975454?lang=en
7468670217011350814,creatively.crisp,https://www.tiktok.com/@creatively.crisp/video/7468670217011350814?lang=en
7519939811860401421,jessisladoll,https://www.tiktok.com/@jessisladoll/video/7519939811860401421?lang=en
7503713206213348651,the.baptiste.shop,https://www.tiktok.com/@the.baptiste.shop/video/7503713206213348651?lang=en
7183848120646749482,ugochinyeree,https://www.tiktok.com/@ugochinyeree/video/7183848120646749482?q=wayfair%20bar%20cart&t=1754574710591
7324494055633669418,ohhijanelle,https://www.tiktok.com/@ohhijanelle/video/7324494055633669418?q=%23wayfair%20led%20lights&t=1754579552731
7533816057958501662,esminecrosby,https://www.tiktok.com/@esminecrosby/video/7533816057958501662?q=%23wayfair%20led%20lights&t=1754579552731
7497377354843589934,wayfair,https://www.tiktok.com/@wayfair/video/7497377354843589934
7433967684016000287,doodlebug_dev,https://www.tiktok.com/@doodlebug_dev/video/7433967684016000287
7517127658623356215,browsxalo,https://www.tiktok.com/@browsxalo/video/7517127658623356215
7532348149051034894,lachiccouture,https://www.tiktok.com/@lachiccouture/video/7532348149051034894
7527271718478466335,eddaniel_,https://www.tiktok.com/@eddaniel_/video/7527271718478466335
7535146495566236958,mama_megzz,https://www.tiktok.com/@mama_megzz/video/7535146495566236958
7520057872819031327,knowingkrescent,https://www.tiktok.com/@knowingkrescent/video/7520057872819031327?lang=en
7449265603946253614,melinatesi,https://www.tiktok.com/@melinatesi/video/7449265603946253614?q=wayfair%20hamper&t=1753803831603
7429076564354043166,420__brat,https://www.tiktok.com/@420__brat/video/7429076564354043166?q=wayfair%20%20halloween&t=1752774737948
7532267341036473655,miki.friel,https://www.tiktok.com/@miki.friel/video/7532267341036473655
7535682740910378254,karleyjaeetheredge,https://www.tiktok.com/@karleyjaeetheredge/video/7535682740910378254?lang=en
7449875053832932613,shesnyke,https://www.tiktok.com/@shesnyke/video/7449875053832932613?lang=en
7520005704803962142,carleydurant,https://www.tiktok.com/@carleydurant/video/7520005704803962142?lang=en
7520744573346303263,_justalyssa103,https://www.tiktok.com/@_justalyssa103/video/7520744573346303263?lang=en
7535142564698017054,litlpapaya,https://www.tiktok.com/@litlpapaya/video/7535142564698017054
7535941923647933751,jessiejade91,https://www.tiktok.com/@jessiejade91/video/7535941923647933751?lang=en
7532932642254195999,homewithanmol,https://www.tiktok.com/@homewithanmol/video/7532932642254195999?lang=en
7516682102977350942,itsneutralcatt,https://www.tiktok.com/@itsneutralcatt/video/7516682102977350942?lang=en
7537801752091938078,itserinnicole2,https://www.tiktok.com/@itserinnicole2/video/7537801752091938078
7534066286192708895,strauberryberet,https://www.tiktok.com/@strauberryberet/video/7534066286192708895?lang=en
7538272625806626078,fred.hood94,https://www.tiktok.com/@fred.hood94/video/7538272625806626078
7538437325244714253,beautywithraami,https://www.tiktok.com/@beautywithraami/video/7538437325244714253
7538116419146337550,deuxofkvylvn,https://www.tiktok.com/@deuxofkvylvn/video/7538116419146337550
7248789785169366314,briathebeauty,https://www.tiktok.com/@briathebeauty/video/7248789785169366314
7524735193312185631,jadathies,https://www.tiktok.com/@jadathies/video/7524735193312185631?lang=en
7346075373362253087,__micdenise,https://www.tiktok.com/@__micdenise/video/7346075373362253087
7532268700624342285,jillmiller777,https://www.tiktok.com/@jillmiller777/video/7532268700624342285
7531500870219877645,katieenance,https://www.tiktok.com/@katieenance/video/7531500870219877645?lang=en
7433572057469701419,yourhomegirlelantra,https://www.tiktok.com/@yourhomegirlelantra/video/7433572057469701419?q=wayfair%20bar%20cart&t=1754574710591
7536986974356245815,skillinhome,https://www.tiktok.com/@skillinhome/video/7536986974356245815?lang=en
7535894288127823135,thethoughtsoftiffany,https://www.tiktok.com/@thethoughtsoftiffany/video/7535894288127823135
7526521037597560119,coastalcaitlin,https://www.tiktok.com/@coastalcaitlin/video/7526521037597560119?lang=en
7537364247529950470,allyforsey,https://www.tiktok.com/@allyforsey/video/7537364247529950470
7538161759224335671,samanthaa_nic,https://www.tiktok.com/@samanthaa_nic/video/7538161759224335671
7538632148518047006,britainbennett,https://www.tiktok.com/@britainbennett/video/7538632148518047006?lang=en
7534520437452098830,nicolesmook,https://www.tiktok.com/@nicolesmook/video/7534520437452098830?lang=en
7484027107597749546,theonlybrittnay,https://www.tiktok.com/@theonlybrittnay/video/7484027107597749546?lang=en
7533058754221329678,homebodywithforlisa,https://www.tiktok.com/@homebodywithforlisa/video/7533058754221329678?lang=en
7535457672041090317,hasbrouckhome,https://www.tiktok.com/@hasbrouckhome/video/7535457672041090317?lang=en
7534495625748942110,jerseybrian_,https://www.tiktok.com/@jerseybrian_/video/7534495625748942110?lang=en
7537300321064832287,kromwellsfancyfarmer,https://www.tiktok.com/@kromwellsfancyfarmer/video/7537300321064832287
7525622274242661663,jasminenoell,https://www.tiktok.com/@jasminenoell/video/7525622274242661663?lang=en
7459480891706887470,tracyresty,https://www.tiktok.com/@tracyresty/video/7459480891706887470
7533441304596958494,brittneyau,https://www.tiktok.com/@brittneyau/video/7533441304596958494?lang=en
7534800552299941175,lexmulc,https://www.tiktok.com/@lexmulc/video/7534800552299941175
7534768628034456862,annaannamauthe,https://www.tiktok.com/@annaannamauthe/video/7534768628034456862
7538455206858591518,litlpapaya,https://www.tiktok.com/@litlpapaya/video/7538455206858591518?lang=en
7515057814402911530,smashingdiy,https://www.tiktok.com/@smashingdiy/video/7515057814402911530?cid=NzUzODQyMTM0MTY3NjA5NDIyMQ
7538101918342597901,mini.cashew,https://www.tiktok.com/@mini.cashew/video/7538101918342597901
7463118495744625966,allabouthome_,https://www.tiktok.com/@allabouthome_/video/7463118495744625966
7484055579640597790,kennedyjaerger,https://www.tiktok.com/@kennedyjaerger/video/7484055579640597790?lang=en
7538155125714537783,sheelaziari,https://www.tiktok.com/@sheelaziari/video/7538155125714537783?lang=en
7502525704102268182,mr.harry.white,https://www.tiktok.com/@mr.harry.white/video/7502525704102268182?lang=en
7510591736498965806,nina.finn,https://www.tiktok.com/@nina.finn/video/7510591736498965806
7521353926868749598,erinoarchibald,https://www.tiktok.com/@erinoarchibald/video/7521353926868749598
7532649611656187166,vaughan.lowe,https://www.tiktok.com/@vaughan.lowe/video/7532649611656187166
7341121718049656106,samsteiber,https://www.tiktok.com/@samsteiber/video/7341121718049656106?q=wayfair%20record%20player&t=1753885779742
7449164543571266846,haus.ofhart,https://www.tiktok.com/@haus.ofhart/video/7449164543571266846?q=%23wayfair%20%23bookgirlies&t=1753889751597
7497016992788991263,haus.ofhart,https://www.tiktok.com/@haus.ofhart/video/7497016992788991263?q=%23wayfair%20%23bookgirlies&t=1753889751597
7535628807550668062,daisjahd,https://www.tiktok.com/@daisjahd/video/7535628807550668062?lang=en
7500343855141752095,carrieithome,https://www.tiktok.com/@carrieithome/video/7500343855141752095?lang=en
7272764089095556395,val.christine,https://www.tiktok.com/@val.christine/video/7272764089095556395?q=%23wayfair%20%23moving&t=1754942527751
7517006679058287886,lifesbetterwithkat,https://www.tiktok.com/@lifesbetterwithkat/video/7517006679058287886
7537818321689873694,icyya.w,https://www.tiktok.com/@icyya.w/video/7537818321689873694
7535887457187810590,meggieferrerhome,https://www.tiktok.com/@meggieferrerhome/video/7535887457187810590
7538416954520931615,reallyrians,https://www.tiktok.com/@reallyrians/video/7538416954520931615
7475356374772354347,allthingsdouglasville,https://www.tiktok.com/@allthingsdouglasville/video/7475356374772354347?lang=en
7476289801214283051,keepingupwkc,https://www.tiktok.com/@keepingupwkc/video/7476289801214283051?lang=en
7539704934816615735,beautywithraami,https://www.tiktok.com/@beautywithraami/video/7539704934816615735
7539696647559793951,thisismyjones,https://www.tiktok.com/@thisismyjones/video/7539696647559793951
7538917303614786871,katbernard_,https://www.tiktok.com/@katbernard_/video/7538917303614786871?lang=en
7540280652176968991,seasonbyseason,https://www.tiktok.com/@seasonbyseason/video/7540280652176968991
7202784337979313451,so_narly,https://www.tiktok.com/@so_narly/video/7202784337979313451?lang=en&q=wayfair&t=1755715232788
7532555427658124558,transitionalmodernhome,https://www.tiktok.com/@transitionalmodernhome/video/7532555427658124558?q=wayfair%20%23decor&t=1754573427550
7540639204900867358,nyshaeg,https://www.tiktok.com/@nyshaeg/video/7540639204900867358
7541220035029650701,anapaolaggc,https://www.tiktok.com/@anapaolaggc/video/7541220035029650701?lang=en
7542361904547646775,nadialovejamil,https://www.tiktok.com/@nadialovejamil/video/7542361904547646775?lang=en
7528156910311329079,stephwilkyy,https://www.tiktok.com/@stephwilkyy/video/7528156910311329079?q=wayfair%20lamp&t=1753104104860
7519860722164124958,athomewithdevin,https://www.tiktok.com/@athomewithdevin/video/7519860722164124958
7532285186692680973,st44rie,https://www.tiktok.com/@st44rie/video/7532285186692680973?lang=en
7483297928031800618,quietlyiconic,https://www.tiktok.com/@quietlyiconic/video/7483297928031800618?lang=en
7491881555615517998,jrdz2009,https://www.tiktok.com/@jrdz2009/video/7491881555615517998?lang=en
7538240234748644621,curatedbyreina_,https://www.tiktok.com/@curatedbyreina_/video/7538240234748644621
7538443518331686199,nicolekess,https://www.tiktok.com/@nicolekess/video/7538443518331686199?lang=en
7539641492319603999,jesswhite_12,https://www.tiktok.com/@jesswhite_12/video/7539641492319603999
7540064618031500558,skillinhome,https://www.tiktok.com/@skillinhome/video/7540064618031500558?lang=en
7539262648815209758,cookingwithpatlee,https://www.tiktok.com/@cookingwithpatlee/video/7539262648815209758?lang=en
7538847389709323550,fabiolamillican,https://www.tiktok.com/@fabiolamillican/video/7538847389709323550?lang=en
7203535317545028910,abandgabburbary,https://www.tiktok.com/@abandgabburbary/video/7203535317545028910?lang=en
7533052680801996062,aicyha.d,https://www.tiktok.com/@aicyha.d/video/7533052680801996062?lang=en
6911697564865760517,mendyc25,https://www.tiktok.com/@mendyc25/video/6911697564865760517?q=wayfair%20utensisl&t=1755617050882
7508399825688202527,hannah.is.home,https://www.tiktok.com/@hannah.is.home/video/7508399825688202527?q=wayfair%20utensisl&t=1755617050882
7224495967645568299,dedeshomeinterior,https://www.tiktok.com/@dedeshomeinterior/video/7224495967645568299?q=wayfair%20utensisl&t=1755617050882
7537397107771116830,sianichanel,https://www.tiktok.com/@sianichanel/video/7537397107771116830
7536652983967272223,haleyjarvis,https://www.tiktok.com/@haleyjarvis/video/7536652983967272223?lang=en
7523045524237307166,stephaniemullinsishome,https://www.tiktok.com/@stephaniemullinsishome/video/7523045524237307166?lang=en
7540409303535078686,jenn_dunning,https://www.tiktok.com/@jenn_dunning/video/7540409303535078686?lang=en
7540715032187915550,maranashara,https://www.tiktok.com/@maranashara/video/7540715032187915550
7540709083943406878,thisismyjones,https://www.tiktok.com/@thisismyjones/video/7540709083943406878
7540485694662167838,whoiskiarac,https://www.tiktok.com/@whoiskiarac/video/7540485694662167838
7540400583275023630,dalastudiostx,https://www.tiktok.com/@dalastudiostx/video/7540400583275023630
7541408551818759438,hamiltonhaven5,https://www.tiktok.com/@hamiltonhaven5/video/7541408551818759438?lang=en
7502493958614846766,emmylewdecorates,https://www.tiktok.com/@emmylewdecorates/video/7502493958614846766?lang=en
7503600948397264159,rochio.marquez,https://www.tiktok.com/@rochio.marquez/video/7503600948397264159?lang=en
7501709531316063519,calicohome,https://www.tiktok.com/@calicohome/video/7501709531316063519?region=us_ttp
7514404189393538346,cathybayas,https://www.tiktok.com/@cathybayas/video/7514404189393538346?lang=en
7517060752792915255,allaboutmicha,https://www.tiktok.com/@allaboutmicha/video/7517060752792915255?lang=en
7522164744724237599,itsbrittneeaspen,https://www.tiktok.com/@itsbrittneeaspen/video/7522164744724237599?lang=en
7445019668710034734,kaartersmommyy,https://www.tiktok.com/@kaartersmommyy/video/7445019668710034734
7527440022732033310,kathleenk__,https://www.tiktok.com/@kathleenk__/video/7527440022732033310
7531988126865050910,kpzhomee,https://www.tiktok.com/@kpzhomee/video/7531988126865050910
7529296518965251359,lavinialiving,https://www.tiktok.com/@lavinialiving/video/7529296518965251359?lang=en
7519343287946267935,liahazilay,https://www.tiktok.com/@liahazilay/video/7519343287946267935?lang=en
7530809145641946423,aniyajenya,https://www.tiktok.com/@aniyajenya/video/7530809145641946423?lang=en
7535103911519112504,livingwith_amanda,https://www.tiktok.com/@livingwith_amanda/video/7535103911519112504
7531824149279378718,living_with_dem,https://www.tiktok.com/@living_with_dem/video/7531824149279378718
7531225927737511199,hello.good.buys,https://www.tiktok.com/@hello.good.buys/video/7531225927737511199?q=wayfair%20%23dorminspo&t=1754511839687
7515837855688789294,art.auras,https://www.tiktok.com/@art.auras/video/7515837855688789294?lang=en
7528923360932187406,itsmoodylove,https://www.tiktok.com/@itsmoodylove/video/7528923360932187406?lang=en
7527551741949152525,snezhanaolsen,https://www.tiktok.com/@snezhanaolsen/video/7527551741949152525?lang=en
7533290075732315406,ramirezzpaula,https://www.tiktok.com/@ramirezzpaula/video/7533290075732315406
7537408105982807309,harvey.jaimee,https://www.tiktok.com/@harvey.jaimee/video/7537408105982807309
7476937804715478315,thewynninglifestyle,https://www.tiktok.com/@thewynninglifestyle/video/7476937804715478315?lang=en
7525555823922236702,madiandskyler,https://www.tiktok.com/@madiandskyler/video/7525555823922236702?lang=en
7538231183189069070,ladolcecasita,https://www.tiktok.com/@ladolcecasita/video/7538231183189069070
7538157559023193375,molly..johnston,https://www.tiktok.com/@molly..johnston/video/7538157559023193375
7535646443890085133,alexandriaaarlene,https://www.tiktok.com/@alexandriaaarlene/video/7535646443890085133?lang=en
7537014954482765086,malaun_rogers,https://www.tiktok.com/@malaun_rogers/video/7537014954482765086?lang=en
7531848359359876382,triedandtruemom,https://www.tiktok.com/@triedandtruemom/video/7531848359359876382
7540426021976263966,goddessbrownbabe,https://www.tiktok.com/@goddessbrownbabe/video/7540426021976263966
7542760890030902559,bradlyrocha2,https://www.tiktok.com/@bradlyrocha2/video/7542760890030902559?lang=en
7537382872991272223,3m.i.ly_c,https://www.tiktok.com/@3m.i.ly_c/video/7537382872991272223?lang=en
7537840573206564127,domi_macri,https://www.tiktok.com/@domi_macri/video/7537840573206564127
7540058706071801101,curatedbyreina_,https://www.tiktok.com/@curatedbyreina_/video/7540058706071801101?lang=en
7540426966525136142,elijahbanks_,https://www.tiktok.com/@elijahbanks_/video/7540426966525136142?lang=en
7540376748131634487,sophiarpeterson,https://www.tiktok.com/@sophiarpeterson/video/7540376748131634487?lang=en
7530768045862587678,amorxnesh,https://www.tiktok.com/@amorxnesh/video/7530768045862587678?lang=en
7542387686552767775,3m.i.ly_c,https://www.tiktok.com/@3m.i.ly_c/video/7542387686552767775?lang=en
7542157517854412062,carrieithome,https://www.tiktok.com/@carrieithome/video/7542157517854412062?lang=en
7543031234780253495,talk2tinaa,https://www.tiktok.com/@talk2tinaa/video/7543031234780253495?lang=en
7543284254294265143,sheelaziari,https://www.tiktok.com/@sheelaziari/video/7543284254294265143?lang=en
7542915559042731295,carleydurant,https://www.tiktok.com/@carleydurant/video/7542915559042731295?lang=en
7527687687361269023,kelseykooima,https://www.tiktok.com/@kelseykooima/video/7527687687361269023?lang=en
7424904276251577643,arielelizabethhome,https://www.tiktok.com/@arielelizabethhome/video/7424904276251577643?q=wayfair%20%20halloween&t=1752774737948
7540262935306702094,injessicascorner,https://www.tiktok.com/@injessicascorner/video/7540262935306702094
7540603455388355870,carrieithome,https://www.tiktok.com/@carrieithome/video/7540603455388355870?lang=en
7540649840854748447,triedandtruemom,https://www.tiktok.com/@triedandtruemom/video/7540649840854748447
7540417420738202888,hamiascorner,https://www.tiktok.com/@hamiascorner/video/7540417420738202888
7505771436343168286,brambila_bits,https://www.tiktok.com/@brambila_bits/video/7505771436343168286?lang=en
7543919792734948638,enerlivin,https://www.tiktok.com/@enerlivin/video/7543919792734948638
7543861902380780830,3m.i.ly_c,https://www.tiktok.com/@3m.i.ly_c/video/7543861902380780830?lang=en
7543651284684000542,shonnitap,https://www.tiktok.com/@shonnitap/video/7543651284684000542?lang=en
7531764331529194782,ourmountainsidehome,https://www.tiktok.com/@ourmountainsidehome/video/7531764331529194782?lang=en
7537115239599459639,reallife.rachael,https://www.tiktok.com/@reallife.rachael/video/7537115239599459639
7541028394562047245,nicolesmook,https://www.tiktok.com/@nicolesmook/video/7541028394562047245?lang=en
7541104674846330143,itserinnicole2,https://www.tiktok.com/@itserinnicole2/video/7541104674846330143
7544228814969179423,whoiskiarac,https://www.tiktok.com/@whoiskiarac/video/7544228814969179423?lang=en
7544473756861844791,beautywithraami,https://www.tiktok.com/@beautywithraami/video/7544473756861844791?lang=en
7537504603718438174,biancaa_melissaa,https://www.tiktok.com/@biancaa_melissaa/video/7537504603718438174?lang=en
7544908973032394039,nicolekess,https://www.tiktok.com/@nicolekess/video/7544908973032394039?lang=en
7381633422357187886,heykaymarie2,https://www.tiktok.com/@heykaymarie2/video/7381633422357187886
7249014868836175146,kaitlinz1022,https://www.tiktok.com/@kaitlinz1022/video/7249014868836175146?q=%23wayfair%20%23booktok&t=1753888141777
7539759292396686606,aselle.dlv,https://www.tiktok.com/@aselle.dlv/video/7539759292396686606
7537804162160184606,theefelmbaye,https://www.tiktok.com/@theefelmbaye/video/7537804162160184606
7531362134366735630,hellosofiaaa,https://www.tiktok.com/@hellosofiaaa/video/7531362134366735630?lang=en
7539669573067476255,emily.e.olson,https://www.tiktok.com/@emily.e.olson/video/7539669573067476255?lang=en
7540041192965262605,allabout_dash,https://www.tiktok.com/@allabout_dash/video/7540041192965262605
7541082610953456909,njainpos,https://www.tiktok.com/@njainpos/video/7541082610953456909
7542508911069318431,biancabetsey,https://www.tiktok.com/@biancabetsey/video/7542508911069318431
7530414552253582647,chassitylovee,https://www.tiktok.com/@chassitylovee/video/7530414552253582647?q=wayfair%20bookshelf&t=1756135605076
7541447399986810119,jessybutts,https://www.tiktok.com/@jessybutts/video/7541447399986810119?lang=en
7543402252225056013,perlaliberati,https://www.tiktok.com/@perlaliberati/video/7543402252225056013
7543666277647125815,allison.bounds,https://www.tiktok.com/@allison.bounds/video/7543666277647125815?q=wayfair%20halloween&t=1756401123393
7543654664613530911,haus.ofhart,https://www.tiktok.com/@haus.ofhart/video/7543654664613530911?q=wayfair%20halloween&t=1756401123393
7525648326797069599,carrieithome,https://www.tiktok.com/@carrieithome/video/7525648326797069599?lang=en
7535137239752281374,sincerelyskylee,https://www.tiktok.com/@sincerelyskylee/video/7535137239752281374?lang=en
7501800471728852270,jaylinmotleyy,https://www.tiktok.com/@jaylinmotleyy/video/7501800471728852270?lang=en
7539638047894261022,sincerelyginalee,https://www.tiktok.com/@sincerelyginalee/video/7539638047894261022
7542633639054494989,jessisladoll,https://www.tiktok.com/@jessisladoll/video/7542633639054494989?lang=en
7485551470285262110,nicolekcorley,https://www.tiktok.com/@nicolekcorley/video/7485551470285262110
7543424057237064973,keepingupw.nita,https://www.tiktok.com/@keepingupw.nita/video/7543424057237064973
7544780580882238733,nicolesmook,https://www.tiktok.com/@nicolesmook/video/7544780580882238733?lang=en
7539006833076260109,layeredbymonay,https://www.tiktok.com/@layeredbymonay/video/7539006833076260109?lang=en
7212669632245763370,1browngyal,https://www.tiktok.com/@1browngyal/video/7212669632245763370?q=wayfair%20utensisl&t=1755617050882
7540049170325933343,fohninteriors,https://www.tiktok.com/@fohninteriors/video/7540049170325933343
7538930542591347981,justina.c.franklin,https://www.tiktok.com/@justina.c.franklin/video/7538930542591347981?lang=en
7541109336534289677,kara.graber,https://www.tiktok.com/@kara.graber/video/7541109336534289677
7530785266135518495,ava.gallo,https://www.tiktok.com/@ava.gallo/video/7530785266135518495?lang=en
7486971926766816543,thinkbetterdaily,https://www.tiktok.com/@thinkbetterdaily/video/7486971926766816543
7230549324659215658,therealloveshere,https://www.tiktok.com/@therealloveshere/video/7230549324659215658?q=wayfair%20alarm&t=1753800393118
7521186711775218975,madiandskyler,https://www.tiktok.com/@madiandskyler/video/7521186711775218975?lang=en
7541211192740547895,misojulia,https://www.tiktok.com/@misojulia/video/7541211192740547895
7510838188961729835,_.kelseey,https://www.tiktok.com/@_.kelseey/video/7510838188961729835?region=us_ttp
7425280447107697962,ashleynicolekeenan,https://www.tiktok.com/@ashleynicolekeenan/video/7425280447107697962?q=wayfair%20makeup&t=1753712853051
7529614950470339854,justicemariez,https://www.tiktok.com/@justicemariez/video/7529614950470339854?q=wayfair%20makeup&t=1753712853051
7529164783019461918,haus.ofhart,https://www.tiktok.com/@haus.ofhart/video/7529164783019461918?q=%23wayfair%20%23booktok&t=1753888141777
7535904926195617079,kaitlynmackenzee,https://www.tiktok.com/@kaitlynmackenzee/video/7535904926195617079
7537709616893824270,ohhemjayy,https://www.tiktok.com/@ohhemjayy/video/7537709616893824270?q=wayfair%20bookshelf&t=1756135605076
7542881050704235790,kourt_lovely,https://www.tiktok.com/@kourt_lovely/video/7542881050704235790
7542537356427988237,brittlynnandrew,https://www.tiktok.com/@brittlynnandrew/video/7542537356427988237?lang=en
7545203916657495309,_kandiii,https://www.tiktok.com/@_kandiii/video/7545203916657495309?q=wayfair%20couch&t=1756997441332
7408306214280629550,elizama.interiors,https://www.tiktok.com/@elizama.interiors/video/7408306214280629550?q=wayfair%20fall%20deco&t=1752849265105
7530689590743551245,designbyanicole1,https://www.tiktok.com/@designbyanicole1/video/7530689590743551245?lang=en
7502558455912353066,elijahbanks_,https://www.tiktok.com/@elijahbanks_/video/7502558455912353066
7535546354932714765,miki.friel,https://www.tiktok.com/@miki.friel/video/7535546354932714765
7523264915226774814,kamkozy,https://www.tiktok.com/@kamkozy/video/7523264915226774814?lang=en
7526937501152464142,goldendabo,https://www.tiktok.com/@goldendabo/video/7526937501152464142?lang=en
7524099892327812366,edduncan21,https://www.tiktok.com/@edduncan21/video/7524099892327812366?lang=en
7542457306395561246,tinatealhome,https://www.tiktok.com/@tinatealhome/video/7542457306395561246
7542310753286540575,kromwellsfancyfarmer,https://www.tiktok.com/@kromwellsfancyfarmer/video/7542310753286540575
7542259346499980574,tinatealhome,https://www.tiktok.com/@tinatealhome/video/7542259346499980574
7542227664988392734,kromwellsfancyfarmer,https://www.tiktok.com/@kromwellsfancyfarmer/video/7542227664988392734
7538891447165095198,mic_morg,https://www.tiktok.com/@mic_morg/video/7538891447165095198?lang=en
7542637698700414263,rinchristina,https://www.tiktok.com/@rinchristina/video/7542637698700414263?lang=en
7542307720276233502,lavieenrose.aesthetique,https://www.tiktok.com/@lavieenrose.aesthetique/video/7542307720276233502
7446901372814888234,likeherstyle,https://www.tiktok.com/@likeherstyle/video/7446901372814888234
7544085610517105950,shannon.i..lecoun,https://www.tiktok.com/@shannon.i..lecoun/video/7544085610517105950
7541160988800732430,hamiltonhaven5,https://www.tiktok.com/@hamiltonhaven5/video/7541160988800732430?lang=en
7545629526919793950,3m.i.ly_c,https://www.tiktok.com/@3m.i.ly_c/video/7545629526919793950?lang=en
7545635442020896031,3m.i.ly_c,https://www.tiktok.com/@3m.i.ly_c/video/7545635442020896031?lang=en
7542495955015257399,withloveleeee,https://www.tiktok.com/@withloveleeee/video/7542495955015257399
7545882872436116791,yulissaas_,https://www.tiktok.com/@yulissaas_/video/7545882872436116791
7535567936925289742,_mytnhome_,https://www.tiktok.com/@_mytnhome_/video/7535567936925289742?lang=en
7547550107898613005,karleyjaeetheredge,https://www.tiktok.com/@karleyjaeetheredge/video/7547550107898613005
7546000970610691358,books.with.demi,https://www.tiktok.com/@books.with.demi/video/7546000970610691358?lang=en
7517727227082067213,karenelaine25,https://www.tiktok.com/@karenelaine25/video/7517727227082067213?lang=en
7471614970158058798,glambytes,https://www.tiktok.com/@glambytes/video/7471614970158058798?lang=en
7527020557053873439,kodieverett,https://www.tiktok.com/@kodieverett/video/7527020557053873439?q=wayfair%20fall%20deco&t=1752849265105
7524361504200690957,tablescape.designs,https://www.tiktok.com/@tablescape.designs/video/7524361504200690957?lang=en
7414575030870281503,decoratingnewbuild_,https://www.tiktok.com/@decoratingnewbuild_/video/7414575030870281503?q=wayfair%20fall%20deco&t=1752849265105
7537380253254077709,treneavacations,https://www.tiktok.com/@treneavacations/video/7537380253254077709?lang=en
7534764465191914782,theholidaymanor,https://www.tiktok.com/@theholidaymanor/video/7534764465191914782?q=%23wayfair%20%23pumpkinseason&t=1754941169544
7525220095887478047,kareneladji,https://www.tiktok.com/@kareneladji/video/7525220095887478047?q=%23wayfair%20%23moving&t=1754942527751
7537883196390640952,christinejj7,https://www.tiktok.com/@christinejj7/video/7537883196390640952
7528226824950746399,taylor.dannise,https://www.tiktok.com/@taylor.dannise/video/7528226824950746399
7509883539194793258,_k__riley,https://www.tiktok.com/@_k__riley/video/7509883539194793258?lang=en
7538200556590861624,foreverpetalsbyanna,https://www.tiktok.com/@foreverpetalsbyanna/video/7538200556590861624
7540066729083391240,foreverpetalsbyanna,https://www.tiktok.com/@foreverpetalsbyanna/video/7540066729083391240
7540451925372849463,layeredbymonay,https://www.tiktok.com/@layeredbymonay/video/7540451925372849463
7542290951197248823,hannahnickersonn,https://www.tiktok.com/@hannahnickersonn/video/7542290951197248823
7542681156798450957,giselleclimpson_,https://www.tiktok.com/@giselleclimpson_/video/7542681156798450957
7542632317123071246,misswisselementary,https://www.tiktok.com/@misswisselementary/video/7542632317123071246
7541794871602973983,sincerelyginalee,https://www.tiktok.com/@sincerelyginalee/video/7541794871602973983?lang=en
7545219417697717534,chocol8boss1,https://www.tiktok.com/@chocol8boss1/video/7545219417697717534
7545938931372641566,elvira__perez,https://www.tiktok.com/@elvira__perez/video/7545938931372641566?lang=en
7545972190324264206,medinacolaku,https://www.tiktok.com/@medinacolaku/video/7545972190324264206
7378159598483606830,briathebeauty,https://www.tiktok.com/@briathebeauty/video/7378159598483606830?q=wayfair%20couch&t=1757006356338
7517689868718230815,eves_mad,https://www.tiktok.com/@eves_mad/video/7517689868718230815
7484756916799900971,shana_rebel,https://www.tiktok.com/@shana_rebel/video/7484756916799900971?q=wayfair%20couch&t=1757006356338
7396833642775006510,_.kelseey,https://www.tiktok.com/@_.kelseey/video/7396833642775006510?q=wayfair%20couch&t=1757006356338
7479305555580914974,sixfiguredani,https://www.tiktok.com/@sixfiguredani/video/7479305555580914974?q=wayfair%20couch&t=1757006356338
7359999554114047275,illuminaaari,https://www.tiktok.com/@illuminaaari/video/7359999554114047275?q=wayfair%20couch&t=1757006356338
7494067187657936174,caycirnai,https://www.tiktok.com/@caycirnai/video/7494067187657936174?q=wayfair%20couch&t=1757006356338
7503699176887307551,kaitycastaneda,https://www.tiktok.com/@kaitycastaneda/video/7503699176887307551?q=wayfair%20couch&t=1757006356338
7545625161119173901,kfinteriors,https://www.tiktok.com/@kfinteriors/video/7545625161119173901?lang=en
7542662568108625182,amanda.cristallo,https://www.tiktok.com/@amanda.cristallo/video/7542662568108625182
7542588455507774738,joshua96jones,https://www.tiktok.com/@joshua96jones/video/7542588455507774738
7386817368254663966,txhotjen,https://www.tiktok.com/@txhotjen/video/7386817368254663966?q=wayfair%20art&t=1753469419300
7528874007072902455,shanesworldk,https://www.tiktok.com/@shanesworldk/video/7528874007072902455?lang=en
7544780784301919502,nicolesmook,https://www.tiktok.com/@nicolesmook/video/7544780784301919502?lang=en
7547077509137861918,carrieithome,https://www.tiktok.com/@carrieithome/video/7547077509137861918?lang=en
7543075255041182990,ashleymallouk,https://www.tiktok.com/@ashleymallouk/video/7543075255041182990
7534011324762688823,asiasinclair_,https://www.tiktok.com/@asiasinclair_/video/7534011324762688823?q=wayfair%20%23dorminspo&t=1754510778484
7522371214694698295,a_michellee,https://www.tiktok.com/@a_michellee/video/7522371214694698295?lang=en
7533334300612103454,simplyilma_,https://www.tiktok.com/@simplyilma_/video/7533334300612103454?lang=en
7539757301696154911,nildy_ivfmama,https://www.tiktok.com/@nildy_ivfmama/video/7539757301696154911
7540281201253289229,meaganonthemove,https://www.tiktok.com/@meaganonthemove/video/7540281201253289229
7539029848040213791,dadouchic,https://www.tiktok.com/@dadouchic/video/7539029848040213791?lang=en
7545071482158763295,alishafloryn,https://www.tiktok.com/@alishafloryn/video/7545071482158763295?lang=en
7546225273386126622,graceeliza16,https://www.tiktok.com/@graceeliza16/video/7546225273386126622?cid=NzU0NjI0MDQ2ODE4ODc1ODgxNQ
7537793347696479519,mothermugz,https://www.tiktok.com/@mothermugz/video/7537793347696479519?q=wayfair%20couch&t=1757006356338
7518034321740025143,marcialachae,https://www.tiktok.com/@marcialachae/video/7518034321740025143
7546592009780284686,mangotreehome,https://www.tiktok.com/@mangotreehome/video/7546592009780284686?lang=en
7547412499998493965,val.abama,https://www.tiktok.com/@val.abama/video/7547412499998493965?_r=1&_t=ZT-8zXEGJaOxD5
7546638307954887966,redothezoo,https://www.tiktok.com/@redothezoo/video/7546638307954887966?lang=en
7545111302541200654,tuxedofarmhouse,https://www.tiktok.com/@tuxedofarmhouse/video/7545111302541200654?lang=en
7544931624446627086,onedaemoore,https://www.tiktok.com/@onedaemoore/video/7544931624446627086?lang=en
7543074408676592910,jordan.chanel,https://www.tiktok.com/@jordan.chanel/video/7543074408676592910?lang=en
7523012827238485278,knowingkrescent,https://www.tiktok.com/@knowingkrescent/video/7523012827238485278
7528198401125551390,nikkiguevaraa,https://www.tiktok.com/@nikkiguevaraa/video/7528198401125551390?q=wayfair%20console&t=1757511744702
7501871528854785322,marinak_30,https://www.tiktok.com/@marinak_30/video/7501871528854785322?q=wayfair%20console&t=1757511744702
7541872947779095863,toribrooke66,https://www.tiktok.com/@toribrooke66/video/7541872947779095863?lang=en
7548848844079910174,brerewritten,https://www.tiktok.com/@brerewritten/video/7548848844079910174
7548898557089172749,deewesson,https://www.tiktok.com/@deewesson/video/7548898557089172749
7547887027002297631,itsthesoftlife4me,https://www.tiktok.com/@itsthesoftlife4me/video/7547887027002297631?lang=en
7506750636923555118,emmybennettt,https://www.tiktok.com/@emmybennettt/video/7506750636923555118?q=%23wayfair%20bookshelf&t=1754945045217
7377766532673473838,b.nicoleanderson.writes,https://www.tiktok.com/@b.nicoleanderson.writes/video/7377766532673473838?q=wayfair%20bookshelf&t=1756135605076
7546374892216667422,xadenandryann,https://www.tiktok.com/@xadenandryann/video/7546374892216667422
7516565926473370923,allison.bounds,https://www.tiktok.com/@allison.bounds/video/7516565926473370923?lang=en
7542956859016105230,karleyjaeetheredge,https://www.tiktok.com/@karleyjaeetheredge/video/7542956859016105230
7530802892102438175,savannahcourtland,https://www.tiktok.com/@savannahcourtland/video/7530802892102438175
7545904563161730317,sophiarpeterson,https://www.tiktok.com/@sophiarpeterson/video/7545904563161730317?lang=en
7550132281873108279,nicolekess,https://www.tiktok.com/@nicolekess/video/7550132281873108279?lang=en
7538980435238440222,nurse.kirsten,https://www.tiktok.com/@nurse.kirsten/video/7538980435238440222?lang=en
7550739311453375757,curatedbyreina_,https://www.tiktok.com/@curatedbyreina_/video/7550739311453375757?lang=en
7538527229391670559,whatlydia,https://www.tiktok.com/@whatlydia/video/7538527229391670559?q=wayfair%20couch&t=1756997441332
7502141869762104622,_lifeofque_,https://www.tiktok.com/@_lifeofque_/video/7502141869762104622?lang=en
7495761274626723114,ventureswithmimi,https://www.tiktok.com/@ventureswithmimi/video/7495761274626723114
7417626358316043563,the.littlebird,https://www.tiktok.com/@the.littlebird/video/7417626358316043563?q=%23wayfair%20%23budgetfriendly&t=1754577304559
7526154595475787021,coastalcaitlin,https://www.tiktok.com/@coastalcaitlin/video/7526154595475787021?lang=en
7524818788219456799,megleonardco,https://www.tiktok.com/@megleonardco/video/7524818788219456799?lang=en
7497292013679676703,sydney.b.reed,https://www.tiktok.com/@sydney.b.reed/video/7497292013679676703
7541857792613764365,arhoward26,https://www.tiktok.com/@arhoward26/video/7541857792613764365?lang=en
7542694400212602167,emmylewdecorates,https://www.tiktok.com/@emmylewdecorates/video/7542694400212602167
7545656629690109239,misojulia,https://www.tiktok.com/@misojulia/video/7545656629690109239?lang=en
7335487945270496558,xjamiejenelle,https://www.tiktok.com/@xjamiejenelle/video/7335487945270496558
7493280952513350955,loveofdecor,https://www.tiktok.com/@loveofdecor/video/7493280952513350955
7543413343512513823,marissaphillips__,https://www.tiktok.com/@marissaphillips__/video/7543413343512513823?lang=en
7542535647958011166,living_with_dem,https://www.tiktok.com/@living_with_dem/video/7542535647958011166?lang=en
7544174560002739511,rachkoop,https://www.tiktok.com/@rachkoop/video/7544174560002739511?lang=en
7548149278233890079,kaylareisrn,https://www.tiktok.com/@kaylareisrn/video/7548149278233890079?lang=en
7542615573952318750,meggieferrerhome,https://www.tiktok.com/@meggieferrerhome/video/7542615573952318750?lang=en
7518031750992301326,kaitlynmackenzee,https://www.tiktok.com/@kaitlynmackenzee/video/7518031750992301326?lang=en
7456127916812848389,carlyspooner,https://www.tiktok.com/@carlyspooner/video/7456127916812848389?lang=en
7547162705581313335,brittlynnandrew,https://www.tiktok.com/@brittlynnandrew/video/7547162705581313335
7395344272263793962,saucysarz,https://www.tiktok.com/@saucysarz/video/7395344272263793962
7548172421606460702,chilldesignsbyjess,https://www.tiktok.com/@chilldesignsbyjess/video/7548172421606460702
7549441022258842911,itsthesoftlife4me,https://www.tiktok.com/@itsthesoftlife4me/video/7549441022258842911?lang=en
7548490251740794143,onlylumber,https://www.tiktok.com/@onlylumber/video/7548490251740794143?lang=en
7460999537893641518,nikki.gott,https://www.tiktok.com/@nikki.gott/video/7460999537893641518?q=wayfair%20bookcase&t=1758028502782
7534772379642301751,myneutralliving,https://www.tiktok.com/@myneutralliving/video/7534772379642301751?q=wayfair%20cookware&t=1758043086924
7536380705383795998,.ourcozymodernlife,https://www.tiktok.com/@.ourcozymodernlife/video/7536380705383795998?lang=en
7532146102255078686,bekahhhcooperr,https://www.tiktok.com/@bekahhhcooperr/video/7532146102255078686?lang=en
7548957645022055711,.callmekay,https://www.tiktok.com/@.callmekay/video/7548957645022055711?lang=en
7551120781250448654,katherineelic,https://www.tiktok.com/@katherineelic/video/7551120781250448654?lang=en
7550765380076162318,kara.graber,https://www.tiktok.com/@kara.graber/video/7550765380076162318
7549023824503704862,kamkozy,https://www.tiktok.com/@kamkozy/video/7549023824503704862
7527443845789863198,blanche.lifestyle,https://www.tiktok.com/@blanche.lifestyle/video/7527443845789863198?q=wayfair%20console&t=1757510597914
7501494106036882734,monicaruiz215,https://www.tiktok.com/@monicaruiz215/video/7501494106036882734?lang=en
7521377466884066591,taylor.dannise,https://www.tiktok.com/@taylor.dannise/video/7521377466884066591?lang=en
7499164869711793454,jessicakennedyhome,https://www.tiktok.com/@jessicakennedyhome/video/7499164869711793454?q=wayfair%20console&t=1757511744702
7536216790364392734,byleahclaire,https://www.tiktok.com/@byleahclaire/video/7536216790364392734?lang=en
7542819141435034893,labarbie2113,https://www.tiktok.com/@labarbie2113/video/7542819141435034893
7542611378406837534,aleiastraveldiary,https://www.tiktok.com/@aleiastraveldiary/video/7542611378406837534?lang=en
7541538447488568589,mrs.madisonhenry,https://www.tiktok.com/@mrs.madisonhenry/video/7541538447488568589?lang=en
7517421346817674510,briannamitchell33,https://www.tiktok.com/@briannamitchell33/video/7517421346817674510?q=wayfair%20desks&t=1757525088183
7425711526801345838,tenny.co,https://www.tiktok.com/@tenny.co/video/7425711526801345838?q=wayfair%20desks&t=1757525088183
7530698621692415262,tinatealhome,https://www.tiktok.com/@tinatealhome/video/7530698621692415262?lang=en
7441406477396413727,leahmonique09,https://www.tiktok.com/@leahmonique09/video/7441406477396413727?q=wayfair%20dresser&t=1757535854868
7188871284674006315,momma.fixer.upper,https://www.tiktok.com/@momma.fixer.upper/video/7188871284674006315?q=wayfair%20dresser&t=1757535854868
7548063179331472648,jesscallaghan13,https://www.tiktok.com/@jesscallaghan13/video/7548063179331472648
7539206909035957518,alenture,https://www.tiktok.com/@alenture/video/7539206909035957518?q=wayfair%20dresser&t=1757535854868
7546079724896881975,mercedesaaliyia,https://www.tiktok.com/@mercedesaaliyia/video/7546079724896881975?lang=en
7549389678521158943,annejelicadenise,https://www.tiktok.com/@annejelicadenise/video/7549389678521158943?lang=en
7543776767794744606,dentxdays,https://www.tiktok.com/@dentxdays/video/7543776767794744606?lang=en
7550761491180440845,trey.mendlik,https://www.tiktok.com/@trey.mendlik/video/7550761491180440845
7294375882410478891,keishlyt,https://www.tiktok.com/@keishlyt/video/7294375882410478891?q=wayfair%20christmas&t=1729020596456
7173398669998198059,remismama222,https://www.tiktok.com/@remismama222/video/7173398669998198059?q=wayfair%20christmas&t=1729020596456
7432315325737078058,the.meza.home,https://www.tiktok.com/@the.meza.home/video/7432315325737078058?is_from_webapp=1&sender_device=pc
7538516738799881503,theefelmbaye,https://www.tiktok.com/@theefelmbaye/video/7538516738799881503?lang=en
7550388910090685709,livingwithjani,https://www.tiktok.com/@livingwithjani/video/7550388910090685709?lang=en
7489542704548875551,shefba_,https://www.tiktok.com/@shefba_/video/7489542704548875551
7504028286570335493,urfatbigsis,https://www.tiktok.com/@urfatbigsis/video/7504028286570335493?q=wayfair%20bookshelf&t=1757947627263
7380014450759257387,xoxo_vld,https://www.tiktok.com/@xoxo_vld/video/7380014450759257387?q=wayfair%20bookshelf&t=1757947627263
7104869761422511406,maddison_bush,https://www.tiktok.com/@maddison_bush/video/7104869761422511406?q=wayfair%20bookshelf&t=1757950514507
7551091854318636301,khandeece,https://www.tiktok.com/@khandeece/video/7551091854318636301?lang=en
7427502040235953450,whereheartresides,https://www.tiktok.com/@whereheartresides/video/7427502040235953450?q=wayfair%20bookshelf&t=1757950514507
7545154314512256286,whereheartresides,https://www.tiktok.com/@whereheartresides/video/7545154314512256286
7532226225780083982,yammi.lex,https://www.tiktok.com/@yammi.lex/video/7532226225780083982
7513183912928038187,signedgorgeous,https://www.tiktok.com/@signedgorgeous/video/7513183912928038187?lang=en
7544879248889187615,thenuttybrunettehome,https://www.tiktok.com/@thenuttybrunettehome/video/7544879248889187615?lang=en
7535573300118932750,gabriellerao,https://www.tiktok.com/@gabriellerao/video/7535573300118932750
7536233697331121439,redothezoo,https://www.tiktok.com/@redothezoo/video/7536233697331121439?lang=en
7436558126930971950,plantedsouldeep,https://www.tiktok.com/@plantedsouldeep/video/7436558126930971950
7546357174318959903,thenuttybrunettehome,https://www.tiktok.com/@thenuttybrunettehome/video/7546357174318959903?lang=en
7549630470800149773,samanthabagley,https://www.tiktok.com/@samanthabagley/video/7549630470800149773?lang=en
7550482103075409165,notmayasharpe,https://www.tiktok.com/@notmayasharpe/video/7550482103075409165?lang=en
7545144997021043998,basicallycontent,https://www.tiktok.com/@basicallycontent/video/7545144997021043998?q=wayfair%20bookcase&t=1758028502782
7508421081284496686,violent.little.thing,https://www.tiktok.com/@violent.little.thing/video/7508421081284496686
7475991124142738730,violent.little.thing,https://www.tiktok.com/@violent.little.thing/video/7475991124142738730
7469174088657882398,mypurposedrivesme,https://www.tiktok.com/@mypurposedrivesme/video/7469174088657882398?q=wayfair%20bookcase&t=1758028502782
6935191437726272773,mrsamberjoy,https://www.tiktok.com/@mrsamberjoy/video/6935191437726272773?q=wayfair%20bookcase&t=1758028502782
7547789206207204621,mikaela.pabon,https://www.tiktok.com/@mikaela.pabon/video/7547789206207204621?lang=en
7549615556358442271,dariaafshar_,https://www.tiktok.com/@dariaafshar_/video/7549615556358442271?lang=en
7548215561759608119,designed.by.morgan,https://www.tiktok.com/@designed.by.morgan/video/7548215561759608119?lang=en
7551214385671245070,kimmy_ruth,https://www.tiktok.com/@kimmy_ruth/video/7551214385671245070?lang=en
7552285432524983607,scrublife_rn,https://www.tiktok.com/@scrublife_rn/video/7552285432524983607
7549602536932543799,jennieyepez,https://www.tiktok.com/@jennieyepez/video/7549602536932543799?lang=en
7556404391666912567,rachel_muse,https://www.tiktok.com/@rachel_muse/video/7556404391666912567
7550853305149197599,jessyrhome,https://www.tiktok.com/@jessyrhome/video/7550853305149197599
7550862585432706335,itsliz_n,https://www.tiktok.com/@itsliz_n/video/7550862585432706335
7550724868174662942,itsbrittneeaspen,https://www.tiktok.com/@itsbrittneeaspen/video/7550724868174662942
7551156910599179550,emma_grace_blog,https://www.tiktok.com/@emma_grace_blog/video/7551156910599179550
7553088347170950413,rinchristina,https://www.tiktok.com/@rinchristina/video/7553088347170950413?lang=en
7551849848799104269,skillinhome,https://www.tiktok.com/@skillinhome/video/7551849848799104269?lang=en
7548602614233976095,taylah.lovee,https://www.tiktok.com/@taylah.lovee/video/7548602614233976095
7548258291869109518,brittany_miata,https://www.tiktok.com/@brittany_miata/video/7548258291869109518?lang=en
7550021116236991774,triceydastylist,https://www.tiktok.com/@triceydastylist/video/7550021116236991774?region=us_ttp
7547829406543236366,timelesstye_,https://www.tiktok.com/@timelesstye_/video/7547829406543236366?lang=en
7547787218182524190,skinbyrileyb,https://www.tiktok.com/@skinbyrileyb/video/7547787218182524190?lang=en
7546700611597651255,divinefinewine,https://www.tiktok.com/@divinefinewine/video/7546700611597651255?lang=en
7551854885809949970,caggiebaby,https://www.tiktok.com/@caggiebaby/video/7551854885809949970?lang=en
7553276075342564621,allabouthome_,https://www.tiktok.com/@allabouthome_/video/7553276075342564621?lang=en
7554414765393612045,partywithpeach,https://www.tiktok.com/@partywithpeach/video/7554414765393612045?lang=en
7553266853058039071,tinatealhome,https://www.tiktok.com/@tinatealhome/video/7553266853058039071?lang=en
7553256461271420190,_itschristine0,https://www.tiktok.com/@_itschristine0/video/7553256461271420190?lang=en
7553043478456945950,strauberryberet,https://www.tiktok.com/@strauberryberet/video/7553043478456945950?lang=en
7551240715360062751,julia.cotten,https://www.tiktok.com/@julia.cotten/video/7551240715360062751?lang=en
7555921949302590734,myneutralliving,https://www.tiktok.com/@myneutralliving/video/7555921949302590734?lang=en
7552635077344103711,taylorcaradonna1996,https://www.tiktok.com/@taylorcaradonna1996/video/7552635077344103711?lang=en
7550766829224955191,rrradmilaa,https://www.tiktok.com/@rrradmilaa/video/7550766829224955191?lang=en
7544782237108096270,coastalcaitlin,https://www.tiktok.com/@coastalcaitlin/video/7544782237108096270?lang=en
7484328880178826538,carrie_rowe,https://www.tiktok.com/@carrie_rowe/video/7484328880178826538?q=wayfair%20bookshelf&t=1757950514507
7196663147422387499,mommyhustlepro,https://www.tiktok.com/@mommyhustlepro/video/7196663147422387499?q=wayfair%20bookshelf&t=1757950514507
7551074956994530591,aubice,https://www.tiktok.com/@aubice/video/7551074956994530591?lang=en
7551351396742794527,carrieithome,https://www.tiktok.com/@carrieithome/video/7551351396742794527?lang=en
7553713552209480973,nicolesmook,https://www.tiktok.com/@nicolesmook/video/7553713552209480973?lang=en
7405667320573463851,kaycebabinski,https://www.tiktok.com/@kaycebabinski/video/7405667320573463851
7534534376365903135,acthatsme19,https://www.tiktok.com/@acthatsme19/video/7534534376365903135?q=wayfair%20couch&t=1758721264835
7536333953599376671,acthatsme19,https://www.tiktok.com/@acthatsme19/video/7536333953599376671
7276488421688741166,doseofdesta,https://www.tiktok.com/@doseofdesta/video/7276488421688741166?q=wayfair%20couch&t=1758721264835
7551848347888323854,natalieanna,https://www.tiktok.com/@natalieanna/video/7551848347888323854
7422470591569022250,mikayla.nadia,https://www.tiktok.com/@mikayla.nadia/video/7422470591569022250?q=wayfair%20couch&t=1758721264835
7468863026117020971,mikayla.nadia,https://www.tiktok.com/@mikayla.nadia/video/7468863026117020971
7453570871517613354,mikayla.nadia,https://www.tiktok.com/@mikayla.nadia/video/7453570871517613354
7553730530831830302,bucketlistdiary_,https://www.tiktok.com/@bucketlistdiary_/video/7553730530831830302
7522973926268456223,author.lindseyhart,https://www.tiktok.com/@author.lindseyhart/video/7522973926268456223
7554041614952369439,homebyxi,https://www.tiktok.com/@homebyxi/video/7554041614952369439
7554027474716265741,vsvstheworld,https://www.tiktok.com/@vsvstheworld/video/7554027474716265741
7556062055204228366,its_royalmom,https://www.tiktok.com/@its_royalmom/video/7556062055204228366?lang=en
7556305348131294495,acthatsme19,https://www.tiktok.com/@acthatsme19/video/7556305348131294495
7556592001886506270,carrieithome,https://www.tiktok.com/@carrieithome/video/7556592001886506270
7556638606392102199,berryfae19,https://www.tiktok.com/@berryfae19/video/7556638606392102199
7542324466433428766,triedandtruemom,https://www.tiktok.com/@triedandtruemom/video/7542324466433428766
7554020398954728718,naylani,https://www.tiktok.com/@naylani/video/7554020398954728718?region=us_ttp
7549721741560483103,mynameistiffanie,https://www.tiktok.com/@mynameistiffanie/video/7549721741560483103?region=us_ttp
7556401800413220110,_.kelseey,https://www.tiktok.com/@_.kelseey/video/7556401800413220110
7556294737469132062,marissadmarsh,https://www.tiktok.com/@marissadmarsh/video/7556294737469132062
7556696613742316814,_via.shan,https://www.tiktok.com/@_via.shan/video/7556696613742316814?lang=en
7510287183014530335,shonnitap,https://www.tiktok.com/@shonnitap/video/7510287183014530335
7459522748688239918,blondemomdiaries,https://www.tiktok.com/@blondemomdiaries/video/7459522748688239918?lang=en
7548968616998276407,leabarry19,https://www.tiktok.com/@leabarry19/video/7548968616998276407?lang=en
7555922595887975694,createdwithb,https://www.tiktok.com/@createdwithb/video/7555922595887975694
7546073342743252279,__domthedon,https://www.tiktok.com/@__domthedon/video/7546073342743252279?lang=en
7555918509855870221,lifewithtoyia_22,https://www.tiktok.com/@lifewithtoyia_22/video/7555918509855870221
7551242912793758990,decoratingwithalicia,https://www.tiktok.com/@decoratingwithalicia/video/7551242912793758990?q=wayfair%20sideboard&t=1758745819582
7544210919421693215,karismaangelle,https://www.tiktok.com/@karismaangelle/video/7544210919421693215?lang=en
7554468797684518158,mama_peyy,https://www.tiktok.com/@mama_peyy/video/7554468797684518158?lang=en
7553069855860198663,debfap,https://www.tiktok.com/@debfap/video/7553069855860198663?lang=en
7556026795586342157,sheelaziari,https://www.tiktok.com/@sheelaziari/video/7556026795586342157?lang=en
7182723392305630510,luluannprice,https://www.tiktok.com/@luluannprice/video/7182723392305630510?q=wayfair%20desks&t=1757525088183
7520036558653623565,aqamrr,https://www.tiktok.com/@aqamrr/video/7520036558653623565?q=wayfair%20bookshelf&t=1757950514507
7468150020013903146,violent.little.thing,https://www.tiktok.com/@violent.little.thing/video/7468150020013903146?q=wayfair%20bookcase&t=1758028502782
7556085849088199967,lexikoppy,https://www.tiktok.com/@lexikoppy/video/7556085849088199967?lang=en
7546313112442490126,uniquelyrochelles,https://www.tiktok.com/@uniquelyrochelles/video/7546313112442490126?lang=en
7555922692218621214,aa.sefa,https://www.tiktok.com/@aa.sefa/video/7555922692218621214
7555190748296023327,lexikoppy,https://www.tiktok.com/@lexikoppy/video/7555190748296023327?lang=en
7556272628223331598,fallonfarrahss,https://www.tiktok.com/@fallonfarrahss/video/7556272628223331598?lang=en
7555530346935209230,haleyivers,https://www.tiktok.com/@haleyivers/video/7555530346935209230?lang=en
7556069349635656968,debfap,https://www.tiktok.com/@debfap/video/7556069349635656968?lang=en
7556834472725892382,_mvriabvee,https://www.tiktok.com/@_mvriabvee/video/7556834472725892382
7557402040792550711,_via.shan,https://www.tiktok.com/@_via.shan/video/7557402040792550711
7545589168995437879,mackenzieee.d,https://www.tiktok.com/@mackenzieee.d/video/7545589168995437879
7558222381198626061,houseofsaintdesign,https://www.tiktok.com/@houseofsaintdesign/video/7558222381198626061?lang=en
7558521243331300663,lanternlanedesigns,https://www.tiktok.com/@lanternlanedesigns/video/7558521243331300663?lang=en
7558600473092099383,simplylivingwithjulia,https://www.tiktok.com/@simplylivingwithjulia/video/7558600473092099383?lang=en
7556427108457663775,amy_bens21,https://www.tiktok.com/@amy_bens21/video/7556427108457663775
7558638190148586807,skylerwahlberg,https://www.tiktok.com/@skylerwahlberg/video/7558638190148586807?region=us_ttp
7559283996702543135,lovedbyalijoy_,https://www.tiktok.com/@lovedbyalijoy_/video/7559283996702543135
7556379087590182145,gj.sweetandsavoury,https://www.tiktok.com/@gj.sweetandsavoury/video/7556379087590182145
7558974092494294286,shayewaterman,https://www.tiktok.com/@shayewaterman/video/7558974092494294286
7537518430019161374,.ourcozymodernlife,https://www.tiktok.com/@.ourcozymodernlife/video/7537518430019161374?lang=en
7551193240767073567,enerlivin,https://www.tiktok.com/@enerlivin/video/7551193240767073567
7551395893400915230,jenn_dunning,https://www.tiktok.com/@jenn_dunning/video/7551395893400915230?lang=en
7556012825710316855,mazyray,https://www.tiktok.com/@mazyray/video/7556012825710316855?lang=en
7556991105435307278,berryfae19,https://www.tiktok.com/@berryfae19/video/7556991105435307278?lang=en
7558173321922202910,stephanieivette_,https://www.tiktok.com/@stephanieivette_/video/7558173321922202910
7558127356167179550,kb_life0,https://www.tiktok.com/@kb_life0/video/7558127356167179550
7558100259272969486,hasbrouckhome,https://www.tiktok.com/@hasbrouckhome/video/7558100259272969486
7557884648055966989,birdyshome,https://www.tiktok.com/@birdyshome/video/7557884648055966989
7557493671168331038,living_with_dem,https://www.tiktok.com/@living_with_dem/video/7557493671168331038
7557212491193912590,stephaniemwolfe,https://www.tiktok.com/@stephaniemwolfe/video/7557212491193912590
7557029953351453983,gillaleighhome.designs,https://www.tiktok.com/@gillaleighhome.designs/video/7557029953351453983
7558467281081208094,homebyxi,https://www.tiktok.com/@homebyxi/video/7558467281081208094?lang=en
7557843642254167351,thehydrangeahome,https://www.tiktok.com/@thehydrangeahome/video/7557843642254167351?lang=en
7557802919567920414,allipaige19,https://www.tiktok.com/@allipaige19/video/7557802919567920414?lang=en
7545300632660462878,athomewithash,https://www.tiktok.com/@athomewithash/video/7545300632660462878?cid=NzU0NTQ5MzcyMDkyMjM5MTMyNg
7547696425442741534,athomewithash,https://www.tiktok.com/@athomewithash/video/7547696425442741534
7554504421091085581,__ericamerica,https://www.tiktok.com/@__ericamerica/video/7554504421091085581?lang=en
7512090501395402014,author.lindseyhart,https://www.tiktok.com/@author.lindseyhart/video/7512090501395402014
7502615494759828766,author.lindseyhart,https://www.tiktok.com/@author.lindseyhart/video/7502615494759828766
7495200671004773662,author.lindseyhart,https://www.tiktok.com/@author.lindseyhart/video/7495200671004773662
7451706345662827806,author.lindseyhart,https://www.tiktok.com/@author.lindseyhart/video/7451706345662827806
7558694056704953630,julia.cotten,https://www.tiktok.com/@julia.cotten/video/7558694056704953630?lang=en
7216512671850646830,dollykenk,https://www.tiktok.com/@dollykenk/video/7216512671850646830?q=kendrafoundit%20wayfair&t=1759935468785
7559028784133836062,kristinnicolai_,https://www.tiktok.com/@kristinnicolai_/video/7559028784133836062
7555342239795399949,findsbykenz,https://www.tiktok.com/@findsbykenz/video/7555342239795399949?q=wayfair%20halloween&t=1759253330052
7558667285271956767,mailimalagon,https://www.tiktok.com/@mailimalagon/video/7558667285271956767
7557209425149250830,ruyi62,https://www.tiktok.com/@ruyi62/video/7557209425149250830
7559027573280312607,julia.cotten,https://www.tiktok.com/@julia.cotten/video/7559027573280312607
7557785277306096909,iamsabstar,https://www.tiktok.com/@iamsabstar/video/7557785277306096909
7471778621678423342,my.bell.house,https://www.tiktok.com/@my.bell.house/video/7471778621678423342?region=us_ttp
7460633864755596550,caggiebaby,https://www.tiktok.com/@caggiebaby/video/7460633864755596550?region=us_ttp
7559339967017667854,houseoncalgarydowns,https://www.tiktok.com/@houseoncalgarydowns/video/7559339967017667854?lang=en
7557740870762499383,lovexessence,https://www.tiktok.com/@lovexessence/video/7557740870762499383
7559358605611339063,nataliacondon,https://www.tiktok.com/@nataliacondon/video/7559358605611339063
7559645805699763511,pastelsandpistachio,https://www.tiktok.com/@pastelsandpistachio/video/7559645805699763511
7560098270618389773,val.abama,https://www.tiktok.com/@val.abama/video/7560098270618389773
7560012357154377015,its.blayre,https://www.tiktok.com/@its.blayre/video/7560012357154377015
7560466383910227213,shanice_lachelle,https://www.tiktok.com/@shanice_lachelle/video/7560466383910227213
7560445756172160286,hannaahlouise,https://www.tiktok.com/@hannaahlouise/video/7560445756172160286
7560425057646873886,itscyleenamorse,https://www.tiktok.com/@itscyleenamorse/video/7560425057646873886
7560309824018238733,kshawnee,https://www.tiktok.com/@kshawnee/video/7560309824018238733?lang=en
7561103868940012813,livingwithjani,https://www.tiktok.com/@livingwithjani/video/7561103868940012813?lang=en
7556662291937201422,skillinhome,https://www.tiktok.com/@skillinhome/video/7556662291937201422
7449170047005674794,loloyaps3000,https://www.tiktok.com/@loloyaps3000/video/7449170047005674794?region=us_ttp
7540792345273306398,cookingwithpatlee,https://www.tiktok.com/@cookingwithpatlee/video/7540792345273306398
7545145834044673335,hazelsmimi17,https://www.tiktok.com/@hazelsmimi17/video/7545145834044673335?region=us_ttp
7513976167657999646,hotteahotchocolate,https://www.tiktok.com/@hotteahotchocolate/video/7513976167657999646?region=us_ttp
7451302785435356462,loloyaps3000,https://www.tiktok.com/@loloyaps3000/video/7451302785435356462?region=us_ttp
7517495522391870750,jalyssa_doubleu,https://www.tiktok.com/@jalyssa_doubleu/video/7517495522391870750
7558213533045886222,ajnewman870,https://www.tiktok.com/@ajnewman870/video/7558213533045886222?region=us_ttp
7552527385271274782,lin.maggiee,https://www.tiktok.com/@lin.maggiee/video/7552527385271274782?region=us_ttp
7556207735696608542,meghanrussell_,https://www.tiktok.com/@meghanrussell_/video/7556207735696608542?region=us_ttp
7556464237955075342,modachristelle,https://www.tiktok.com/@modachristelle/video/7556464237955075342?region=us_ttp
7563754583202221343,housederene,https://www.tiktok.com/@housederene/video/7563754583202221343
7563742092061658399,ashley.nicole.russell,https://www.tiktok.com/@ashley.nicole.russell/video/7563742092061658399
7563733254491163918,kara.graber,https://www.tiktok.com/@kara.graber/video/7563733254491163918
7563412235880533303,zubeehome,https://www.tiktok.com/@zubeehome/video/7563412235880533303
7563086418440899895,gahshelbyy,https://www.tiktok.com/@gahshelbyy/video/7563086418440899895
7563798939376307470,chambersjessiechambers,https://www.tiktok.com/@chambersjessiechambers/video/7563798939376307470
7561496346750913805,elyse.susan,https://www.tiktok.com/@elyse.susan/video/7561496346750913805
7561611046918704398,mariannaelisaaa,https://www.tiktok.com/@mariannaelisaaa/video/7561611046918704398
7561538646503869710,fromcitytosuburbs,https://www.tiktok.com/@fromcitytosuburbs/video/7561538646503869710?lang=en
7564501552577137975,tori_daley16,https://www.tiktok.com/@tori_daley16/video/7564501552577137975?lang=en
7560079799562030349,houseoncalgarydowns,https://www.tiktok.com/@houseoncalgarydowns/video/7560079799562030349
7564516055897394463,aiyannamonee,https://www.tiktok.com/@aiyannamonee/video/7564516055897394463
7558969612503633182,abbiekonnick,https://www.tiktok.com/@abbiekonnick/video/7558969612503633182
7483307293187099950,moniquerochelle,https://www.tiktok.com/@moniquerochelle/video/7483307293187099950?lang=en
7564093540163226911,flowersbysunshine,https://www.tiktok.com/@flowersbysunshine/video/7564093540163226911?lang=en
7565921383381830943,jennmontoya_,https://www.tiktok.com/@jennmontoya_/video/7565921383381830943?lang=en
7565916292192947469,hasbrouckhome,https://www.tiktok.com/@hasbrouckhome/video/7565916292192947469?lang=en
7565895388654210317,curatedbyreina_,https://www.tiktok.com/@curatedbyreina_/video/7565895388654210317?lang=en
7565174683553811743,michaelagadawski,https://www.tiktok.com/@michaelagadawski/video/7565174683553811743?lang=en
7564885690392055071,motherhoodnmakeup,https://www.tiktok.com/@motherhoodnmakeup/video/7564885690392055071?lang=en
7565975555624013086,homebyxi,https://www.tiktok.com/@homebyxi/video/7565975555624013086?lang=en
7564514412590140702,meliiicash,https://www.tiktok.com/@meliiicash/video/7564514412590140702?lang=en
7566271777844759863,morgandemarie,https://www.tiktok.com/@morgandemarie/video/7566271777844759863?lang=en
7566302343986203917,medinacolaku,https://www.tiktok.com/@medinacolaku/video/7566302343986203917?lang=en
7565941527181151519,hoojadaddy,https://www.tiktok.com/@hoojadaddy/video/7565941527181151519
7565572717357960461,theessenceofnae,https://www.tiktok.com/@theessenceofnae/video/7565572717357960461
7564518242778156319,.ourcozymodernlife,https://www.tiktok.com/@.ourcozymodernlife/video/7564518242778156319
7564499197530000653,teci.xo,https://www.tiktok.com/@teci.xo/video/7564499197530000653
7564471575001566519,curatedbyreina_,https://www.tiktok.com/@curatedbyreina_/video/7564471575001566519
7564403758231227703,nicolekess,https://www.tiktok.com/@nicolekess/video/7564403758231227703
7564138891901472013,val.abama,https://www.tiktok.com/@val.abama/video/7564138891901472013?lang=en
7564128533065354551,karleyjaeetheredge,https://www.tiktok.com/@karleyjaeetheredge/video/7564128533065354551?lang=en
7563761650839440653,skillinhome,https://www.tiktok.com/@skillinhome/video/7563761650839440653?lang=en
7563489066428288286,emily.e.olson,https://www.tiktok.com/@emily.e.olson/video/7563489066428288286?lang=en
7563386140384890143,redothezoo,https://www.tiktok.com/@redothezoo/video/7563386140384890143?lang=en
7560876460773215502,calita.fl,https://www.tiktok.com/@calita.fl/video/7560876460773215502?lang=en
7567018755318943006,carrieithome,https://www.tiktok.com/@carrieithome/video/7567018755318943006?lang=en
7561557338952322317,curatedbyreina_,https://www.tiktok.com/@curatedbyreina_/video/7561557338952322317
7564772263665487117,chocdollt,https://www.tiktok.com/@chocdollt/video/7564772263665487117
7566654468809329975,itsmoodylove,https://www.tiktok.com/@itsmoodylove/video/7566654468809329975
7567767181509823757,alannabarron,https://www.tiktok.com/@alannabarron/video/7567767181509823757
7566616522005679374,fromcitytosuburbs,https://www.tiktok.com/@fromcitytosuburbs/video/7566616522005679374
7557762349860441399,emmylewdecorates,https://www.tiktok.com/@emmylewdecorates/video/7557762349860441399
7560416558028180767,theebriimariee,https://www.tiktok.com/@theebriimariee/video/7560416558028180767
7553709756762934558,.ourcozymodernlife,https://www.tiktok.com/@.ourcozymodernlife/video/7553709756762934558
7568549011536366862,theessenceofnae,https://www.tiktok.com/@theessenceofnae/video/7568549011536366862
7563394754059242783,nashtorres_,https://www.tiktok.com/@nashtorres_/video/7563394754059242783?region=us_ttp
7568604079140769054,juna_not_juno,https://www.tiktok.com/@juna_not_juno/video/7568604079140769054
7568603288656989495,leighastepp,https://www.tiktok.com/@leighastepp/video/7568603288656989495
7558262954085371150,livin.with.han,https://www.tiktok.com/@livin.with.han/video/7558262954085371150
7565983221813415182,fromcitytosuburbs,https://www.tiktok.com/@fromcitytosuburbs/video/7565983221813415182
7564951823916813599,author.lindseyhart,https://www.tiktok.com/@author.lindseyhart/video/7564951823916813599?lang=en
7565898190227000607,dentxdays,https://www.tiktok.com/@dentxdays/video/7565898190227000607?region=us_ttp
7561988974269484302,dianaalazaroo,https://www.tiktok.com/@dianaalazaroo/video/7561988974269484302?region=us_ttp
7564181912630152478,themelter_,https://www.tiktok.com/@themelter_/video/7564181912630152478?region=us_ttp
7561948884478545182,ellemenzel,https://www.tiktok.com/@ellemenzel/video/7561948884478545182?region=us_ttp
7568916407413427511,catherinejgroves,https://www.tiktok.com/@catherinejgroves/video/7568916407413427511?lang=en
7567485660194442510,allabouthome_,https://www.tiktok.com/@allabouthome_/video/7567485660194442510?lang=en
7568224971097509133,dreamnychome,https://www.tiktok.com/@dreamnychome/video/7568224971097509133?lang=en
7566822326176615694,beccawiss,https://www.tiktok.com/@beccawiss/video/7566822326176615694?lang=en
7569262421190151454,jennmontoya_,https://www.tiktok.com/@jennmontoya_/video/7569262421190151454?lang=en
7569257028619619615,bakers.finds,https://www.tiktok.com/@bakers.finds/video/7569257028619619615?lang=en
7569320471968206135,kara.graber,https://www.tiktok.com/@kara.graber/video/7569320471968206135?lang=en
7568736862110600478,gabb.lift,https://www.tiktok.com/@gabb.lift/video/7568736862110600478?lang=en
7568963032030727454,tahjaem,https://www.tiktok.com/@tahjaem/video/7568963032030727454?lang=en
7567589894059494687,tahjaem,https://www.tiktok.com/@tahjaem/video/7567589894059494687?lang=en
7568591808704285965,carliegracey,https://www.tiktok.com/@carliegracey/video/7568591808704285965?lang=en
7569373484141317394,walter.the.englishbully,https://www.tiktok.com/@walter.the.englishbully/video/7569373484141317394?lang=en
7569650476329848095,kamrealeeia,https://www.tiktok.com/@kamrealeeia/video/7569650476329848095
7569667762793073933,storyofzena,https://www.tiktok.com/@storyofzena/video/7569667762793073933
7570948750135315725,mrs.madisonhenry,https://www.tiktok.com/@mrs.madisonhenry/video/7570948750135315725?lang=en
7570925799419694349,simplylivingjenny,https://www.tiktok.com/@simplylivingjenny/video/7570925799419694349?lang=en
7570902040453319950,cozyanastasiia,https://www.tiktok.com/@cozyanastasiia/video/7570902040453319950?lang=en
7570736977721560350,_deka_a,https://www.tiktok.com/@_deka_a/video/7570736977721560350?lang=en
7570855062063369486,mazyray,https://www.tiktok.com/@mazyray/video/7570855062063369486?lang=en
7571179572960513293,themaliagood,https://www.tiktok.com/@themaliagood/video/7571179572960513293?lang=en
7516652774549933355,arinormari,https://www.tiktok.com/@arinormari/video/7516652774549933355?lang=en
7542589378409893150,mackenziekathryn,https://www.tiktok.com/@mackenziekathryn/video/7542589378409893150?lang=en
7560114240103681310,homeandtravel1,https://www.tiktok.com/@homeandtravel1/video/7560114240103681310?lang=en
7571310661309893918,masonxo0,https://www.tiktok.com/@masonxo0/video/7571310661309893918?lang=en
7571300991769824543,moneymaddi,https://www.tiktok.com/@moneymaddi/video/7571300991769824543?lang=en
7571291908484500767,kimberlykm82,https://www.tiktok.com/@kimberlykm82/video/7571291908484500767?lang=en
7571231637694860575,msamandapham,https://www.tiktok.com/@msamandapham/video/7571231637694860575?lang=en
7571545943422684446,tamaramariexoxo,https://www.tiktok.com/@tamaramariexoxo/video/7571545943422684446?lang=en
7571563334550424887,t_dub011,https://www.tiktok.com/@t_dub011/video/7571563334550424887?lang=en
7569969193748139277,dailyfindswithaub,https://www.tiktok.com/@dailyfindswithaub/video/7569969193748139277?lang=en
7560334996385451295,homebyxi,https://www.tiktok.com/@homebyxi/video/7560334996385451295
7564962730654829854,michaelagadawski,https://www.tiktok.com/@michaelagadawski/video/7564962730654829854?lang=en
7569050751662624055,katlynbeach,https://www.tiktok.com/@katlynbeach/video/7569050751662624055?lang=en
7571665062566300959,_gabbyalonso,https://www.tiktok.com/@_gabbyalonso/video/7571665062566300959?lang=en
7553098536292715831,misojulia,https://www.tiktok.com/@misojulia/video/7553098536292715831?lang=en
7571881567136648462,sheelaziari,https://www.tiktok.com/@sheelaziari/video/7571881567136648462?lang=en
7570510542725582111,sarahosucha,https://www.tiktok.com/@sarahosucha/video/7570510542725582111?lang=en
7570863108021832973,nextgenerationmarie,https://www.tiktok.com/@nextgenerationmarie/video/7570863108021832973?lang=en
7571481278592077111,luxlivingfor_less,https://www.tiktok.com/@luxlivingfor_less/video/7571481278592077111?lang=en
7575725374445751607,violent.little.thing,https://tiktok.com/@violent.little.thing/video/7575725374445751607
7516668780865490206,hanmcgheee,https://www.tiktok.com/@hanmcgheee/video/7516668780865490206?region=us_ttp
7572144174561004830,dentxdays,https://www.tiktok.com/@dentxdays/video/7572144174561004830?lang=en
7572194820102294798,itsjoycecreates,https://www.tiktok.com/@itsjoycecreates/video/7572194820102294798?lang=en
7571977593109384461,ashgabrielle__,https://www.tiktok.com/@ashgabrielle__/video/7571977593109384461?lang=en
7569601164551933214,aneesahlasaan,https://www.tiktok.com/@aneesahlasaan/video/7569601164551933214?lang=en
7572263848514768158,callmehomey_,https://www.tiktok.com/@callmehomey_/video/7572263848514768158?lang=en
7571173846967995679,sharilott,https://www.tiktok.com/@sharilott/video/7571173846967995679?region=us_ttp
7557908443009469727,luvmno,https://www.tiktok.com/@luvmno/video/7557908443009469727
7573520736468339975,charmexplores,https://www.tiktok.com/@charmexplores/video/7573520736468339975?lang=en
7572983786799942926,haleyivers,https://www.tiktok.com/@haleyivers/video/7572983786799942926?lang=en
7572984348346027277,alg266,https://www.tiktok.com/@alg266/video/7572984348346027277?lang=en
7572949174396702007,jennyfmoreno,https://www.tiktok.com/@jennyfmoreno/video/7572949174396702007?lang=en
7572284566983970103,christine.dawn,https://www.tiktok.com/@christine.dawn/video/7572284566983970103?lang=en
7572043971061370120,itsnevv_,https://www.tiktok.com/@itsnevv_/video/7572043971061370120?lang=en
7559267571288050999,thefitsipic,https://www.tiktok.com/@thefitsipic/video/7559267571288050999?lang=en
7471808614974508318,homebyharkins,https://www.tiktok.com/@homebyharkins/video/7471808614974508318?lang=en
7573774757573823775,alexamaetta,https://www.tiktok.com/@alexamaetta/video/7573774757573823775?lang=en
7560184800766643469,valperiban,https://www.tiktok.com/@valperiban/video/7560184800766643469?region=us_ttp
7573157729867402509,jaylaferrell,https://www.tiktok.com/@jaylaferrell/video/7573157729867402509?region=us_ttp
7574096625052830989,oteliacarmen,https://www.tiktok.com/@oteliacarmen/video/7574096625052830989?lang=en
7574053598494018847,claraacara,https://www.tiktok.com/@claraacara/video/7574053598494018847?lang=en
7573325620952845623,vleighrose,https://www.tiktok.com/@vleighrose/video/7573325620952845623?lang=en
7573841831977323831,whereissmoke,https://www.tiktok.com/@whereissmoke/video/7573841831977323831?lang=en
7573710328425434423,kaylasuestyled,https://www.tiktok.com/@kaylasuestyled/video/7573710328425434423?lang=en
7463532179943951662,hausofhollister,https://www.tiktok.com/@hausofhollister/video/7463532179943951662?region=us_ttp
7446249056289967402,hausofhollister,https://www.tiktok.com/@hausofhollister/video/7446249056289967402?region=us_ttp
7570359919262567711,aactionjaackson,https://www.tiktok.com/@aactionjaackson/video/7570359919262567711?region=us_ttp
7571527093981318430,hausofhollister,https://www.tiktok.com/@hausofhollister/video/7571527093981318430?region=us_ttp
7574309371656817950,theebriimariee,https://www.tiktok.com/@theebriimariee/video/7574309371656817950?lang=en
7574226046174694687,basicallycontent,https://www.tiktok.com/@basicallycontent/video/7574226046174694687
7573726690862550302,dentxdays,https://www.tiktok.com/@dentxdays/video/7573726690862550302
7574524143408844045,thekarlatravels,https://www.tiktok.com/@thekarlatravels/video/7574524143408844045?lang=en
7574494771192827167,wildandrachel,https://www.tiktok.com/@wildandrachel/video/7574494771192827167
7574645574343970079,steph_sandoval,https://www.tiktok.com/@steph_sandoval23/video/7574645574343970079
7574906068107644174,allabouthome_,https://www.tiktok.com/@allabouthome_/video/7574906068107644174
7575231536144862477,kara.graber,https://www.tiktok.com/@kara.graber/video/7575231536144862477?lang=en
7566367969467550994,monicasaays13,https://www.tiktok.com/@monicasaays13/video/7566367969467550994?region=us_ttp
7573240900583705911,joniaalilliannn,https://www.tiktok.com/@joniaalilliannn/video/7573240900583705911?region=us_ttp
7568551371121724686,shawnteelizabeth__,https://www.tiktok.com/@shawnteelizabeth__/video/7568551371121724686?region=us_ttp
7568888243895176479,theafrodreamer,https://www.tiktok.com/@theafrodreamer/video/7568888243895176479?region=us_ttp
7532662923521527071,citycactuscountry,https://www.tiktok.com/@citycactuscountry/video/7532662923521527071?region=us_ttp
7530117227756981535,citycactuscountry,https://www.tiktok.com/@citycactuscountry/video/7530117227756981535?region=us_ttp
7529519706336775454,citycactuscountry,https://www.tiktok.com/@citycactuscountry/video/7529519706336775454?region=us_ttp
7576391615258856735,lifewithlomari,https://www.tiktok.com/@lifewithlomari/video/7576391615258856735?lang=en
7576660631038758175,duves_creative,https://www.tiktok.com/@duves_creative/video/7576660631038758175?lang=en
7577196457820818719,alyssalindseyyy,https://www.tiktok.com/@alyssalindseyyy/video/7577196457820818719?lang=en
7577149564952513823,ashley.nicole.russell,https://www.tiktok.com/@ashley.nicole.russell/video/7577149564952513823?lang=en
7577068481783401758,hayleehimel,https://www.tiktok.com/@hayleehimel/video/7577068481783401758?lang=en
7577067909533453598,author.lindseyhart,https://www.tiktok.com/@author.lindseyhart/video/7577067909533453598?lang=en&q=author.lindseyhart&t=1764600951129
7577062939513965855,laurellearns,https://www.tiktok.com/@laurellearns/video/7577062939513965855?lang=en
7576753720482860319,homeonelleavenue,https://www.tiktok.com/@homeonelleavenue/video/7576753720482860319?lang=en
7577215181558664478,rrradmilasdiary,https://www.tiktok.com/@rrradmilasdiary/video/7577215181558664478?lang=en
7520682465380289847,madisonguid0,https://www.tiktok.com/@madisonguido0/video/7520682465380289847?lang=en
7443989028497657134,drdiyrenovation,https://www.tiktok.com/@drdiyrenovation/video/7443989028497657134?lang=en
7567859817797176590,chocdollt,https://www.tiktok.com/@chocdollt/video/7567859817797176590?lang=en
7577231502354697527,lanternlanedesigns,https://www.tiktok.com/@lanternlanedesigns/video/7577231502354697527?lang=en
7527315418738887991,whatsombuys,https://www.tiktok.com/@whatsombuys/video/7527315418738887991?lang=en
7525153716471696653,elizabethram,https://www.tiktok.com/@elizabethram/video/7525153716471696653?lang=en
7578973594001149198,atelalyn,https://www.tiktok.com/@atelalyan/video/7578973594001149198
7579009604605054239,ellemenzel,https://www.tiktok.com/@ellemenzel/video/7579009604605054239
7579007297138085151,kayyyy.cray4,https://www.tiktok.com/@kayyyy.cray4/video/7579007297138085151
7574246715180453175,kristine.chao,https://www.tiktok.com/@kristine.chao/video/7574246715180453175
7578989867422600478,madelineunes,https://www.tiktok.com/@madelineunes/video/7578989867422600478
7536763093611711758,gabriellerao,https://www.tiktok.com/@gabriellerao/video/7536763093611711758
7578601318235802911,413home,https://www.tiktok.com/@413home/video/7578601318235802911
7579356510992583950,laurelrosalia,https://www.tiktok.com/@laurelrosalia/video/7579356510992583950?lang=en
7579359667143413006,yammi.lex,https://www.tiktok.com/@yammi.lex/video/7579359667143413006?lang=en
7577841049066917150,heatherlynnfl,https://www.tiktok.com/@heatherlynnfl/video/7577841049066917150?lang=en
7577627610138643725,tnhomegal,https://www.tiktok.com/@tnhomegal/video/7577627610138643725?lang=en
7577581392943402270,selfishnicetomeetyou,https://www.tiktok.com/@selfishnicetomeetyou/video/7577581392943402270?lang=en
7579523440630140174,805ummadam,https://www.tiktok.com/@805ummadam/video/7579523440630140174?lang=en
7579586652935392567,annas_dec or8,https://www.tiktok.com/@annas_decor8/video/7579586652935392567
7579495563788340510,themarmendoza,https://www.tiktok.com/@themarmendoza/video/7579495563788340510
7579714463595515191,harlemmmwright,https://www.tiktok.com/@harlemmmwright/video/7579714463595515191?lang=en
7579736101708008759,mckennaakaelyn,https://www.tiktok.com/@mckennaakaelyn/video/7579736101708008759?lang=en
7579998006452260126,nicolemarieaesthetics,https://www.tiktok.com/@nicolemarieaesthetics/video/7579998006452260126?lang=en
7579914404213411102,itsthesoftlifeforme,https://www.tiktok.com/@itsthesoftlife4me/video/7579914404213411102?lang=en
7579908674613775671,kikiikhronicles,https://www.tiktok.com/@kikiikhronicles/video/7579908674613775671?lang=en
7579878200692559117,ryleelainegrace,https://www.tiktok.com/@ryleelainegrace/video/7579878200692559117?lang=en
7580035562598305055,jenn_dunning,https://www.tiktok.com/@jenn_dunning/video/7580035562598305055
7580032705807584525,jennmontoya,https://www.tiktok.com/@jennmontoya_/video/7580032705807584525
7580022474251832631,ourcozycraftedhome,https://www.tiktok.com/@ourcozycraftedhome/video/7580022474251832631
7580019332361522462,strauberryberet,https://www.tiktok.com/@strauberryberet/video/7580019332361522462
7579861350667570487,alyssa.ann.gomez,https://www.tiktok.com/@alyssa.ann.gomez/video/7579861350667570487
7579401353664007455,paige_mariah,https://www.tiktok.com/@paige_mariah/video/7579401353664007455
7579805858247232799,paige_mariah,https://www.tiktok.com/@paige_mariah/video/7579805858247232799
7579455497946860830,_gabbyalonso,https://www.tiktok.com/@_gabbyalonso/video/7579455497946860830
7578024767303798047,kpzhomee,https://www.tiktok.com/@kpzhomee/video/7578024767303798047
7530090950299864375,weriiitamtz,https://www.tiktok.com/@weriiitamtz/video/7530090950299864375?lang=en
7563067021630475550,graciepaige99,https://www.tiktok.com/@graciepage99/video/7563067021630475550?lang=en
7574901239503277342,jojo_apg,https://www.tiktok.com/@jojo_apg/video/7574901239503277342?lang=en
7580187999997021454,turnergracee,https://www.tiktok.com/@turnergracee/video/7580187999997021454?lang=en
7578955623551864119,ccakefacecait,https://www.tiktok.com/@ccakefacecait/video/7578955623551864119?lang=en
7580043938203962637,justicemariez,https://www.tiktok.com/@justicemariez/video/7580043938203962637?lang=en
7579816833927171359,mdeology,https://www.tiktok.com/@mdeology/video/7579816833927171359?lang=en
7579782099050286367,theerealsteph,https://www.tiktok.com/@theerealsteph/video/7579782099050286367?lang=en
7578882517881720078,brittlynnandrew,https://www.tiktok.com/@brittlynnandrew/video/7578882517881720078?lang=en
7578621363217354039,officializmic,https://www.tiktok.com/@officializmc/video/7578621363217354039?lang=en
7581539020539317517,christabelle_ugc,https://www.tiktok.com/@christabelle_ugc/video/7581539020539317517?lang=en
7581537294822149407,meggieferrerhome,https://www.tiktok.com/@meggieferrerhome/video/7581537294822149407
7577536967953435935,mandi_d4,https://tiktok.com/@mandi_d4/video/7577536967953435935
7576123608989207838,kelseyfeck,https://tiktok.com/@kelseyfeck/video/7576123608989207838
7578593466079284535,syd_erwin,https://www.tiktok.com/@syd_erwin/video/7578593466079284535
7577392867174403342,atheeennnaaa22,https://www.tiktok.com/@atheeennnaaa22/video/7577392867174403342
7578229756261371191,homebodywithforlisa,https://www.tiktok.com/@homebodywithforlisa/video/7578229756261371191
7576723358440541471,sibeal,https://www.tiktok.com/@sibeal/video/7576723358440541471
7580432853347880222,flowersbysunshine,https://www.tiktok.com/@flowersbysunshine/video/7580432853347880222
7580170971915488543,paige_mariah,https://www.tiktok.com/@paige_mariah/video/7580170971915488543?q=wayfair%20finds&t=1765302092523
7580175230597975351,sophiasanfrancisco,https://www.tiktok.com/@sophiasanfrancisco/video/7580175230597975351
7580220065203752206,findsbykenz,https://www.tiktok.com/@findsbykenz/video/7580220065203752206
7581205944445439262,aicyha.d,https://www.tiktok.com/@aicyha.d/video/7581205944445439262
7579282908465171742,brijoliee,https://www.tiktok.com/@brijoliee/video/7579282908465171742
7576389841605201207,emilyalhome,https://www.tiktok.com/@emilyalhome/video/7576389841605201207?lang=en
7580843617137315085,theedesdollas,https://www.tiktok.com/@theedesdollas/video/7580843617137315085?lang=en
7579296104362102046,maddiegdyer,https://www.tiktok.com/@maddiegdyer/video/7579296104362102046?lang=en
7579283684960881950,lemonsandlacellc,https://www.tiktok.com/@lemonsandlacellc/video/7579283684960881950?lang=en
7580896841403747615,simplykenjay,https://www.tiktok.com/@simplykenjay/video/7580896841403747615?lang=en
7579098546608147743,elvira__perez,https://www.tiktok.com/@elvira__perez/video/7579098546608147743?lang=en
7580161497817566478,tyrathecreative,https://www.tiktok.com/@tyrathecreative/video/7580161497817566478?lang=en
7579826565559635255,ziggythepoodle,https://www.tiktok.com/@ziggythepoodle/video/7579826565559635255?lang=en
7582226404910042399,deborahbawe,https://www.tiktok.com/@deborahbawe/video/7582226404910042399?lang=en
7576659256598957326,naylani,https://www.tiktok.com/@naylani/video/7576659256598957326?lang=en
7582097954673134879,ciarahairell,https://www.tiktok.com/@ciarahairell/video/7582097954673134879?lang=en
7579042212613197069,violent.little.thing,https://www.tiktok.com/@violent.little.thing/video/7579042212613197069?lang=en
7581665694668934430,justcourteney,https://www.tiktok.com/@justcourteney/video/7581665694668934430
7580832675720613151,hannahtatehollis,https://www.tiktok.com/@hannahtatehollis/video/7580832675720613151
7579452290638023991,maggieeemanning,https://www.tiktok.com/@maggieeemanning/video/7579452290638023991
7581197214760946957,allaboutmicha,https://www.tiktok.com/@allaboutmicha/video/7581197214760946957
7564190504015940877,rinchristina,https://www.tiktok.com/@rinchristina/video/7564190504015940877?lang=en
7571555344959261983,larissa_malk,https://www.tiktok.com/@larissa_malk/video/7571555344959261983?lang=en
7569241590280195383,elijahbanks_,"
https://www.tiktok.com/@elijahbanks_/video/7569241590280195383?lang=en "
7582464109740854559,marisashops,https://www.tiktok.com/@marisashops/video/7582464109740854559
7580101658974244151,trey.mendilik,https://www.tiktok.com/@trey.mendlik/video/7580101658974244151
7583912324113763598,angelina.s.dryden,https://www.tiktok.com/@angelina.s.dryden/video/7583912324113763598?lang=en
7583883399606078733,treyytan,https://www.tiktok.com/@treyytan/video/7583883399606078733?lang=en
7581565719494593813,pseudony.mama,https://www.tiktok.com/@pseudony.mama/video/7581565719494593813?lang=en
7583749981396421902,allabouthome_,https://www.tiktok.com/@allabouthome_/video/7583749981396421902?lang=en
7583499724653727007,jackietoksofficial,https://www.tiktok.com/@jackietoksofficial/video/7583499724653727007?lang=en
7567186734660767006,kamkozy,https://www.tiktok.com/@kamkozy/video/7567186734660767006
7584461009977396511,valves-na,https://www.tiktok.com/@valves_na/video/7584461009977396511
7576071909834640660,kaydolphinn,https://www.tiktok.com/@kaydolphinn/video/7576071909834640660?lang=en
7582299293260745998,vickyveloz04,https://www.tiktok.com/@vickyveloz04/video/7582299293260745998?lang=en
7584562047342431519,prenyhonarchian,https://www.tiktok.com/@prenyhonarchian/video/7584562047342431519
7584524316746812702,casacallaway,https://www.tiktok.com/@casacallaway/video/7584524316746812702
7584545988279340301,pickingwhiteroses,https://www.tiktok.com/@pickingwhiteroses/video/7584545988279340301
7584671490868612382,brookeranz,https://www.tiktok.com/@brookeranz/video/7584671490868612382
7584652877465996574,zr.customs,https://www.tiktok.com/@zr.customs/video/7584652877465996574
7584643472871722271,i.amsash,https://www.tiktok.com/@i.amsash/video/7584643472871722271
7584617913437408526,only1jasmyne,https://www.tiktok.com/@only1jasmyne/video/7584617913437408526?lang=en
7582299342682262798,only1jasmyne,https://www.tiktok.com/@only1jasmyne/video/7582299342682262798?lang=en
7584888828469546270,stayathomehusband,https://www.tiktok.com/@stayathomehusband28/video/7584888828469546270?lang=en
7584569702718901517,justsusylo,https://www.tiktok.com/@justsusylo/video/7584569702718901517?lang=en
7582250363747601694,caseyjconrad,https://www.tiktok.com/@caseyjconrad/video/7582250363747601694?lang=en
7584914263928556855,hannahhh_knight,https://www.tiktok.com/@hannahhh_knight/video/7584914263928556855?lang=en
7356310915379285294,keeksinteriors,https://www.tiktok.com/@keeksinteriors/video/7356310915379285294?lang=en
7586492052347637022,sarah.bryan52,https://www.tiktok.com/@sarah.bryan52/video/7586492052347637022
7586453970701356318,ellemenzel,https://www.tiktok.com/@ellemenzel/video/7586453970701356318
7585658260393430303,clarityhome,https://www.tiktok.com/@clarityhome/video/7585658260393430303
7587043263916281102,spence_woww,https://www.tiktok.com/@spence_wow/video/7587043263916281102
7588220161895795999,j_anthony910,https://www.tiktok.com/@j_anthony910/video/7588220161895795999?lang=en
7588219933952068877,reynamamas,https://www.tiktok.com/@reynamamas/video/7588219933952068877?lang=en
7588207595102440759,noahxyoung,https://www.tiktok.com/@noahxyoung/video/7588207595102440759?lang=en
7591892479465590030,ms.ray__,https://www.tiktok.com/@ms.ray__/video/7591892479465590030?lang=en
7591759453125479694,lifewlesliee,https://www.tiktok.com/@lifewlesliee/video/7591759453125479694?lang=en
7467547539332435242,nathalia.rizzor,https://www.tiktok.com/@nathalia.rizzor/video/7467547539332435242?lang=en
7591904043119758622,tinatealhome,https://www.tiktok.com/@tinatealhome/video/7591904043119758622
7591946532753083662,betelbaby,https://www.tiktok.com/@betelbaby/video/7591946532753083662?lang=en
7591656821723581709,keysbykiana,https://www.tiktok.com/@keysbykiana/video/7591656821723581709?lang=en
7591004115149376781,sarah.lamantia,https://www.tiktok.com/@sarah.lamantia/video/7591004115149376781?lang=en
7591961464005528862,sweetmeap,https://www.tiktok.com/@sweetmeap/video/7591961464005528862?lang=en
7592217538453343543,annas_decor8,https://www.tiktok.com/@annas_decor8/video/7592217538453343543?lang=en
7592079472950594830,angelina.s.dryden,https://www.tiktok.com/@angelina.s.dryden/video/7592079472950594830?lang=en
7592076183181839629,sophiaidewald,https://www.tiktok.com/@sophiaidewald/video/7592076183181839629?lang=en
7578642142118038815,_justalyssa103,https://www.tiktok.com/@_justalyssa103/video/7578642142118038815?lang=en
7588978592139201847,heyyitsalma,https://www.tiktok.com/@heyyitsalma/video/7588978592139201847?lang=en
7580012681852161311,tylermichellee,https://www.tiktok.com/@tylermichellee/video/7580012681852161311?lang=en
7578664403109678349,brerewritten,https://www.tiktok.com/@brerewritten/video/7578664403109678349?lang=en
7590104504641621279,tannesias,https://www.tiktok.com/@tannesias/video/7590104504641621279?lang=en
7591943768559865118,chilldesignsbyjess,https://www.tiktok.com/@chilldesignsbyjess/video/7591943768559865118?lang=en
7592271711664475447,mynuetralliving,https://www.tiktok.com/@myneutralliving/video/7592271711664475447?lang=en
7592043206930369822,413home,https://www.tiktok.com/@413home/video/7592043206930369822?lang=en
7582974228505382175,lemonsandlacellc,https://www.tiktok.com/@lemonsandlacellc/video/7582974228505382175?lang=en
7578252680775191822,kaylaramn,https://www.tiktok.com/@kaylaramn/video/7578252680775191822?lang=en
7592485219891039519,whatlydia,https://www.tiktok.com/@whatlydia/video/7592485219891039519?lang=en
7592448728083074334,homebyxi,https://www.tiktok.com/@homebyxi/video/7592448728083074334?lang=en
7592385358143212814,vanessakathyy,https://www.tiktok.com/@vanessakathyy/video/7592385358143212814
7592382787429125407,ellemenzel,https://www.tiktok.com/@ellemenzel/video/7592382787429125407
7488451295255350558,simoneoliviaxo,https://www.tiktok.com/@simoneoliviaxo/video/7488451295255350558
7582009221852581151,musicallytanvi_,https://www.tiktok.com/@musicallytanvi_/video/7582009221852581151
7592420150519860493,partynextdai,https://www.tiktok.com/@partynextdai/video/7592420150519860493
7578818553399266573,cozyanastasia,https://www.tiktok.com/@cozyanastasiia/video/7578818553399266573
7578672942058409247,mailimalagon,https://tiktok.com/@mailimalagon/video/7578672942058409247
7591670718505487646,thestushdiary,https://www.tiktok.com/@thestushdiary/video/7591670718505487646
7592478076089437495,lifewlesliee,https://www.tiktok.com/@lifewlesliee/video/7592478076089437495
7592686847340383519,juna_not_juno,https://www.tiktok.com/@juna_not_juno/video/7592686847340383519
7592277835599957303,fromcitytosuburbs,https://www.tiktok.com/@fromcitytosuburbs/video/7592277835599957303
7578514608118435085,allabouthome_,https://tiktok.com/@allabouthome_/video/7578514608118435085
7577828095491575095,my_colorful_home,https://www.tiktok.com/@my_colorful_home/video/7577828095491575095
7512255715893873963,my_colorful_home,https://www.tiktok.com/@my_colorful_home/video/7512255715893873963
7579809496311024927,jdyounnac,https://www.tiktok.com/@jdyounnac/video/7579809496311024927
7576329432038657294,itskaylachilds,https://www.tiktok.com/@itskaylachilds/video/7576329432038657294
7524470539264593207,asholsonyoga,https://www.tiktok.com/@asholsonyoga/video/7524470539264593207
7589107108725935373,morgandemarie,https://www.tiktok.com/@morgandemarie/video/7589107108725935373
7591687204095724855,our.nohai.home,https://www.tiktok.com/@our.nohai.home/video/7591687204095724855?lang=en
7592829272545332511,steph_sandoval23,https://www.tiktok.com/@steph_sandoval23/video/7592829272545332511?lang=en
7588700761043799310,theedesdollas,https://www.tiktok.com/@theedesdollas/video/7588700761043799310?lang=en
7591546984205405460,matteofriend,https://www.tiktok.com/@matteofriend/video/7591546984205405460?lang=en
7592751131839728926,lizziexdom,https://www.tiktok.com/@lizziexdom/video/7592751131839728926?lang=en
7541464195863235871,ava.pasi,https://www.tiktok.com/@ava.pasi/video/7541464195863235871?lang=en
7583799577682169119,talwerts,https://www.tiktok.com/@talwerts/video/7583799577682169119?lang=en
7575352424706100510,theebonymartin,https://www.tiktok.com/@theebonymartin/video/7575352424706100510?lang=en
7576777379440299295,homebyxi,https://tiktok.com/@homebyxi/video/7576777379440299295
7592795724778065182,sattaelum,https://www.tiktok.com/@sattaelum/video/7592795724778065182
7589740238403079438,taylorkhinojosa,https://www.tiktok.com/@taylorkhinojosa/video/7589740238403079438
7440573083926138154,olive.bloom,https://www.tiktok.com/@olive.bloom/video/7440573083926138154?lang=en
7441624597574815018,olive.bloom,https://www.tiktok.com/@olive.bloom/video/7441624597574815018?lang=en
7593104095284645150,kierradej,https://www.tiktok.com/@kierradej/video/7593104095284645150?lang=en
7593450589086895374,amberaudrey_96,https://www.tiktok.com/@amberaudrey_96/video/7593450589086895374?lang=en
7593414492650851597,jamiejuubes,https://www.tiktok.com/@jamiejuubes/video/7593414492650851597?lang=en
7593217892854893854,heatherflynnfl,https://www.tiktok.com/@heatherlynnfl/video/7593217892854893854?lang=en
7594548947641797919,louisegieke,https://www.tiktok.com/@louisegieke/video/7594548947641797919?lang=en
7594504164349103391,sarah.bryan,https://www.tiktok.com/@sarah.bryan52/video/7594504164349103391?lang=en
7594849320881507614,reallyrians,https://www.tiktok.com/@reallyrians/video/7594849320881507614?lang=en
7519135405099273503,alishafloryn,https://www.tiktok.com/@alishafloryn/video/7519135405099273503?lang=en
7575972265775435039,yocelim_catalan,https://tiktok.com/@yocelim_catalan/video/7575972265775435039 
7594677671993298206,taylorhoffman,https://www.tiktok.com/@taylorhoffman80/video/7594677671993298206
7594651379042405645,sydneyrekaps,https://www.tiktok.com/@sydneyrekaps/video/7594651379042405645
7591189121289194766,aliciabdelong,https://www.tiktok.com/@aliciabdelong/video/7591189121289194766
7594153638394907959,coastalcaitlin,https://www.tiktok.com/@coastalcaitlin/video/7594153638394907959
7550682058146860318,tierrotaylor24,https://www.tiktok.com/@tierrotaylor24/video/7550682058146860318
7592751819462348046,_queenofeverythingg,https://www.tiktok.com/@_queenofeverythingg/video/7592751819462348046
7594923108671229198,devynkingg,https://www.tiktok.com/@devynkingg/video/7594923108671229198
7594594533158030622,brittanystubbs4,https://www.tiktok.com/@brittanystubbs4/video/7594594533158030622
7595222511546158350,itsnicolejane,https://www.tiktok.com/@itsnicolejanel/video/7595222511546158350
7595258190317620510,malaun_rogers,https://www.tiktok.com/@malaun_rogers/video/7595258190317620510
7595273863714409783,sheelaziari,https://www.tiktok.com/@sheelaziari/video/7595273863714409783
7426861803440966958,ourfarmhouseonridge,https://www.tiktok.com/@ourfarmhouseonridge/video/7426861803440966958?lang=en
7595639935202331934,_miye,https://www.tiktok.com/@_miye/video/7595639935202331934?lang=en
7595494950339349815,vickiemnm,https://www.tiktok.com/@vickiemnm/video/7595494950339349815?lang=en
7595420645408640311,vanessakathyy,https://www.tiktok.com/@vanessakathyy/video/7595420645408640311?lang=en
7595656812100177182,carleydurant,https://www.tiktok.com/@carleydurant/video/7595656812100177182?lang=en
7595346048348917047,at_the_lee,https://www.tiktok.com/@at_the_lee/video/7595346048348917047?lang=en
7580085524199722253,megan.hunting,https://www.tiktok.com/@megan.hunting/video/7580085524199722253?lang=en
7594994908377746701,mycoastalabode,https://www.tiktok.com/@mycoastalabode/video/7594994908377746701?lang=en
7597273632892521742,wreennn,https://www.tiktok.com/@wreennn/video/7597273632892521742?lang=en
7597258153402600718,sophiezaloom,https://www.tiktok.com/@sophiezaloom/video/7597258153402600718?lang=en
7597229250004978958,lailaamaniii,https://www.tiktok.com/@lailaamaniii/video/7597229250004978958?lang=en
7597457958225726734,danielledeserves,https://www.tiktok.com/@danielledeserves/video/7597457958225726734?lang=en
7596741680917761293,alaynaarenee,https://www.tiktok.com/@alaynaarenee/video/7596741680917761293?lang=en
7596865688338271543,our.nohai.home,https://www.tiktok.com/@our.nohai.home/video/7596865688338271543?lang=en
7596784665340448030,whatlydia,https://www.tiktok.com/@whatlydia/video/7596784665340448030?lang=en
7597206084834692366,elisapur,https://www.tiktok.com/@elisapur/video/7597206084834692366?lang=en
7595573183575624991,authentically.home,https://www.tiktok.com/@authentically.home/video/7595573183575624991?lang=en
7596340486130896158,maliyajonae,https://www.tiktok.com/@maliyajonae/video/7596340486130896158?lang=en
7596438078206627102,keepingupwithtamaraa,https://www.tiktok.com/@keepingupwithtamaraa/video/7596438078206627102?lang=en
7595339238007180575,_simplymoore_,https://www.tiktok.com/@_simplymoore_/video/7595339238007180575
7597160720509226270,ellemenzel,https://www.tiktok.com/@ellemenzel/video/7597160720509226270
7597624377705893133,vanessakathyy,https://www.tiktok.com/@vanessakathyy/video/7597624377705893133
7507038189249596718,trueebeauty29,https://www.tiktok.com/@trueebeauty29/video/7507038189249596718?lang=en
7595951533372476685,victoriacoxhome,https://www.tiktok.com/@victoriacoxhome/video/7595951533372476685
7597872391947046199,sheelaziari,https://www.tiktok.com/@sheelaziari/video/7597872391947046199?_r=1&_t=ZT-93GKpmp8eeD
7597897220439936287,hann.madehome,https://www.tiktok.com/@hann.madehome/video/7597897220439936287
7597542909100985613,jessbaumer,https://www.tiktok.com/@jessbaumer/video/7597542909100985613
7598144306901273886,acthatsme19,https://www.tiktok.com/@acthatsme19/video/7598144306901273886?lang=en
7598192839473777951,kiawhetstine,https://www.tiktok.com/@kiawhetstine/video/7598192839473777951
7598184884959448350,sarah.bryan52,https://www.tiktok.com/@sarah.bryan52/video/7598184884959448350
7598167659192110349,allaboutmicha,https://www.tiktok.com/@allaboutmicha/video/7598167659192110349
7597839832395615502,crazy.blessed.life,https://www.tiktok.com/@crazy.blessed.life/video/7597839832395615502
7596780139300539662,lailaamaniii,https://www.tiktok.com/@lailaamaniii/video/7596780139300539662
7582743816461929758,jazzdeeeeee,https://www.tiktok.com/@jazzdeeeeee/video/7582743816461929758
7598287828119768333,hasbrouckhome,https://www.tiktok.com/@hasbrouckhome/video/7598287828119768333
7600381006742359326,shelbyxdanielle_,https://www.tiktok.com/@shelbyxdanielle_/video/7600381006742359326?lang=en
7600287330846461214,viktested,https://www.tiktok.com/@viktested/video/7600287330846461214?lang=en
7600273051736952094,kimberlykm82,https://www.tiktok.com/@kimberlykm82/video/7600273051736952094?lang=en
7600257987894136095,notoriiousjojo0824,https://www.tiktok.com/@notoriiousjojo0824/video/7600257987894136095?lang=en
7600127049696546079,itsmichellebelll,https://www.tiktok.com/@itsmichellebelll/video/7600127049696546079?lang=en
7600088979572083999,icheckallboxes,https://www.tiktok.com/@icheckallboxes/video/7600088979572083999?lang=en
7600190318570425630,skyebarajas,https://www.tiktok.com/@skyekbarajas/video/7600190318570425630?lang=en
7600182247190269215,heyhannahnoelle,https://www.tiktok.com/@heyhannahnoelle/video/7600182247190269215?lang=en
7600179748219784479,emmylewdecorates,https://www.tiktok.com/@emmylewdecorates/video/7600179748219784479?lang=en
7600429724422114591,itsana.with.one.n,https://www.tiktok.com/@itsana.with.one.n/video/7600429724422114591?lang=en
7598745937413967135,heatherlynnfl,https://www.tiktok.com/@heatherlynnfl/video/7598745937413967135?lang=en
7599004950139571487,ava.gallo,https://www.tiktok.com/@ava.gallo/video/7599004950139571487?lang=en
7600489365814496543,ashley.nicole.russell,https://www.tiktok.com/@ashley.nicole.russell/video/7600489365814496543?lang=en
7595038232161619213,kelley_mom,https://www.tiktok.com/@kelley_mom/video/7595038232161619213?lang=en
7600172614644010271,ava.gallo,https://www.tiktok.com/@ava.gallo/video/7600172614644010271?lang=en
7599019402570272014,groovygilly,https://www.tiktok.com/@groovygilly/video/7599019402570272014?lang=en
7600514201475501326,erinelizrundle,https://www.tiktok.com/@erinelizrundle/video/7600514201475501326?lang=en
7591259862919613726,nykki20,https://www.tiktok.com/@nykki20/video/7591259862919613726?lang=en
7561973280425446668,priyankasingh688,https://www.tiktok.com/@priyankasingh68814/video/7561973280425446668?lang=en
7600658739661671694,itsrafaelgarcia,https://www.tiktok.com/@itsrafaelgarcia/video/7600658739661671694
7600636696971037982,rangel.lizzy,https://www.tiktok.com/@rangel.lizzy/video/7600636696971037982
7598656100648439071,itsjoseemitchell,https://www.tiktok.com/@itsjoseemitchell/video/7598656100648439071
7515049568094932254,carrieithome,https://www.tiktok.com/@carrieithome/video/7515049568094932254
7235814424815111466,grace.at.nite,https://www.tiktok.com/@grace.at.nite/video/7235814424815111466
7600823925789969719,sheelaziari,https://www.tiktok.com/@sheelaziari/video/7600823925789969719?lang=en
7599696027091766559,inspiredbyec,https://www.tiktok.com/@inspiredbyec/video/7599696027091766559?lang=en
7602122379724197151,vibinwithbelinda,https://www.tiktok.com/@vibinwithbelinda/video/7602122379724197151?lang=en
7602096544774458637,iandidesign,https://www.tiktok.com/@iandidesign/video/7602096544774458637
7602059171877489950,_gabbyalonso,https://www.tiktok.com/@_gabbyalonso/video/7602059171877489950
7602037236707642638,girlsongoodwin,https://www.tiktok.com/@girlsongoodwin/video/7602037236707642638
7601889480080903437,jordynaxelrod,https://www.tiktok.com/@jordynaxelrod/video/7601889480080903437
7601922083001503031,itsrafaelgarcia,https://www.tiktok.com/@itsrafaelgarcia/video/7601922083001503031
7601337285958815006,kellymae01,https://www.tiktok.com/@kellymae01/video/7601337285958815006
7601532421170842887,_____olena__,https://www.tiktok.com/@_____olena__/video/7601532421170842887
7601520018173545758,anncollins.king,https://www.tiktok.com/@anncollins.king/video/7601520018173545758
7602315669446675743,_manny_zxo,https://www.tiktok.com/@_manny_zxo/video/7602315669446675743
7602299656445431071,capturedbyjv,https://www.tiktok.com/@capturedbyjv/video/7602299656445431071
7585316717912526135,kimboshrimpslice,https://www.tiktok.com/@kimboshrimpslice/video/7585316717912526135
7600420387003895070,unscensored12,https://www.tiktok.com/@unscensored12/video/7600420387003895070
7601364664248847629,unscensored12,https://www.tiktok.com/@unscensored12/video/7601364664248847629
7600988411691863309,chynamariexo,https://www.tiktok.com/@chynamariexo/video/7600988411691863309
7576318078212967710,layersnlipstick,https://tiktok.com/@layersnlipstick/video/7576318078212967710 
7594644177154034999,lifestyledijess,https://www.tiktok.com/@lifestyledijess/video/7594644177154034999
7602514345381219598,jostatosky,https://www.tiktok.com/@jostatosky/video/7602514345381219598
7602512008654720270,noemi.azu,https://www.tiktok.com/@noemi.azu/video/7602512008654720270
7602458227959270670,brian.keithh,https://www.tiktok.com/@brian.keithh/video/7602458227959270670
7602428178816044319,kiaramilligan1,https://www.tiktok.com/@kiaramilligan1/video/7602428178816044319
7601653092894952734,therapylux,https://www.tiktok.com/@therapylux/video/7601653092894952734
7602741751123660062,capturedbyjv,https://www.tiktok.com/@capturedbyjv/video/7602741751123660062
7602725624200858910,adoreme.chanel,https://www.tiktok.com/@adoreme.chanel/video/7602725624200858910
7601682288358821134,restedandrooted.h,https://www.tiktok.com/@restedandrooted.h/video/7601682288358821134
7603009149340863775,indiraali94,https://www.tiktok.com/@indiraali94/video/7603009149340863775
7602866551020129549,violent.little.thing,https://www.tiktok.com/@violent.little.thing/video/7602866551020129549
7603076719997685006,theleoraisedme,https://www.tiktok.com/@theleoraisedme/video/7603076719997685006
7603085525645413645,toddleringwithatot,https://www.tiktok.com/@toddleringwithatot/video/7603085525645413645
7602994196521241886,chilldesignsbyjess,https://www.tiktok.com/@chilldesignsbyjess/video/7602994196521241886
7601290178916781326,ugc.by.olga,https://www.tiktok.com/@ugc.by.olga/video/7601290178916781326
7601961975932800269,miccornic,https://www.tiktok.com/@miccornic/video/7601961975932800269
7603125192503643406,smoothepiphany,https://www.tiktok.com/@smoothepiphany/video/7603125192503643406
7603209923832335629,yullissaas_,https://www.tiktok.com/@yulissaas_/video/7603209923832335629
7603412334945553694,delaney.shae,https://www.tiktok.com/@delaney.shae/video/7603412334945553694
7604904239206386957,kkasiaizabella,https://www.tiktok.com/@kkasiaizabella/video/7604904239206386957?lang=en
7604690738122624287,keepingupwithtamara,https://www.tiktok.com/@keepingupwithtamaraa/video/7604690738122624287?lang=en
7604618574229015838,jamibukhari,https://www.tiktok.com/@jamibukhari/video/7604618574229015838?lang=en
7604591848581106974,briacalderone,https://www.tiktok.com/@briacalderone/video/7604591848581106974?lang=en
7604934935434005791,chilldesignsbyjess,https://www.tiktok.com/@chilldesignsbyjess/video/7604934935434005791?lang=en
7604947760621686029,effortlessinteriors,https://www.tiktok.com/@effortlessinteriors/video/7604947760621686029?lang=en
7603867042524957982,itsjoseemitchell,https://www.tiktok.com/@itsjoseemitchell/video/7603867042524957982?lang=en
7603743944727465247,malaun_rogers,https://www.tiktok.com/@malaun_rogers/video/7603743944727465247?lang=en
7604166541478808845,briana_penaloza,https://www.tiktok.com/@briana_penaloza/video/7604166541478808845?lang=en
7603036769990249741,lulucakesss,https://www.tiktok.com/@lulucakesss/video/7603036769990249741?lang=en
7604955302424874271,hannrichellee,https://www.tiktok.com/@hannrichellee/video/7604955302424874271?lang=en
7605062770672815374,realisticriss,https://www.tiktok.com/@realisticriss/video/7605062770672815374?lang=en
7605013579791666462,designsbydavidtorres,https://www.tiktok.com/@designsbydavidtorres/video/7605013579791666462?lang=en
7604984809718336781,jameranaquai,https://www.tiktok.com/@jameranaquai/video/7604984809718336781?lang=en
7605292299970497810,heybekahanne,https://www.tiktok.com/@heybekahanne/video/7605292299970497810?lang=en
7605298511994817806,cara.on.the.coast,https://www.tiktok.com/@cara.on.the.coast/video/7605298511994817806?lang=en
7605497488656682254,andonee21,https://www.tiktok.com/@andonee21/video/7605497488656682254
7605078504559987982,emmalinemae,https://www.tiktok.com/@emmalinemae/video/7605078504559987982
7605305472706514207,knzyrae,https://www.tiktok.com/@knzyrae/video/7605305472706514207
7605383295873977614,danaemangold,https://www.tiktok.com/@danaemangold/video/7605383295873977614
7605647300869819661,jaylaferrell,https://www.tiktok.com/@jaylaferrell/video/7605647300869819661
7605641400314596638,malaun_rogers,https://www.tiktok.com/@malaun_rogers/video/7605641400314596638
7604943550580673805,kaylathompson088,https://www.tiktok.com/@kaylathompson088/video/7604943550580673805?lang=en
7602797372610972942,kaylathompson088,https://www.tiktok.com/@kaylathompson088/video/7602797372610972942?lang=en
7604276588703763725,styledbybrimarie,https://www.tiktok.com/@stylebybrimarie/video/7604276588703763725?lang=en
7603519159531523348,presshyygirl,https://www.tiktok.com/@presshyygirl/video/7603519159531523348?lang=en
7606046861547326751,ellemenzel,https://www.tiktok.com/@ellemenzel/video/7606046861547326751
7606039976211418398,mrsmariejay,https://www.tiktok.com/@mrsmariejay/video/7606039976211418398
7605786043626900767,lovedbyalijoy_,https://www.tiktok.com/@lovedbyalijoy_/video/7605786043626900767
7606333092768304415,chilldesignsbyjess,https://www.tiktok.com/@chilldesignsbyjess/video/7606333092768304415
7607300366488587550,coatesallie,https://www.tiktok.com/@coatesallie/video/7607300366488587550?lang=en
7607221828871916831,haileyathompson1,https://www.tiktok.com/@haileyathompson1/video/7607221828871916831?lang=en
7607635282342448398,ourcozycolonialct,https://www.tiktok.com/@ourcozycolonialct/video/7607635282342448398?lang=en
7607934392492723487,studio78_boston,https://www.tiktok.com/@studio78_boston/video/7607934392492723487?lang=en
7607308896914459918,tracybanura,https://www.tiktok.com/@tracybanura/video/7607308896914459918?lang=en
7608038030473006366,ashali123_,https://www.tiktok.com/@ashali123_/video/7608038030473006366?lang=en
7608027867108216078,gabriellerao,https://www.tiktok.com/@gabriellerao/video/7608027867108216078?lang=en
7608014034251697438,alishafloryn,https://www.tiktok.com/@alishafloryn/video/7608014034251697438?lang=en
7608008766881008927,mrsveec1913,https://www.tiktok.com/@mrsveec1913/video/7608008766881008927?lang=en
7607968817590865166,whitneyliz27,https://www.tiktok.com/@whitneyliz27/video/7607968817590865166?lang=en
7608256766027123981,skillinhome,https://www.tiktok.com/@skillinhome/video/7608256766027123981?lang=en
7608241371530530078,kennedybrycechapman,https://www.tiktok.com/@kennedybrycechapman/video/7608241371530530078
7608650247417384206,normanmarlowevans,https://www.tiktok.com/@normanmarlowevans/video/7608650247417384206?lang=en
7608630293116849422,iamcherylhess,https://www.tiktok.com/@iamcherylhess/video/7608630293116849422?lang=en
7608626769796680973,my.bell.house,https://www.tiktok.com/@my.bell.house/video/7608626769796680973?lang=en
7608328177357737229,brittanynewcomer,https://www.tiktok.com/@brittanyanewcomer/video/7608328177357737229?lang=en
7610222593454460191,anncollins.king,https://www.tiktok.com/@anncollins.king/video/7610222593454460191
7610082733502598414,chelseamakesmagic,https://www.tiktok.com/@chelseamakesmagic/video/7610082733502598414
7610480734641425678,arianapagliarulo,https://www.tiktok.com/@arianapagliarulo/video/7610480734641425678
7610821319487245599,ellemenzel,https://www.tiktok.com/@ellemenzel/video/7610821319487245599?lang=en
7597571333924326670,ariellerobyn,https://www.tiktok.com/@ariellerobyn/video/7597571333924326670?lang=en
7610953909229686047,hay_lewis,https://www.tiktok.com/@hay_lewis/video/7610953909229686047?lang=en
7612699019609001247,athomewithdevin,https://www.tiktok.com/@athomewithdevin/video/7612699019609001247
7611928394300706078,kaitmcfar,https://www.tiktok.com/@kaitmcfar/video/7611928394300706078
7612668394713681166,sheelaziari,https://www.tiktok.com/@sheelaziari/video/7612668394713681166
7613478343643548959,carleydurant,https://www.tiktok.com/@carleydurant/video/7613478343643548959?lang=en
7613598163848400158,aneesahlasaan,https://www.tiktok.com/@aneesahlasaan/video/7613598163848400158?lang=en
7613599051845602590,poison_irey__,https://www.tiktok.com/@poison_irey__/video/7613599051845602590?lang=en
7613414257903930655,only1jasmyne,https://www.tiktok.com/@only1jasmyne/video/7613414257903930655?lang=en
7613445624234577182,hoojadaddy,https://www.tiktok.com/@hoojadaddy/video/7613445624234577182?lang=en
7613745386846489886,cbfwrecordz,https://www.tiktok.com/@cbfwrecordz/video/7613745386846489886
7613400435256233246,jenna_taylor,https://www.tiktok.com/@jenna_taylor/video/7613400435256233246
7613605917481028895,kelley_mom,https://www.tiktok.com/@kelley_mom/video/7613605917481028895
7615058237074754829,yulissaas_,https://www.tiktok.com/@yulissaas_/video/7615058237074754829
7615058066219732237,fishingwithchels,https://www.tiktok.com/@fishingwithchels/video/7615058066219732237
7614178202839158047,carrieithome,https://www.tiktok.com/@carrieithome/video/7614178202839158047?lang=en
7615305473058704670,kaitmcfar,https://www.tiktok.com/@kaitmcfar/video/7615305473058704670?lang=en
7610852598031174925,ambaggett,https://www.tiktok.com/@ambaggett/video/7610852598031174925?lang=en
7615708782936558862,mir.griff,https://www.tiktok.com/@mir.griff/video/7615708782936558862?lang=en
7593822275749645599,mrsmariejay,https://www.tiktok.com/@mrsmariejay/video/7593822275749645599?lang=en
7610557946556091661,jacquelinemariebriones,https://www.tiktok.com/@jacquelinemariebriones/video/7610557946556091661?lang=en
7576810603348528415,chelspercopo,https://www.tiktok.com/@chelspercopo/video/7576810603348528415?lang=en
7616339961779916063,destinystylesss,https://www.tiktok.com/@destinystylesss/video/7616339961779916063?lang=en
7616169503814176031,haileyathompson1,https://www.tiktok.com/@haileyathompson1/video/7616169503814176031
7616104882696621342,victoria.s.wilcox,https://www.tiktok.com/@victoria.s.wilcox/video/7616104882696621342
7613823353597562126,skillinhome,https://www.tiktok.com/@skillinhome/video/7613823353597562126?lang=en
7614148749857656078,partywithpeach,https://www.tiktok.com/@partywithpeach/video/7614148749857656078?lang=en
7617858727403736351,itscarolinesacca,https://www.tiktok.com/@itscarolinesacca/video/7617858727403736351?lang=en
7617207680796462350,homewithreign,https://www.tiktok.com/@homewithreign/video/7617207680796462350?lang=en
7618270478221741325,ashtonpeterson,https://www.tiktok.com/@ashtonpeterson/video/7618270478221741325?lang=en
7618213779666406687,destinystylesss,https://www.tiktok.com/@destinystylesss/video/7618213779666406687?lang=en
7618307606997634318,jai..wayyy,https://www.tiktok.com/@jai..wayyy/video/7618307606997634318?lang=en
7618349769785707789,nicolesmook,https://www.tiktok.com/@nicolesmook/video/7618349769785707789?lang=en
7618625271146597645,curatedbyreina_,https://www.tiktok.com/@curatedbyreina_/video/7618625271146597645?lang=en
7442775210123742506,vibingwithdesire,https://www.tiktok.com/@vibingwithdesire/video/7442775210123742506?lang=en
7636048138062548255,nathaly0324,https://www.tiktok.com/@nathaly0324/video/7636048138062548255?lang=en
7636972824472685855,leticialately,https://www.tiktok.com/@leticialately/video/7636972824472685855?lang=en
7664700739347844383,redothezoo,https://www.tiktok.com/@redothezoo/video/7664700739347844383?q=wayfair%20rugs&t=1784658117283
7661032235675553038,skillinhome,https://www.tiktok.com/@skillinhome/video/7661032235675553038?lang=en
7663603618146274590,carrieithome,https://www.tiktok.com/@carrieithome/video/7663603618146274590?lang=en
7662457689443798303,3m.i.ly_,https://www.tiktok.com/@3m.i.ly_c/video/7662457689443798303?lang=en
7664646851731229965,karleyjaeetheredge,https://www.tiktok.com/@karleyjaeetheredge/video/7664646851731229965?lang=en
7662201374184148238,outfitsbyashey,https://www.tiktok.com/@outfitsbyashley/video/7662201374184148238?lang=en
7661987411282513165,curatedbyreina,https://www.tiktok.com/@curatedbyreina_/video/7661987411282513165?lang=en
7662906782762798367,carrieithome,https://www.tiktok.com/@carrieithome/video/7662906782762798367?lang=en
7662797584435662110,3m.i.ly_,https://www.tiktok.com/@3m.i.ly_c/video/7662797584435662110?lang=en
7664680093611986189,kshawneee,https://www.tiktok.com/@kshawnee/video/7664680093611986189?lang=en
7664676289231457549,fromcitytosuburbs,https://www.tiktok.com/@fromcitytosuburbs/video/7664676289231457549?lang=en
7662008197464558861,nicolekess,https://www.tiktok.com/@nicolekess/video/7662008197464558861?lang=en
7661111864197156127,paulabhome,https://www.tiktok.com/@paulabhome/video/7661111864197156127?lang=en
7664674944315510029,skillinhome,https://www.tiktok.com/@skillinhome/video/7664674944315510029?lang=en
7665479573064224031,alishafloryn,https://www.tiktok.com/@alishafloryn/video/7665479573064224031?lang=en
7663194077671869726,.ourcozymodernlife,https://www.tiktok.com/@.ourcozymodernlife/video/7663194077671869726?lang=en
7665414900986023198,3m.i.ly_,https://www.tiktok.com/@3m.i.ly_c/video/7665414900986023198?lang=en
7664981431650766110,jen_dunning,https://www.tiktok.com/@jenn_dunning/video/7664981431650766110?lang=en
7665434549828062478,teci.xo,https://www.tiktok.com/@teci.xo/video/7665434549828062478?lang=en
7665333377121242382,nicolekess,https://www.tiktok.com/@nicolekess/video/7665333377121242382?lang=en
7662042339916991757,partywithpeach,https://www.tiktok.com/@partywithpeach/video/7662042339916991757?lang=en
7662870053968186655,_giannalove,https://www.tiktok.com/@_giannalove/video/7662870053968186655?lang=en
7663480245172882718,withjuan,https://www.tiktok.com/@withjuan/video/7663480245172882718?lang=en
7662487421711355167,emily.e.olson,https://www.tiktok.com/@emily.e.olson/video/7662487421711355167?lang=en
7665764201708784909,taylorhinojosa,https://www.tiktok.com/@taylorkhinojosa/video/7665764201708784909?lang=en
7660955784464960798,3m.i.ly_,https://www.tiktok.com/@3m.i.ly_c/video/7660955784464960798?lang=en
7662016460268621069,fromcitytosuburbs,https://www.tiktok.com/@fromcitytosuburbs/video/7662016460268621069?lang=en
7665796134748638495,oliviaboblet,https://www.tiktok.com/@oliviaboblet/video/7665796134748638495?lang=en
7665756385140870431,amandabhome,https://www.tiktok.com/@amandabhome/video/7665756385140870431?lang=en
7665786531612757262,itspoppyshome,https://www.tiktok.com/@itspoppyshome/video/7665786531612757262
7665904913695689998,homewithfran,https://www.tiktok.com/@francescamosconi4/video/7665904913695689998
7665751268014443807,hiddenhillshome,https://www.tiktok.com/@hiddenhillshome/video/7665751268014443807
7666104553401781534,kelseykooima,https://www.tiktok.com/@kelseykooima/video/7666104553401781534?q=wayfair%20&t=1784908437538
7665733899594534158,rachel_snider,https://www.tiktok.com/@rachel_snider/video/7665733899594534158
7665796633161960717,thesabrinatan,https://www.tiktok.com/@thesabrinatan/video/7665796633161960717?lang=en
7665703058592124174,allabouthome,https://www.tiktok.com/@allabouthome_/video/7665703058592124174?lang=en
7665715660390960415,itsbrittneeaspen,https://www.tiktok.com/@itsbrittneeaspen/video/7665715660390960415?lang=en
7665707205840112910,tuxedofarmhouse,https://www.tiktok.com/@tuxedofarmhouse/video/7665707205840112910?lang=en&q=wayfair%20&t=1784831891417
7666619705540529439,carrieithome ,https://www.tiktok.com/@carrieithome/video/7666619705540529439?lang=en
7538051871622188318,carrieithome,https://www.tiktok.com/@carrieithome/video/7538051871622188318
7542643435505831223,karleyjaeetheredge,https://www.tiktok.com/@karleyjaeetheredge/video/7542643435505831223
7539633863396461855,gracefriedl,https://www.tiktok.com/@graciefriedl/video/7539633863396461855
7548511974632557879,transiitonalmodernhome,https://www.tiktok.com/@transitionalmodernhome/video/7548511974632557879
7556412843806018846,carrieithome,https://www.tiktok.com/@carrieithome/video/7556412843806018846
7554407120356101407,mrs.kritzelis.home,https://www.tiktok.com/@mrs.kritzelis.home/video/7554407120356101407?region=us_ttp
7553813326430522679,justdestinymag,https://www.tiktok.com/@justdestinymag/video/7553813326430522679?q=wayfair%20halloween&t=1759253330052
7554399821113675038,mao.tao,https://www.tiktok.com/@mao.tao/video/7554399821113675038?q=wayfair%20halloween&t=1759253330052
7667759780831710477,itsmakaylin,https://www.tiktok.com/@itsmakaylin/video/7667759780831710477?lang=en
7667942450710809869,itsmakaylin,https://www.tiktok.com/@itsmakaylin/video/7667942450710809869?lang=en
7665721916719664415,ellemenzel,https://www.tiktok.com/@ellemenzel/video/7665721916719664415?lang=en
7667388500215385374,kaylagiglio,https://www.tiktok.com/@kaylagiglio/video/7667388500215385374
7668291760195374349,mycoastalabode,https://www.tiktok.com/@mycoastalabode/video/7668291760195374349?lang=en
7665360261418716430,sheelaziari,https://www.tiktok.com/@sheelaziari/video/7665360261418716430
7665126375325437197,homewitherika_,https://www.tiktok.com/@homewitherika_/video/7665126375325437197?q=wayfair%20fall&t=1784740356534
7665387893933788430,carolinafinnegan,https://www.tiktok.com/@carolinafinnegan/video/7665387893933788430
7665749836301339917,tracybanura,https://www.tiktok.com/@tracybanura/video/7665749836301339917?lang=en&q=wayfair%20&t=1784831891417
7666112691857132813,mbaswell,https://www.tiktok.com/@mbaswell/video/7666112691857132813
7667265115367951630,christeetwinmom,https://www.tiktok.com/@christeetwinmom/video/7667265115367951630?lang=en
7412633219473919274,simplysoutherncottage,https://www.tiktok.com/@simplysoutherncottage/video/7412633219473919274?lang=en
7667319969092209933,brycefiles,https://www.tiktok.com/@brycefiles/video/7667319969092209933?q=wayfair&t=1785261086208
7667575358312500494,alyssachang,https://www.tiktok.com/@alyssachang/video/7667575358312500494
7667997190119345438,aahhbianca,https://www.tiktok.com/@aahhbianca/video/7667997190119345438?lang=en
7668116841587379470,marcialachae,https://www.tiktok.com/@marcialachae/video/7668116841587379470?lang=en
7668881498128338206,athomewithash,https://www.tiktok.com/@athomewithash/video/7668881498128338206?lang=en
7668459423517510925,skillinhome,https://www.tiktok.com/@skillinhome/video/7668459423517510925?lang=en
7668823043912797470,redothezoo,https://www.tiktok.com/@redothezoo/video/7668823043912797470?lang=en
7668549026274413855,3m.i.ly_c,https://www.tiktok.com/@3m.i.ly_c/video/7668549026274413855?lang=en
7668110718343892237,nicolesmook,https://www.tiktok.com/@nicolesmook/video/7668110718343892237?lang=en
7669157088798477598,acthatsme19,https://www.tiktok.com/@acthatsme19/video/7669157088798477598?lang=en
7669115376852061470,paulabhome,https://www.tiktok.com/@paulabhome/video/7669115376852061470?lang=en
7667644784487435534,karleyjaeetheredge,https://www.tiktok.com/@karleyjaeetheredge/video/7667644784487435534?lang=en
7656957644279663886,jcastillo35,https://www.tiktok.com/@jcastillo35/video/7656957644279663886?lang=en&q=wayfair%20fall&t=1785165582272
7552598427364773150,graciefriedl,https://www.tiktok.com/@graciefriedl/video/7552598427364773150?lang=en&q=wayfair%20fall&t=1785165582272
7667821134284393742,val.abama,https://www.tiktok.com/@val.abama/video/7667821134284393742?lang=en
7549808872135986463,3m.i.ly_c,https://www.tiktok.com/@3m.i.ly_c/video/7549808872135986463?q=wayfair%20ghosts%20decor&t=1785335381013
7669796620397071647,melissacozyhome,https://www.tiktok.com/@melissacozyhome/video/7669796620397071647
7669566511132036383,gms30616,https://www.tiktok.com/@gms30616/video/7669566511132036383?lang=en
7669520205067980063,kateshontz,https://www.tiktok.com/@kateshontz/video/7669520205067980063?lang=en
7649756472808721694,oliviaraeugc,https://www.tiktok.com/@oliviaraeugc/video/7649756472808721694?lang=en
7652854565187980558,kaylie_rady,https://www.tiktok.com/@kaylie_rady/video/7652854565187980558?lang=en
7653546455059270926,the_jay_cash,https://www.tiktok.com/@the_jay_cash/video/7653546455059270926?lang=en
7654214962356751629,itsmakaylin,https://www.tiktok.com/@itsmakaylin/video/7654214962356751629?lang=en
7654292189664627999,_hannahlandau,https://www.tiktok.com/@_hannahlandau/video/7654292189664627999?lang=en
7654389366394998029,vlada_la,https://www.tiktok.com/@vlada_la/video/7654389366394998029?lang=en
7654759643394198815,indiasshockey,https://www.tiktok.com/@indiasshockey/video/7654759643394198815?lang=en
7655023954008034573,westonagain,https://www.tiktok.com/@westonagain/video/7655023954008034573?lang=en
7655053628289371423,styleandsenses,https://www.tiktok.com/@styleandsenses/video/7655053628289371423?lang=en
7655756428208114975,morganswagner5,https://www.tiktok.com/@morganswagner5/video/7655756428208114975?lang=en
7657355575004597535,marissatapiz,https://www.tiktok.com/@marissatapiz/video/7657355575004597535?lang=en
7659418563081456910,byariannamarie,https://www.tiktok.com/@byariannamarie/video/7659418563081456910?lang=en
7668336285819473183,authorlindseyhart,https://www.tiktok.com/@authorlindseyahart/video/7668336285819473183?_r=1&_t=ZP-98T3w2PiWuV
7668027596491328781,karleyjaeetheredge,https://www.tiktok.com/@karleyjaeetheredge/video/7668027596491328781?lang=en
7669958951919734030,poison_irey_ ,https://www.tiktok.com/@poison_irey__/video/7669958951919734030
7670328540528725261,curatedbyreina_,https://www.tiktok.com/@curatedbyreina_/video/7670328540528725261?lang=en
7671375993621269773,wayfair,https://www.tiktok.com/@wayfair/video/7671375993621269773?lang=en
7654353981229092126,homekollections,https://www.tiktok.com/@homekollections/video/7654353981229092126
7668428512532991245,mir.griff,https://www.tiktok.com/@mir.griff/video/7668428512532991245
7670189148459830558,malaun_rogers,https://www.tiktok.com/@malaun_rogers/video/7670189148459830558?q=wayfair%20finds&t=1785873325921
7670579309169446158,mbaswell,https://www.tiktok.com/@mbaswell/video/7670579309169446158
